source_name,waypoint_type,pos_x,pos_y,pos_z,action_label

# --- darashia|west.exit~boat: (20 waypoints) ---
darashia|west.exit~boat:,node,33194,32431,7,
darashia|west.exit~boat:,node,33196,32437,7,
darashia|west.exit~boat:,node,33196,32444,7,
darashia|west.exit~boat:,node,33202,32448,7,
darashia|west.exit~boat:,node,33208,32453,7,
darashia|west.exit~boat:,node,33210,32460,7,
darashia|west.exit~boat:,node,33219,32460,7,
darashia|west.exit~boat:,node,33228,32460,7,
darashia|west.exit~boat:,node,33237,32460,7,
darashia|west.exit~boat:,node,33246,32460,7,
darashia|west.exit~boat:,node,33255,32460,7,
darashia|west.exit~boat:,node,33264,32460,7,
darashia|west.exit~boat:,node,33267,32466,7,
darashia|west.exit~boat:,node,33273,32469,7,
darashia|west.exit~boat:,node,33281,32469,7,
darashia|west.exit~boat:,node,33288,32469,7,
darashia|west.exit~boat:,node,33293,32473,7,
darashia|west.exit~boat:,ladder,33293,32473,7,
darashia|west.exit~boat:,node,33289,32481,6,
darashia|west.exit~boat:,stand,33289,32481,6,

# --- darashia|north.exit~boat: (19 waypoints) ---
darashia|north.exit~boat:,node,33244,32386,7,
darashia|north.exit~boat:,node,33245,32394,7,
darashia|north.exit~boat:,node,33246,32402,7,
darashia|north.exit~boat:,node,33247,32410,7,
darashia|north.exit~boat:,node,33250,32414,7,
darashia|north.exit~boat:,node,33253,32418,7,
darashia|north.exit~boat:,node,33254,32425,7,
darashia|north.exit~boat:,node,33255,32432,7,
darashia|north.exit~boat:,node,33260,32437,7,
darashia|north.exit~boat:,node,33262,32445,7,
darashia|north.exit~boat:,node,33264,32453,7,
darashia|north.exit~boat:,node,33266,32462,7,
darashia|north.exit~boat:,node,33271,32468,7,
darashia|north.exit~boat:,node,33280,32469,7,
darashia|north.exit~boat:,node,33288,32470,7,
darashia|north.exit~boat:,node,33293,32473,7,
darashia|north.exit~boat:,ladder,33293,32473,7,
darashia|north.exit~boat:,node,33290,32481,6,
darashia|north.exit~boat:,stand,33290,32481,6,

# --- darashia|boat~boat: (5 waypoints) ---
darashia|boat~boat:,node,33293,32473,7,
darashia|boat~boat:,ladder,33293,32473,7,
darashia|boat~boat:,node,33289,32476,6,
darashia|boat~boat:,node,33289,32481,6,
darashia|boat~boat:,stand,33289,32481,6,

# --- darashia|carpet~boat: (10 waypoints) ---
darashia|carpet~boat:,stand,33265,32441,6,
darashia|carpet~boat:,node,33265,32451,7,
darashia|carpet~boat:,node,33266,32462,7,
darashia|carpet~boat:,node,33274,32469,7,
darashia|carpet~boat:,node,33287,32470,7,
darashia|carpet~boat:,node,33293,32473,7,
darashia|carpet~boat:,ladder,33293,32473,7,
darashia|carpet~boat:,node,33289,32476,6,
darashia|carpet~boat:,node,33289,32481,6,
darashia|carpet~boat:,stand,33289,32481,6,

# --- darashia|depot~boat: (18 waypoints) ---
darashia|depot~boat:,node,33213,32454,7,
darashia|depot~boat:,stand,33213,32455,7,
darashia|depot~boat:,node,33214,32456,8,
darashia|depot~boat:,stand,33214,32455,8,
darashia|depot~boat:,node,33217,32449,7,
darashia|depot~boat:,node,33219,32457,7,
darashia|depot~boat:,node,33229,32458,7,
darashia|depot~boat:,node,33240,32458,7,
darashia|depot~boat:,node,33251,32458,7,
darashia|depot~boat:,node,33262,32458,7,
darashia|depot~boat:,node,33267,32464,7,
darashia|depot~boat:,node,33273,32469,7,
darashia|depot~boat:,node,33284,32469,7,
darashia|depot~boat:,node,33293,32473,7,
darashia|depot~boat:,ladder,33293,32473,7,
darashia|depot~boat:,node,33289,32476,6,
darashia|depot~boat:,node,33289,32481,6,
darashia|depot~boat:,stand,33289,32481,6,

# --- darashia|temple~boat: (20 waypoints) ---
darashia|temple~boat:,stand,33216,32451,1,
darashia|temple~boat:,stand,33212,32452,2,
darashia|temple~boat:,stand,33215,32453,3,
darashia|temple~boat:,stand,33212,32453,4,
darashia|temple~boat:,stand,33215,32453,5,
darashia|temple~boat:,stand,33212,32453,6,
darashia|temple~boat:,node,33217,32449,7,
darashia|temple~boat:,node,33219,32457,7,
darashia|temple~boat:,node,33229,32458,7,
darashia|temple~boat:,node,33240,32458,7,
darashia|temple~boat:,node,33251,32458,7,
darashia|temple~boat:,node,33262,32458,7,
darashia|temple~boat:,node,33267,32464,7,
darashia|temple~boat:,node,33273,32469,7,
darashia|temple~boat:,node,33284,32469,7,
darashia|temple~boat:,node,33293,32473,7,
darashia|temple~boat:,ladder,33293,32473,7,
darashia|temple~boat:,node,33289,32476,6,
darashia|temple~boat:,node,33289,32481,6,
darashia|temple~boat:,stand,33289,32481,6,

# --- darashia|loot.azil~boat: (15 waypoints) ---
darashia|loot.azil~boat:,node,33231,32435,7,
darashia|loot.azil~boat:,node,33240,32436,7,
darashia|loot.azil~boat:,node,33240,32444,7,
darashia|loot.azil~boat:,node,33240,32451,7,
darashia|loot.azil~boat:,node,33247,32458,7,
darashia|loot.azil~boat:,node,33257,32458,7,
darashia|loot.azil~boat:,node,33265,32460,7,
darashia|loot.azil~boat:,node,33267,32467,7,
darashia|loot.azil~boat:,node,33276,32469,7,
darashia|loot.azil~boat:,node,33286,32469,7,
darashia|loot.azil~boat:,node,33293,32473,7,
darashia|loot.azil~boat:,ladder,33293,32473,7,
darashia|loot.azil~boat:,node,33289,32476,6,
darashia|loot.azil~boat:,node,33289,32481,6,
darashia|loot.azil~boat:,stand,33289,32481,6,

# --- darashia|loot.habdel~boat: (15 waypoints) ---
darashia|loot.habdel~boat:,node,33231,32435,7,
darashia|loot.habdel~boat:,node,33240,32436,7,
darashia|loot.habdel~boat:,node,33240,32444,7,
darashia|loot.habdel~boat:,node,33240,32451,7,
darashia|loot.habdel~boat:,node,33247,32458,7,
darashia|loot.habdel~boat:,node,33257,32458,7,
darashia|loot.habdel~boat:,node,33265,32460,7,
darashia|loot.habdel~boat:,node,33267,32467,7,
darashia|loot.habdel~boat:,node,33276,32469,7,
darashia|loot.habdel~boat:,node,33286,32469,7,
darashia|loot.habdel~boat:,node,33293,32473,7,
darashia|loot.habdel~boat:,ladder,33293,32473,7,
darashia|loot.habdel~boat:,node,33289,32476,6,
darashia|loot.habdel~boat:,node,33289,32481,6,
darashia|loot.habdel~boat:,stand,33289,32481,6,

# --- darashia|ammo~boat: (15 waypoints) ---
darashia|ammo~boat:,node,33231,32435,7,
darashia|ammo~boat:,node,33240,32436,7,
darashia|ammo~boat:,node,33240,32444,7,
darashia|ammo~boat:,node,33240,32451,7,
darashia|ammo~boat:,node,33247,32458,7,
darashia|ammo~boat:,node,33257,32458,7,
darashia|ammo~boat:,node,33265,32460,7,
darashia|ammo~boat:,node,33267,32467,7,
darashia|ammo~boat:,node,33276,32469,7,
darashia|ammo~boat:,node,33286,32469,7,
darashia|ammo~boat:,node,33293,32473,7,
darashia|ammo~boat:,ladder,33293,32473,7,
darashia|ammo~boat:,node,33289,32476,6,
darashia|ammo~boat:,node,33289,32481,6,
darashia|ammo~boat:,stand,33289,32481,6,

# --- darashia|trainers~boat: (1 waypoints) ---
darashia|trainers~boat:,node,33239,32402,7,

# --- darashia|bank~boat: (27 waypoints) ---
darashia|bank~boat:,node,33217,32388,7,
darashia|bank~boat:,node,33217,32393,7,
darashia|bank~boat:,node,33217,32400,7,
darashia|bank~boat:,node,33217,32407,7,
darashia|bank~boat:,node,33217,32414,7,
darashia|bank~boat:,node,33224,32414,7,
darashia|bank~boat:,node,33231,32415,7,
darashia|bank~boat:,node,33233,32419,7,
darashia|bank~boat:,node,33233,32425,7,
darashia|bank~boat:,node,33233,32430,7,
darashia|bank~boat:,node,33234,32435,7,
darashia|bank~boat:,node,33241,32436,7,
darashia|bank~boat:,node,33248,32436,7,
darashia|bank~boat:,node,33255,32436,7,
darashia|bank~boat:,node,33261,32438,7,
darashia|bank~boat:,node,33262,32445,7,
darashia|bank~boat:,node,33263,32451,7,
darashia|bank~boat:,node,33264,32458,7,
darashia|bank~boat:,node,33266,32465,7,
darashia|bank~boat:,node,33272,32469,7,
darashia|bank~boat:,node,33279,32469,7,
darashia|bank~boat:,node,33287,32470,7,
darashia|bank~boat:,node,33293,32473,7,
darashia|bank~boat:,ladder,33293,32473,7,
darashia|bank~boat:,node,33290,32475,6,
darashia|bank~boat:,node,33289,32481,6,
darashia|bank~boat:,stand,33289,32481,6,

# --- darashia|runes~boat: (24 waypoints) ---
darashia|runes~boat:,node,33217,32407,7,
darashia|runes~boat:,node,33217,32414,7,
darashia|runes~boat:,node,33224,32414,7,
darashia|runes~boat:,node,33231,32415,7,
darashia|runes~boat:,node,33233,32419,7,
darashia|runes~boat:,node,33233,32425,7,
darashia|runes~boat:,node,33233,32430,7,
darashia|runes~boat:,node,33234,32435,7,
darashia|runes~boat:,node,33241,32436,7,
darashia|runes~boat:,node,33248,32436,7,
darashia|runes~boat:,node,33255,32436,7,
darashia|runes~boat:,node,33261,32438,7,
darashia|runes~boat:,node,33262,32445,7,
darashia|runes~boat:,node,33263,32451,7,
darashia|runes~boat:,node,33264,32458,7,
darashia|runes~boat:,node,33266,32465,7,
darashia|runes~boat:,node,33272,32469,7,
darashia|runes~boat:,node,33279,32469,7,
darashia|runes~boat:,node,33287,32470,7,
darashia|runes~boat:,node,33293,32473,7,
darashia|runes~boat:,ladder,33293,32473,7,
darashia|runes~boat:,node,33290,32475,6,
darashia|runes~boat:,node,33289,32481,6,
darashia|runes~boat:,stand,33289,32481,6,

# --- darashia|potions~boat: (24 waypoints) ---
darashia|potions~boat:,node,33217,32407,7,
darashia|potions~boat:,node,33217,32414,7,
darashia|potions~boat:,node,33224,32414,7,
darashia|potions~boat:,node,33231,32415,7,
darashia|potions~boat:,node,33233,32419,7,
darashia|potions~boat:,node,33233,32425,7,
darashia|potions~boat:,node,33233,32430,7,
darashia|potions~boat:,node,33234,32435,7,
darashia|potions~boat:,node,33241,32436,7,
darashia|potions~boat:,node,33248,32436,7,
darashia|potions~boat:,node,33255,32436,7,
darashia|potions~boat:,node,33261,32438,7,
darashia|potions~boat:,node,33262,32445,7,
darashia|potions~boat:,node,33263,32451,7,
darashia|potions~boat:,node,33264,32458,7,
darashia|potions~boat:,node,33266,32465,7,
darashia|potions~boat:,node,33272,32469,7,
darashia|potions~boat:,node,33279,32469,7,
darashia|potions~boat:,node,33287,32470,7,
darashia|potions~boat:,node,33293,32473,7,
darashia|potions~boat:,ladder,33293,32473,7,
darashia|potions~boat:,node,33290,32475,6,
darashia|potions~boat:,node,33289,32481,6,
darashia|potions~boat:,stand,33289,32481,6,

# --- darashia|west.exit~depot: (9 waypoints) ---
darashia|west.exit~depot:,node,33194,32431,7,
darashia|west.exit~depot:,node,33196,32437,7,
darashia|west.exit~depot:,node,33196,32444,7,
darashia|west.exit~depot:,node,33202,32448,7,
darashia|west.exit~depot:,node,33210,32448,7,
darashia|west.exit~depot:,node,33214,32454,7,
darashia|west.exit~depot:,stand,33214,32455,7,
darashia|west.exit~depot:,node,33214,32460,8,
darashia|west.exit~depot:,stand,33214,32460,8,

# --- depot|darashia|1: (1 waypoints) ---
depot|darashia|1:,node,33214,32461,8,

# --- darashia|north.exit~depot: (15 waypoints) ---
darashia|north.exit~depot:,node,33234,32384,7,
darashia|north.exit~depot:,node,33226,32386,7,
darashia|north.exit~depot:,node,33217,32387,7,
darashia|north.exit~depot:,node,33217,32395,7,
darashia|north.exit~depot:,node,33217,32403,7,
darashia|north.exit~depot:,node,33217,32411,7,
darashia|north.exit~depot:,node,33217,32419,7,
darashia|north.exit~depot:,node,33219,32427,7,
darashia|north.exit~depot:,node,33219,32435,7,
darashia|north.exit~depot:,node,33218,32442,7,
darashia|north.exit~depot:,node,33215,32448,7,
darashia|north.exit~depot:,node,33214,32454,7,
darashia|north.exit~depot:,stand,33214,32455,7,
darashia|north.exit~depot:,node,33214,32461,8,
darashia|north.exit~depot:,stand,33214,32461,8,

# --- darashia|depot~depot: (4 waypoints) ---
darashia|depot~depot:,node,33213,32454,7,
darashia|depot~depot:,stand,33213,32455,7,
darashia|depot~depot:,node,33214,32461,8,
darashia|depot~depot:,stand,33214,32461,8,

# --- darashia|temple~depot: (10 waypoints) ---
darashia|temple~depot:,node,33215,32451,1,
darashia|temple~depot:,stand,33216,32451,1,
darashia|temple~depot:,stand,33212,32452,2,
darashia|temple~depot:,stand,33215,32453,3,
darashia|temple~depot:,stand,33212,32453,4,
darashia|temple~depot:,stand,33215,32453,5,
darashia|temple~depot:,stand,33212,32453,6,
darashia|temple~depot:,stand,33213,32455,7,
darashia|temple~depot:,node,33214,32461,8,
darashia|temple~depot:,stand,33214,32461,8,

# --- darashia|loot.azil~depot: (7 waypoints) ---
darashia|loot.azil~depot:,node,33219,32436,7,
darashia|loot.azil~depot:,node,33217,32442,7,
darashia|loot.azil~depot:,node,33215,32448,7,
darashia|loot.azil~depot:,node,33214,32454,7,
darashia|loot.azil~depot:,stand,33214,32455,7,
darashia|loot.azil~depot:,node,33214,32461,8,
darashia|loot.azil~depot:,stand,33214,32461,8,

# --- darashia|loot.habdel~depot: (7 waypoints) ---
darashia|loot.habdel~depot:,node,33219,32436,7,
darashia|loot.habdel~depot:,node,33217,32442,7,
darashia|loot.habdel~depot:,node,33215,32448,7,
darashia|loot.habdel~depot:,node,33214,32454,7,
darashia|loot.habdel~depot:,stand,33214,32455,7,
darashia|loot.habdel~depot:,node,33214,32461,8,
darashia|loot.habdel~depot:,stand,33214,32461,8,

# --- darashia|bank~depot: (14 waypoints) ---
darashia|bank~depot:,node,33217,32388,7,
darashia|bank~depot:,node,33217,32395,7,
darashia|bank~depot:,node,33217,32402,7,
darashia|bank~depot:,node,33217,32409,7,
darashia|bank~depot:,node,33217,32416,7,
darashia|bank~depot:,node,33216,32423,7,
darashia|bank~depot:,node,33216,32429,7,
darashia|bank~depot:,node,33216,32435,7,
darashia|bank~depot:,node,33217,32442,7,
darashia|bank~depot:,node,33215,32448,7,
darashia|bank~depot:,node,33214,32454,7,
darashia|bank~depot:,stand,33214,32455,7,
darashia|bank~depot:,node,33214,32461,8,
darashia|bank~depot:,stand,33214,32461,8,

# --- darashia|runes~depot: (11 waypoints) ---
darashia|runes~depot:,node,33217,32409,7,
darashia|runes~depot:,node,33217,32416,7,
darashia|runes~depot:,node,33216,32423,7,
darashia|runes~depot:,node,33216,32429,7,
darashia|runes~depot:,node,33216,32435,7,
darashia|runes~depot:,node,33217,32442,7,
darashia|runes~depot:,node,33215,32448,7,
darashia|runes~depot:,node,33214,32454,7,
darashia|runes~depot:,stand,33214,32455,7,
darashia|runes~depot:,node,33214,32461,8,
darashia|runes~depot:,stand,33214,32461,8,

# --- darashia|potions~depot: (11 waypoints) ---
darashia|potions~depot:,node,33217,32409,7,
darashia|potions~depot:,node,33217,32416,7,
darashia|potions~depot:,node,33216,32423,7,
darashia|potions~depot:,node,33216,32429,7,
darashia|potions~depot:,node,33216,32435,7,
darashia|potions~depot:,node,33217,32442,7,
darashia|potions~depot:,node,33215,32448,7,
darashia|potions~depot:,node,33214,32454,7,
darashia|potions~depot:,stand,33214,32455,7,
darashia|potions~depot:,node,33214,32461,8,
darashia|potions~depot:,stand,33214,32461,8,

# --- darashia|carpet~depot: (14 waypoints) ---
darashia|carpet~depot:,node,33266,32441,6,
darashia|carpet~depot:,stand,33265,32441,6,
darashia|carpet~depot:,node,33261,32438,7,
darashia|carpet~depot:,node,33253,32438,7,
darashia|carpet~depot:,node,33245,32438,7,
darashia|carpet~depot:,node,33237,32438,7,
darashia|carpet~depot:,node,33229,32438,7,
darashia|carpet~depot:,node,33221,32438,7,
darashia|carpet~depot:,node,33217,32442,7,
darashia|carpet~depot:,node,33215,32448,7,
darashia|carpet~depot:,node,33214,32454,7,
darashia|carpet~depot:,stand,33214,32455,7,
darashia|carpet~depot:,node,33214,32461,8,
darashia|carpet~depot:,stand,33214,32461,8,

# --- darashia|boat~depot: (20 waypoints) ---
darashia|boat~depot:,node,33290,32477,6,
darashia|boat~depot:,node,33292,32473,6,
darashia|boat~depot:,stand,33293,32473,6,
darashia|boat~depot:,node,33288,32470,7,
darashia|boat~depot:,node,33283,32469,7,
darashia|boat~depot:,node,33276,32469,7,
darashia|boat~depot:,node,33269,32469,7,
darashia|boat~depot:,node,33266,32466,7,
darashia|boat~depot:,node,33264,32460,7,
darashia|boat~depot:,node,33258,32458,7,
darashia|boat~depot:,node,33251,32458,7,
darashia|boat~depot:,node,33244,32458,7,
darashia|boat~depot:,node,33237,32458,7,
darashia|boat~depot:,node,33230,32458,7,
darashia|boat~depot:,node,33223,32458,7,
darashia|boat~depot:,node,33219,32455,7,
darashia|boat~depot:,node,33214,32454,7,
darashia|boat~depot:,stand,33214,32455,7,
darashia|boat~depot:,node,33214,32461,8,
darashia|boat~depot:,stand,33214,32461,8,

# --- darashia|ammo~depot: (8 waypoints) ---
darashia|ammo~depot:,node,33225,32431,7,
darashia|ammo~depot:,node,33219,32436,7,
darashia|ammo~depot:,node,33217,32442,7,
darashia|ammo~depot:,node,33215,32448,7,
darashia|ammo~depot:,node,33214,32454,7,
darashia|ammo~depot:,stand,33214,32455,7,
darashia|ammo~depot:,node,33214,32461,8,
darashia|ammo~depot:,stand,33214,32461,8,

# --- darashia|trainers~depot: (1 waypoints) ---
darashia|trainers~depot:,node,33239,32402,7,

# --- darashia|west.exit~bank: (9 waypoints) ---
darashia|west.exit~bank:,node,33197,32425,7,
darashia|west.exit~bank:,node,33205,32425,7,
darashia|west.exit~bank:,node,33213,32425,7,
darashia|west.exit~bank:,node,33215,32418,7,
darashia|west.exit~bank:,node,33216,32410,7,
darashia|west.exit~bank:,node,33217,32402,7,
darashia|west.exit~bank:,node,33217,32394,7,
darashia|west.exit~bank:,node,33221,32387,7,
darashia|west.exit~bank:,stand,33221,32387,7,

# --- darashia|north.exit~bank: (4 waypoints) ---
darashia|north.exit~bank:,node,33234,32384,7,
darashia|north.exit~bank:,node,33226,32386,7,
darashia|north.exit~bank:,node,33221,32387,7,
darashia|north.exit~bank:,stand,33221,32387,7,

# --- darashia|bank~bank: (2 waypoints) ---
darashia|bank~bank:,node,33221,32387,7,
darashia|bank~bank:,stand,33221,32387,7,

# --- darashia|boat~bank: (25 waypoints) ---
darashia|boat~bank:,node,33289,32478,6,
darashia|boat~bank:,node,33292,32473,6,
darashia|boat~bank:,stand,33293,32473,6,
darashia|boat~bank:,node,33289,32470,7,
darashia|boat~bank:,node,33282,32469,7,
darashia|boat~bank:,node,33274,32469,7,
darashia|boat~bank:,node,33267,32467,7,
darashia|boat~bank:,node,33265,32461,7,
darashia|boat~bank:,node,33263,32455,7,
darashia|boat~bank:,node,33262,32448,7,
darashia|boat~bank:,node,33262,32440,7,
darashia|boat~bank:,node,33257,32437,7,
darashia|boat~bank:,node,33250,32436,7,
darashia|boat~bank:,node,33243,32436,7,
darashia|boat~bank:,node,33236,32436,7,
darashia|boat~bank:,node,33229,32433,7,
darashia|boat~bank:,node,33222,32430,7,
darashia|boat~bank:,node,33217,32426,7,
darashia|boat~bank:,node,33215,32419,7,
darashia|boat~bank:,node,33215,32412,7,
darashia|boat~bank:,node,33215,32405,7,
darashia|boat~bank:,node,33215,32398,7,
darashia|boat~bank:,node,33216,32391,7,
darashia|boat~bank:,node,33221,32387,7,
darashia|boat~bank:,stand,33221,32387,7,

# --- darashia|carpet~bank: (17 waypoints) ---
darashia|carpet~bank:,node,33266,32441,6,
darashia|carpet~bank:,stand,33265,32441,6,
darashia|carpet~bank:,node,33262,32440,7,
darashia|carpet~bank:,node,33257,32437,7,
darashia|carpet~bank:,node,33250,32436,7,
darashia|carpet~bank:,node,33243,32436,7,
darashia|carpet~bank:,node,33236,32436,7,
darashia|carpet~bank:,node,33229,32433,7,
darashia|carpet~bank:,node,33222,32430,7,
darashia|carpet~bank:,node,33217,32426,7,
darashia|carpet~bank:,node,33215,32419,7,
darashia|carpet~bank:,node,33215,32412,7,
darashia|carpet~bank:,node,33215,32405,7,
darashia|carpet~bank:,node,33215,32398,7,
darashia|carpet~bank:,node,33216,32391,7,
darashia|carpet~bank:,node,33221,32387,7,
darashia|carpet~bank:,stand,33221,32387,7,

# --- darashia|depot~bank: (15 waypoints) ---
darashia|depot~bank:,node,33213,32454,7,
darashia|depot~bank:,stand,33213,32455,7,
darashia|depot~bank:,node,33214,32456,8,
darashia|depot~bank:,stand,33214,32455,8,
darashia|depot~bank:,node,33216,32449,7,
darashia|depot~bank:,node,33218,32443,7,
darashia|depot~bank:,node,33219,32435,7,
darashia|depot~bank:,node,33217,32426,7,
darashia|depot~bank:,node,33215,32419,7,
darashia|depot~bank:,node,33215,32412,7,
darashia|depot~bank:,node,33215,32405,7,
darashia|depot~bank:,node,33215,32398,7,
darashia|depot~bank:,node,33216,32391,7,
darashia|depot~bank:,node,33221,32387,7,
darashia|depot~bank:,stand,33221,32387,7,

# --- darashia|temple~bank: (18 waypoints) ---
darashia|temple~bank:,node,33215,32451,1,
darashia|temple~bank:,stand,33216,32451,1,
darashia|temple~bank:,stand,33212,32452,2,
darashia|temple~bank:,stand,33215,32453,3,
darashia|temple~bank:,stand,33212,32453,4,
darashia|temple~bank:,stand,33215,32453,5,
darashia|temple~bank:,stand,33212,32453,6,
darashia|temple~bank:,node,33216,32449,7,
darashia|temple~bank:,node,33218,32443,7,
darashia|temple~bank:,node,33219,32435,7,
darashia|temple~bank:,node,33217,32426,7,
darashia|temple~bank:,node,33215,32419,7,
darashia|temple~bank:,node,33215,32412,7,
darashia|temple~bank:,node,33215,32405,7,
darashia|temple~bank:,node,33215,32398,7,
darashia|temple~bank:,node,33216,32391,7,
darashia|temple~bank:,node,33221,32387,7,
darashia|temple~bank:,stand,33221,32387,7,

# --- darashia|loot.azil~bank: (9 waypoints) ---
darashia|loot.azil~bank:,node,33222,32430,7,
darashia|loot.azil~bank:,node,33217,32426,7,
darashia|loot.azil~bank:,node,33215,32419,7,
darashia|loot.azil~bank:,node,33215,32412,7,
darashia|loot.azil~bank:,node,33215,32405,7,
darashia|loot.azil~bank:,node,33215,32398,7,
darashia|loot.azil~bank:,node,33216,32391,7,
darashia|loot.azil~bank:,node,33221,32387,7,
darashia|loot.azil~bank:,stand,33221,32387,7,

# --- darashia|loot.habdel~bank: (9 waypoints) ---
darashia|loot.habdel~bank:,node,33222,32430,7,
darashia|loot.habdel~bank:,node,33217,32426,7,
darashia|loot.habdel~bank:,node,33215,32419,7,
darashia|loot.habdel~bank:,node,33215,32412,7,
darashia|loot.habdel~bank:,node,33215,32405,7,
darashia|loot.habdel~bank:,node,33215,32398,7,
darashia|loot.habdel~bank:,node,33216,32391,7,
darashia|loot.habdel~bank:,node,33221,32387,7,
darashia|loot.habdel~bank:,stand,33221,32387,7,

# --- darashia|ammo~bank: (9 waypoints) ---
darashia|ammo~bank:,node,33222,32430,7,
darashia|ammo~bank:,node,33217,32426,7,
darashia|ammo~bank:,node,33215,32419,7,
darashia|ammo~bank:,node,33215,32412,7,
darashia|ammo~bank:,node,33215,32405,7,
darashia|ammo~bank:,node,33215,32398,7,
darashia|ammo~bank:,node,33216,32391,7,
darashia|ammo~bank:,node,33221,32387,7,
darashia|ammo~bank:,stand,33221,32387,7,

# --- darashia|trainers~bank: (1 waypoints) ---
darashia|trainers~bank:,node,33239,32402,7,

# --- darashia|west.exit~carpet: (13 waypoints) ---
darashia|west.exit~carpet:,node,33197,32425,7,
darashia|west.exit~carpet:,node,33205,32425,7,
darashia|west.exit~carpet:,node,33213,32425,7,
darashia|west.exit~carpet:,node,33220,32428,7,
darashia|west.exit~carpet:,node,33227,32431,7,
darashia|west.exit~carpet:,node,33233,32436,7,
darashia|west.exit~carpet:,node,33242,32436,7,
darashia|west.exit~carpet:,node,33251,32436,7,
darashia|west.exit~carpet:,node,33259,32437,7,
darashia|west.exit~carpet:,node,33264,32441,7,
darashia|west.exit~carpet:,stand,33265,32441,7,
darashia|west.exit~carpet:,node,33268,32441,6,
darashia|west.exit~carpet:,stand,33268,32441,6,

# --- darashia|north.exit~carpet: (13 waypoints) ---
darashia|north.exit~carpet:,node,33244,32386,7,
darashia|north.exit~carpet:,node,33245,32394,7,
darashia|north.exit~carpet:,node,33246,32402,7,
darashia|north.exit~carpet:,node,33247,32410,7,
darashia|north.exit~carpet:,node,33250,32414,7,
darashia|north.exit~carpet:,node,33253,32418,7,
darashia|north.exit~carpet:,node,33254,32425,7,
darashia|north.exit~carpet:,node,33255,32432,7,
darashia|north.exit~carpet:,node,33260,32437,7,
darashia|north.exit~carpet:,node,33264,32441,7,
darashia|north.exit~carpet:,stand,33265,32441,7,
darashia|north.exit~carpet:,node,33269,32441,6,
darashia|north.exit~carpet:,stand,33269,32441,6,

# --- darashia|carpet~carpet: (4 waypoints) ---
darashia|carpet~carpet:,node,33265,32442,7,
darashia|carpet~carpet:,stand,33265,32441,7,
darashia|carpet~carpet:,node,33269,32441,6,
darashia|carpet~carpet:,stand,33269,32441,6,

# --- darashia|boat~carpet: (14 waypoints) ---
darashia|boat~carpet:,node,33289,32475,6,
darashia|boat~carpet:,node,33292,32473,6,
darashia|boat~carpet:,stand,33293,32473,6,
darashia|boat~carpet:,node,33288,32470,7,
darashia|boat~carpet:,node,33281,32469,7,
darashia|boat~carpet:,node,33274,32468,7,
darashia|boat~carpet:,node,33268,32466,7,
darashia|boat~carpet:,node,33266,32460,7,
darashia|boat~carpet:,node,33265,32454,7,
darashia|boat~carpet:,node,33265,32447,7,
darashia|boat~carpet:,node,33265,32442,7,
darashia|boat~carpet:,stand,33265,32441,7,
darashia|boat~carpet:,node,33269,32441,6,
darashia|boat~carpet:,stand,33269,32441,6,

# --- darashia|temple~carpet: (18 waypoints) ---
darashia|temple~carpet:,node,33215,32451,1,
darashia|temple~carpet:,stand,33216,32451,1,
darashia|temple~carpet:,stand,33212,32452,2,
darashia|temple~carpet:,stand,33215,32453,3,
darashia|temple~carpet:,stand,33212,32453,4,
darashia|temple~carpet:,stand,33215,32453,5,
darashia|temple~carpet:,stand,33212,32453,6,
darashia|temple~carpet:,node,33217,32448,7,
darashia|temple~carpet:,node,33219,32441,7,
darashia|temple~carpet:,node,33226,32438,7,
darashia|temple~carpet:,node,33234,32438,7,
darashia|temple~carpet:,node,33242,32438,7,
darashia|temple~carpet:,node,33250,32438,7,
darashia|temple~carpet:,node,33258,32438,7,
darashia|temple~carpet:,node,33264,32441,7,
darashia|temple~carpet:,stand,33265,32441,7,
darashia|temple~carpet:,node,33269,32441,6,
darashia|temple~carpet:,stand,33269,32441,6,

# --- darashia|depot~carpet: (15 waypoints) ---
darashia|depot~carpet:,node,33213,32454,7,
darashia|depot~carpet:,stand,33213,32455,7,
darashia|depot~carpet:,node,33214,32456,8,
darashia|depot~carpet:,stand,33214,32455,8,
darashia|depot~carpet:,node,33217,32448,7,
darashia|depot~carpet:,node,33219,32441,7,
darashia|depot~carpet:,node,33226,32438,7,
darashia|depot~carpet:,node,33234,32438,7,
darashia|depot~carpet:,node,33242,32438,7,
darashia|depot~carpet:,node,33250,32438,7,
darashia|depot~carpet:,node,33258,32438,7,
darashia|depot~carpet:,node,33264,32441,7,
darashia|depot~carpet:,stand,33265,32441,7,
darashia|depot~carpet:,node,33269,32441,6,
darashia|depot~carpet:,stand,33269,32441,6,

# --- darashia|loot.azil~carpet: (9 waypoints) ---
darashia|loot.azil~carpet:,node,33226,32437,7,
darashia|loot.azil~carpet:,node,33234,32438,7,
darashia|loot.azil~carpet:,node,33242,32438,7,
darashia|loot.azil~carpet:,node,33250,32438,7,
darashia|loot.azil~carpet:,node,33258,32438,7,
darashia|loot.azil~carpet:,node,33264,32441,7,
darashia|loot.azil~carpet:,stand,33265,32441,7,
darashia|loot.azil~carpet:,node,33269,32441,6,
darashia|loot.azil~carpet:,stand,33269,32441,6,

# --- darashia|loot.habdel~carpet: (9 waypoints) ---
darashia|loot.habdel~carpet:,node,33226,32437,7,
darashia|loot.habdel~carpet:,node,33234,32438,7,
darashia|loot.habdel~carpet:,node,33242,32438,7,
darashia|loot.habdel~carpet:,node,33250,32438,7,
darashia|loot.habdel~carpet:,node,33258,32438,7,
darashia|loot.habdel~carpet:,node,33264,32441,7,
darashia|loot.habdel~carpet:,stand,33265,32441,7,
darashia|loot.habdel~carpet:,node,33269,32441,6,
darashia|loot.habdel~carpet:,stand,33269,32441,6,

# --- darashia|ammo~carpet: (9 waypoints) ---
darashia|ammo~carpet:,node,33230,32433,7,
darashia|ammo~carpet:,node,33234,32438,7,
darashia|ammo~carpet:,node,33242,32438,7,
darashia|ammo~carpet:,node,33250,32438,7,
darashia|ammo~carpet:,node,33258,32438,7,
darashia|ammo~carpet:,node,33264,32441,7,
darashia|ammo~carpet:,stand,33265,32441,7,
darashia|ammo~carpet:,node,33269,32441,6,
darashia|ammo~carpet:,stand,33269,32441,6,

# --- darashia|runes~carpet: (14 waypoints) ---
darashia|runes~carpet:,node,33217,32407,7,
darashia|runes~carpet:,node,33217,32413,7,
darashia|runes~carpet:,node,33219,32420,7,
darashia|runes~carpet:,node,33220,32426,7,
darashia|runes~carpet:,node,33225,32430,7,
darashia|runes~carpet:,node,33230,32433,7,
darashia|runes~carpet:,node,33234,32438,7,
darashia|runes~carpet:,node,33242,32438,7,
darashia|runes~carpet:,node,33250,32438,7,
darashia|runes~carpet:,node,33258,32438,7,
darashia|runes~carpet:,node,33264,32441,7,
darashia|runes~carpet:,stand,33265,32441,7,
darashia|runes~carpet:,node,33269,32441,6,
darashia|runes~carpet:,stand,33269,32441,6,

# --- darashia|potions~carpet: (14 waypoints) ---
darashia|potions~carpet:,node,33217,32407,7,
darashia|potions~carpet:,node,33217,32413,7,
darashia|potions~carpet:,node,33219,32420,7,
darashia|potions~carpet:,node,33220,32426,7,
darashia|potions~carpet:,node,33225,32430,7,
darashia|potions~carpet:,node,33230,32433,7,
darashia|potions~carpet:,node,33234,32438,7,
darashia|potions~carpet:,node,33242,32438,7,
darashia|potions~carpet:,node,33250,32438,7,
darashia|potions~carpet:,node,33258,32438,7,
darashia|potions~carpet:,node,33264,32441,7,
darashia|potions~carpet:,stand,33265,32441,7,
darashia|potions~carpet:,node,33269,32441,6,
darashia|potions~carpet:,stand,33269,32441,6,

# --- darashia|bank~carpet: (17 waypoints) ---
darashia|bank~carpet:,node,33217,32389,7,
darashia|bank~carpet:,node,33217,32395,7,
darashia|bank~carpet:,node,33217,32401,7,
darashia|bank~carpet:,node,33217,32407,7,
darashia|bank~carpet:,node,33217,32413,7,
darashia|bank~carpet:,node,33219,32420,7,
darashia|bank~carpet:,node,33220,32426,7,
darashia|bank~carpet:,node,33225,32430,7,
darashia|bank~carpet:,node,33230,32433,7,
darashia|bank~carpet:,node,33234,32438,7,
darashia|bank~carpet:,node,33242,32438,7,
darashia|bank~carpet:,node,33250,32438,7,
darashia|bank~carpet:,node,33258,32438,7,
darashia|bank~carpet:,node,33264,32441,7,
darashia|bank~carpet:,stand,33265,32441,7,
darashia|bank~carpet:,node,33269,32441,6,
darashia|bank~carpet:,stand,33269,32441,6,

# --- darashia|trainers~carpet: (1 waypoints) ---
darashia|trainers~carpet:,node,33239,32402,7,

# --- darashia|west.exit~potions: (7 waypoints) ---
darashia|west.exit~potions:,node,33197,32425,7,
darashia|west.exit~potions:,node,33205,32425,7,
darashia|west.exit~potions:,node,33213,32425,7,
darashia|west.exit~potions:,node,33215,32418,7,
darashia|west.exit~potions:,node,33216,32410,7,
darashia|west.exit~potions:,node,33217,32402,7,
darashia|west.exit~potions:,stand,33217,32402,7,

# --- darashia|north.exit~potions: (6 waypoints) ---
darashia|north.exit~potions:,node,33234,32384,7,
darashia|north.exit~potions:,node,33226,32386,7,
darashia|north.exit~potions:,node,33217,32387,7,
darashia|north.exit~potions:,node,33217,32395,7,
darashia|north.exit~potions:,node,33217,32403,7,
darashia|north.exit~potions:,stand,33217,32403,7,

# --- darashia|potions~potions: (2 waypoints) ---
darashia|potions~potions:,node,33217,32403,7,
darashia|potions~potions:,stand,33217,32403,7,

# --- darashia|runes~potions: (1 waypoints) ---
darashia|runes~potions:,stand,33217,32403,7,

# --- darashia|boat~potions: (23 waypoints) ---
darashia|boat~potions:,node,33289,32477,6,
darashia|boat~potions:,node,33292,32473,6,
darashia|boat~potions:,stand,33293,32473,6,
darashia|boat~potions:,node,33289,32470,7,
darashia|boat~potions:,node,33284,32469,7,
darashia|boat~potions:,node,33276,32469,7,
darashia|boat~potions:,node,33269,32468,7,
darashia|boat~potions:,node,33266,32464,7,
darashia|boat~potions:,node,33264,32457,7,
darashia|boat~potions:,node,33262,32450,7,
darashia|boat~potions:,node,33262,32443,7,
darashia|boat~potions:,node,33259,32437,7,
darashia|boat~potions:,node,33252,32437,7,
darashia|boat~potions:,node,33245,32437,7,
darashia|boat~potions:,node,33238,32437,7,
darashia|boat~potions:,node,33232,32435,7,
darashia|boat~potions:,node,33227,32431,7,
darashia|boat~potions:,node,33222,32428,7,
darashia|boat~potions:,node,33219,32422,7,
darashia|boat~potions:,node,33217,32417,7,
darashia|boat~potions:,node,33217,32410,7,
darashia|boat~potions:,node,33217,32403,7,
darashia|boat~potions:,stand,33217,32403,7,

# --- darashia|carpet~potions: (14 waypoints) ---
darashia|carpet~potions:,node,33266,32441,6,
darashia|carpet~potions:,stand,33265,32441,6,
darashia|carpet~potions:,node,33259,32437,7,
darashia|carpet~potions:,node,33252,32437,7,
darashia|carpet~potions:,node,33245,32437,7,
darashia|carpet~potions:,node,33238,32437,7,
darashia|carpet~potions:,node,33232,32435,7,
darashia|carpet~potions:,node,33227,32431,7,
darashia|carpet~potions:,node,33222,32428,7,
darashia|carpet~potions:,node,33219,32422,7,
darashia|carpet~potions:,node,33217,32417,7,
darashia|carpet~potions:,node,33217,32410,7,
darashia|carpet~potions:,node,33217,32403,7,
darashia|carpet~potions:,stand,33217,32403,7,

# --- darashia|depot~potions: (13 waypoints) ---
darashia|depot~potions:,node,33213,32454,7,
darashia|depot~potions:,stand,33213,32455,7,
darashia|depot~potions:,node,33214,32456,8,
darashia|depot~potions:,stand,33214,32455,8,
darashia|depot~potions:,node,33215,32449,7,
darashia|depot~potions:,node,33217,32443,7,
darashia|depot~potions:,node,33219,32437,7,
darashia|depot~potions:,node,33219,32430,7,
darashia|depot~potions:,node,33219,32422,7,
darashia|depot~potions:,node,33217,32417,7,
darashia|depot~potions:,node,33217,32410,7,
darashia|depot~potions:,node,33217,32403,7,
darashia|depot~potions:,stand,33217,32403,7,

# --- darashia|temple~potions: (16 waypoints) ---
darashia|temple~potions:,node,33215,32451,1,
darashia|temple~potions:,stand,33216,32451,1,
darashia|temple~potions:,stand,33212,32452,2,
darashia|temple~potions:,stand,33215,32453,3,
darashia|temple~potions:,stand,33212,32453,4,
darashia|temple~potions:,stand,33215,32453,5,
darashia|temple~potions:,stand,33212,32453,6,
darashia|temple~potions:,node,33215,32449,7,
darashia|temple~potions:,node,33217,32443,7,
darashia|temple~potions:,node,33219,32437,7,
darashia|temple~potions:,node,33219,32430,7,
darashia|temple~potions:,node,33219,32422,7,
darashia|temple~potions:,node,33217,32417,7,
darashia|temple~potions:,node,33217,32410,7,
darashia|temple~potions:,node,33217,32403,7,
darashia|temple~potions:,stand,33217,32403,7,

# --- darashia|bank~potions: (5 waypoints) ---
darashia|bank~potions:,node,33217,32387,7,
darashia|bank~potions:,node,33217,32392,7,
darashia|bank~potions:,node,33217,32397,7,
darashia|bank~potions:,node,33217,32403,7,
darashia|bank~potions:,stand,33217,32403,7,

# --- darashia|loot.azil~potions: (6 waypoints) ---
darashia|loot.azil~potions:,node,33220,32428,7,
darashia|loot.azil~potions:,node,33219,32422,7,
darashia|loot.azil~potions:,node,33217,32417,7,
darashia|loot.azil~potions:,node,33217,32410,7,
darashia|loot.azil~potions:,node,33217,32403,7,
darashia|loot.azil~potions:,stand,33217,32403,7,

# --- darashia|loot.habdel~potions: (6 waypoints) ---
darashia|loot.habdel~potions:,node,33220,32428,7,
darashia|loot.habdel~potions:,node,33219,32422,7,
darashia|loot.habdel~potions:,node,33217,32417,7,
darashia|loot.habdel~potions:,node,33217,32410,7,
darashia|loot.habdel~potions:,node,33217,32403,7,
darashia|loot.habdel~potions:,stand,33217,32403,7,

# --- darashia|ammo~potions: (6 waypoints) ---
darashia|ammo~potions:,node,33228,32426,7,
darashia|ammo~potions:,node,33226,32420,7,
darashia|ammo~potions:,node,33222,32415,7,
darashia|ammo~potions:,node,33217,32410,7,
darashia|ammo~potions:,node,33217,32403,7,
darashia|ammo~potions:,stand,33217,32403,7,

# --- darashia|trainers~potions: (1 waypoints) ---
darashia|trainers~potions:,node,33239,32402,7,

# --- darashia|west.exit~runes: (7 waypoints) ---
darashia|west.exit~runes:,node,33197,32425,7,
darashia|west.exit~runes:,node,33205,32425,7,
darashia|west.exit~runes:,node,33213,32425,7,
darashia|west.exit~runes:,node,33215,32418,7,
darashia|west.exit~runes:,node,33216,32410,7,
darashia|west.exit~runes:,node,33217,32402,7,
darashia|west.exit~runes:,stand,33217,32402,7,

# --- darashia|north.exit~runes: (6 waypoints) ---
darashia|north.exit~runes:,node,33234,32384,7,
darashia|north.exit~runes:,node,33226,32386,7,
darashia|north.exit~runes:,node,33217,32387,7,
darashia|north.exit~runes:,node,33217,32395,7,
darashia|north.exit~runes:,node,33217,32403,7,
darashia|north.exit~runes:,stand,33217,32403,7,

# --- darashia|potions~runes: (2 waypoints) ---
darashia|potions~runes:,node,33217,32403,7,
darashia|potions~runes:,stand,33217,32403,7,

# --- darashia|runes~runes: (1 waypoints) ---
darashia|runes~runes:,stand,33217,32403,7,

# --- darashia|boat~runes: (23 waypoints) ---
darashia|boat~runes:,node,33289,32477,6,
darashia|boat~runes:,node,33292,32473,6,
darashia|boat~runes:,stand,33293,32473,6,
darashia|boat~runes:,node,33289,32470,7,
darashia|boat~runes:,node,33284,32469,7,
darashia|boat~runes:,node,33276,32469,7,
darashia|boat~runes:,node,33269,32468,7,
darashia|boat~runes:,node,33266,32464,7,
darashia|boat~runes:,node,33264,32457,7,
darashia|boat~runes:,node,33262,32450,7,
darashia|boat~runes:,node,33262,32443,7,
darashia|boat~runes:,node,33259,32437,7,
darashia|boat~runes:,node,33252,32437,7,
darashia|boat~runes:,node,33245,32437,7,
darashia|boat~runes:,node,33238,32437,7,
darashia|boat~runes:,node,33232,32435,7,
darashia|boat~runes:,node,33227,32431,7,
darashia|boat~runes:,node,33222,32428,7,
darashia|boat~runes:,node,33219,32422,7,
darashia|boat~runes:,node,33217,32417,7,
darashia|boat~runes:,node,33217,32410,7,
darashia|boat~runes:,node,33217,32403,7,
darashia|boat~runes:,stand,33217,32403,7,

# --- darashia|carpet~runes: (14 waypoints) ---
darashia|carpet~runes:,node,33266,32441,6,
darashia|carpet~runes:,stand,33265,32441,6,
darashia|carpet~runes:,node,33259,32437,7,
darashia|carpet~runes:,node,33252,32437,7,
darashia|carpet~runes:,node,33245,32437,7,
darashia|carpet~runes:,node,33238,32437,7,
darashia|carpet~runes:,node,33232,32435,7,
darashia|carpet~runes:,node,33227,32431,7,
darashia|carpet~runes:,node,33222,32428,7,
darashia|carpet~runes:,node,33219,32422,7,
darashia|carpet~runes:,node,33217,32417,7,
darashia|carpet~runes:,node,33217,32410,7,
darashia|carpet~runes:,node,33217,32403,7,
darashia|carpet~runes:,stand,33217,32403,7,

# --- darashia|depot~runes: (13 waypoints) ---
darashia|depot~runes:,node,33213,32454,7,
darashia|depot~runes:,stand,33213,32455,7,
darashia|depot~runes:,node,33214,32456,8,
darashia|depot~runes:,stand,33214,32455,8,
darashia|depot~runes:,node,33215,32449,7,
darashia|depot~runes:,node,33217,32443,7,
darashia|depot~runes:,node,33219,32437,7,
darashia|depot~runes:,node,33219,32430,7,
darashia|depot~runes:,node,33219,32422,7,
darashia|depot~runes:,node,33217,32417,7,
darashia|depot~runes:,node,33217,32410,7,
darashia|depot~runes:,node,33217,32403,7,
darashia|depot~runes:,stand,33217,32403,7,

# --- darashia|temple~runes: (16 waypoints) ---
darashia|temple~runes:,node,33215,32451,1,
darashia|temple~runes:,stand,33216,32451,1,
darashia|temple~runes:,stand,33212,32452,2,
darashia|temple~runes:,stand,33215,32453,3,
darashia|temple~runes:,stand,33212,32453,4,
darashia|temple~runes:,stand,33215,32453,5,
darashia|temple~runes:,stand,33212,32453,6,
darashia|temple~runes:,node,33215,32449,7,
darashia|temple~runes:,node,33217,32443,7,
darashia|temple~runes:,node,33219,32437,7,
darashia|temple~runes:,node,33219,32430,7,
darashia|temple~runes:,node,33219,32422,7,
darashia|temple~runes:,node,33217,32417,7,
darashia|temple~runes:,node,33217,32410,7,
darashia|temple~runes:,node,33217,32403,7,
darashia|temple~runes:,stand,33217,32403,7,

# --- darashia|bank~runes: (5 waypoints) ---
darashia|bank~runes:,node,33217,32387,7,
darashia|bank~runes:,node,33217,32392,7,
darashia|bank~runes:,node,33217,32397,7,
darashia|bank~runes:,node,33217,32403,7,
darashia|bank~runes:,stand,33217,32403,7,

# --- darashia|loot.azil~runes: (6 waypoints) ---
darashia|loot.azil~runes:,node,33220,32428,7,
darashia|loot.azil~runes:,node,33219,32422,7,
darashia|loot.azil~runes:,node,33217,32417,7,
darashia|loot.azil~runes:,node,33217,32410,7,
darashia|loot.azil~runes:,node,33217,32403,7,
darashia|loot.azil~runes:,stand,33217,32403,7,

# --- darashia|loot.habdel~runes: (6 waypoints) ---
darashia|loot.habdel~runes:,node,33220,32428,7,
darashia|loot.habdel~runes:,node,33219,32422,7,
darashia|loot.habdel~runes:,node,33217,32417,7,
darashia|loot.habdel~runes:,node,33217,32410,7,
darashia|loot.habdel~runes:,node,33217,32403,7,
darashia|loot.habdel~runes:,stand,33217,32403,7,

# --- darashia|ammo~runes: (6 waypoints) ---
darashia|ammo~runes:,node,33228,32426,7,
darashia|ammo~runes:,node,33226,32420,7,
darashia|ammo~runes:,node,33222,32415,7,
darashia|ammo~runes:,node,33217,32410,7,
darashia|ammo~runes:,node,33217,32403,7,
darashia|ammo~runes:,stand,33217,32403,7,

# --- darashia|trainers~runes: (1 waypoints) ---
darashia|trainers~runes:,node,33239,32402,7,

# --- darashia|west.exit~temple: (14 waypoints) ---
darashia|west.exit~temple:,node,33194,32431,7,
darashia|west.exit~temple:,node,33196,32437,7,
darashia|west.exit~temple:,node,33196,32444,7,
darashia|west.exit~temple:,node,33202,32448,7,
darashia|west.exit~temple:,node,33210,32448,7,
darashia|west.exit~temple:,node,33213,32453,7,
darashia|west.exit~temple:,stand,33212,32453,7,
darashia|west.exit~temple:,stand,33215,32453,6,
darashia|west.exit~temple:,stand,33212,32453,5,
darashia|west.exit~temple:,stand,33215,32453,4,
darashia|west.exit~temple:,stand,33212,32452,3,
darashia|west.exit~temple:,stand,33216,32451,2,
darashia|west.exit~temple:,node,33214,32453,1,
darashia|west.exit~temple:,stand,33214,32453,1,

# --- darashia|north.exit~temple: (20 waypoints) ---
darashia|north.exit~temple:,node,33234,32384,7,
darashia|north.exit~temple:,node,33226,32386,7,
darashia|north.exit~temple:,node,33217,32387,7,
darashia|north.exit~temple:,node,33217,32395,7,
darashia|north.exit~temple:,node,33217,32403,7,
darashia|north.exit~temple:,node,33217,32411,7,
darashia|north.exit~temple:,node,33217,32419,7,
darashia|north.exit~temple:,node,33219,32427,7,
darashia|north.exit~temple:,node,33219,32435,7,
darashia|north.exit~temple:,node,33218,32442,7,
darashia|north.exit~temple:,node,33215,32448,7,
darashia|north.exit~temple:,node,33213,32452,7,
darashia|north.exit~temple:,stand,33212,32453,7,
darashia|north.exit~temple:,stand,33215,32453,6,
darashia|north.exit~temple:,stand,33212,32453,5,
darashia|north.exit~temple:,stand,33215,32453,4,
darashia|north.exit~temple:,stand,33212,32452,3,
darashia|north.exit~temple:,stand,33216,32451,2,
darashia|north.exit~temple:,node,33213,32454,1,
darashia|north.exit~temple:,stand,33213,32454,1,

# --- darashia|temple~temple: (8 waypoints) ---
darashia|temple~temple:,node,33213,32452,7,
darashia|temple~temple:,stand,33212,32453,7,
darashia|temple~temple:,stand,33215,32453,6,
darashia|temple~temple:,stand,33212,32453,5,
darashia|temple~temple:,stand,33215,32453,4,
darashia|temple~temple:,stand,33212,32452,3,
darashia|temple~temple:,stand,33216,32451,2,
darashia|temple~temple:,stand,33213,32453,1,

# --- darashia|depot~temple: (11 waypoints) ---
darashia|depot~temple:,node,33213,32454,7,
darashia|depot~temple:,stand,33213,32455,7,
darashia|depot~temple:,node,33214,32456,8,
darashia|depot~temple:,stand,33214,32455,8,
darashia|depot~temple:,stand,33212,32453,7,
darashia|depot~temple:,stand,33215,32453,6,
darashia|depot~temple:,stand,33212,32453,5,
darashia|depot~temple:,stand,33215,32453,4,
darashia|depot~temple:,stand,33212,32452,3,
darashia|depot~temple:,stand,33216,32451,2,
darashia|depot~temple:,stand,33213,32453,1,

# --- darashia|boat~temple: (24 waypoints) ---
darashia|boat~temple:,node,33289,32476,6,
darashia|boat~temple:,node,33292,32473,6,
darashia|boat~temple:,stand,33293,32473,6,
darashia|boat~temple:,node,33287,32470,7,
darashia|boat~temple:,node,33281,32469,7,
darashia|boat~temple:,node,33274,32469,7,
darashia|boat~temple:,node,33269,32467,7,
darashia|boat~temple:,node,33265,32462,7,
darashia|boat~temple:,node,33261,32458,7,
darashia|boat~temple:,node,33254,32458,7,
darashia|boat~temple:,node,33247,32458,7,
darashia|boat~temple:,node,33240,32458,7,
darashia|boat~temple:,node,33233,32458,7,
darashia|boat~temple:,node,33226,32458,7,
darashia|boat~temple:,node,33220,32457,7,
darashia|boat~temple:,node,33218,32450,7,
darashia|boat~temple:,node,33213,32452,7,
darashia|boat~temple:,stand,33212,32453,7,
darashia|boat~temple:,stand,33215,32453,6,
darashia|boat~temple:,stand,33212,32453,5,
darashia|boat~temple:,stand,33215,32453,4,
darashia|boat~temple:,stand,33212,32452,3,
darashia|boat~temple:,stand,33216,32451,2,
darashia|boat~temple:,stand,33213,32453,1,

# --- darashia|carpet~temple: (18 waypoints) ---
darashia|carpet~temple:,node,33266,32441,6,
darashia|carpet~temple:,stand,33265,32441,6,
darashia|carpet~temple:,node,33261,32437,7,
darashia|carpet~temple:,node,33253,32437,7,
darashia|carpet~temple:,node,33245,32437,7,
darashia|carpet~temple:,node,33236,32437,7,
darashia|carpet~temple:,node,33227,32437,7,
darashia|carpet~temple:,node,33220,32439,7,
darashia|carpet~temple:,node,33218,32444,7,
darashia|carpet~temple:,node,33216,32448,7,
darashia|carpet~temple:,node,33213,32452,7,
darashia|carpet~temple:,stand,33212,32453,7,
darashia|carpet~temple:,stand,33215,32453,6,
darashia|carpet~temple:,stand,33212,32453,5,
darashia|carpet~temple:,stand,33215,32453,4,
darashia|carpet~temple:,stand,33212,32452,3,
darashia|carpet~temple:,stand,33216,32451,2,
darashia|carpet~temple:,stand,33213,32453,1,

# --- darashia|ammo~temple: (13 waypoints) ---
darashia|ammo~temple:,node,33225,32431,7,
darashia|ammo~temple:,node,33221,32434,7,
darashia|ammo~temple:,node,33220,32439,7,
darashia|ammo~temple:,node,33218,32444,7,
darashia|ammo~temple:,node,33216,32448,7,
darashia|ammo~temple:,node,33213,32452,7,
darashia|ammo~temple:,stand,33212,32453,7,
darashia|ammo~temple:,stand,33215,32453,6,
darashia|ammo~temple:,stand,33212,32453,5,
darashia|ammo~temple:,stand,33215,32453,4,
darashia|ammo~temple:,stand,33212,32452,3,
darashia|ammo~temple:,stand,33216,32451,2,
darashia|ammo~temple:,stand,33213,32453,1,

# --- darashia|loot.azil~temple: (12 waypoints) ---
darashia|loot.azil~temple:,node,33220,32436,7,
darashia|loot.azil~temple:,node,33220,32439,7,
darashia|loot.azil~temple:,node,33218,32444,7,
darashia|loot.azil~temple:,node,33216,32448,7,
darashia|loot.azil~temple:,node,33213,32452,7,
darashia|loot.azil~temple:,stand,33212,32453,7,
darashia|loot.azil~temple:,stand,33215,32453,6,
darashia|loot.azil~temple:,stand,33212,32453,5,
darashia|loot.azil~temple:,stand,33215,32453,4,
darashia|loot.azil~temple:,stand,33212,32452,3,
darashia|loot.azil~temple:,stand,33216,32451,2,
darashia|loot.azil~temple:,stand,33213,32453,1,

# --- darashia|loot.habdel~temple: (12 waypoints) ---
darashia|loot.habdel~temple:,node,33220,32436,7,
darashia|loot.habdel~temple:,node,33220,32439,7,
darashia|loot.habdel~temple:,node,33218,32444,7,
darashia|loot.habdel~temple:,node,33216,32448,7,
darashia|loot.habdel~temple:,node,33213,32452,7,
darashia|loot.habdel~temple:,stand,33212,32453,7,
darashia|loot.habdel~temple:,stand,33215,32453,6,
darashia|loot.habdel~temple:,stand,33212,32453,5,
darashia|loot.habdel~temple:,stand,33215,32453,4,
darashia|loot.habdel~temple:,stand,33212,32452,3,
darashia|loot.habdel~temple:,stand,33216,32451,2,
darashia|loot.habdel~temple:,stand,33213,32453,1,

# --- darashia|runes~temple: (16 waypoints) ---
darashia|runes~temple:,node,33217,32406,7,
darashia|runes~temple:,node,33217,32412,7,
darashia|runes~temple:,node,33217,32418,7,
darashia|runes~temple:,node,33219,32422,7,
darashia|runes~temple:,node,33219,32428,7,
darashia|runes~temple:,node,33219,32436,7,
darashia|runes~temple:,node,33218,32444,7,
darashia|runes~temple:,node,33216,32448,7,
darashia|runes~temple:,node,33213,32452,7,
darashia|runes~temple:,stand,33212,32453,7,
darashia|runes~temple:,stand,33215,32453,6,
darashia|runes~temple:,stand,33212,32453,5,
darashia|runes~temple:,stand,33215,32453,4,
darashia|runes~temple:,stand,33212,32452,3,
darashia|runes~temple:,stand,33216,32451,2,
darashia|runes~temple:,stand,33213,32453,1,

# --- darashia|potions~temple: (16 waypoints) ---
darashia|potions~temple:,node,33217,32406,7,
darashia|potions~temple:,node,33217,32412,7,
darashia|potions~temple:,node,33217,32418,7,
darashia|potions~temple:,node,33219,32422,7,
darashia|potions~temple:,node,33219,32428,7,
darashia|potions~temple:,node,33219,32436,7,
darashia|potions~temple:,node,33218,32444,7,
darashia|potions~temple:,node,33216,32448,7,
darashia|potions~temple:,node,33213,32452,7,
darashia|potions~temple:,stand,33212,32453,7,
darashia|potions~temple:,stand,33215,32453,6,
darashia|potions~temple:,stand,33212,32453,5,
darashia|potions~temple:,stand,33215,32453,4,
darashia|potions~temple:,stand,33212,32452,3,
darashia|potions~temple:,stand,33216,32451,2,
darashia|potions~temple:,stand,33213,32453,1,

# --- darashia|bank~temple: (19 waypoints) ---
darashia|bank~temple:,node,33217,32387,7,
darashia|bank~temple:,node,33217,32393,7,
darashia|bank~temple:,node,33217,32399,7,
darashia|bank~temple:,node,33217,32406,7,
darashia|bank~temple:,node,33217,32412,7,
darashia|bank~temple:,node,33217,32418,7,
darashia|bank~temple:,node,33219,32422,7,
darashia|bank~temple:,node,33219,32428,7,
darashia|bank~temple:,node,33219,32436,7,
darashia|bank~temple:,node,33218,32444,7,
darashia|bank~temple:,node,33216,32448,7,
darashia|bank~temple:,node,33213,32452,7,
darashia|bank~temple:,stand,33212,32453,7,
darashia|bank~temple:,stand,33215,32453,6,
darashia|bank~temple:,stand,33212,32453,5,
darashia|bank~temple:,stand,33215,32453,4,
darashia|bank~temple:,stand,33212,32452,3,
darashia|bank~temple:,stand,33216,32451,2,
darashia|bank~temple:,stand,33213,32453,1,

# --- darashia|trainers~temple: (1 waypoints) ---
darashia|trainers~temple:,node,33239,32402,7,

# --- darashia|west.exit~ammo: (6 waypoints) ---
darashia|west.exit~ammo:,node,33197,32425,7,
darashia|west.exit~ammo:,node,33205,32425,7,
darashia|west.exit~ammo:,node,33213,32425,7,
darashia|west.exit~ammo:,node,33220,32428,7,
darashia|west.exit~ammo:,node,33230,32430,7,
darashia|west.exit~ammo:,stand,33230,32430,7,

# --- darashia|north.exit~ammo: (9 waypoints) ---
darashia|north.exit~ammo:,node,33244,32386,7,
darashia|north.exit~ammo:,node,33244,32394,7,
darashia|north.exit~ammo:,node,33244,32402,7,
darashia|north.exit~ammo:,node,33244,32410,7,
darashia|north.exit~ammo:,node,33240,32414,7,
darashia|north.exit~ammo:,node,33234,32417,7,
darashia|north.exit~ammo:,node,33233,32423,7,
darashia|north.exit~ammo:,node,33230,32429,7,
darashia|north.exit~ammo:,stand,33230,32429,7,

# --- darashia|temple~ammo: (13 waypoints) ---
darashia|temple~ammo:,node,33215,32451,1,
darashia|temple~ammo:,stand,33216,32451,1,
darashia|temple~ammo:,stand,33212,32452,2,
darashia|temple~ammo:,stand,33215,32453,3,
darashia|temple~ammo:,stand,33212,32453,4,
darashia|temple~ammo:,stand,33215,32453,5,
darashia|temple~ammo:,stand,33212,32453,6,
darashia|temple~ammo:,node,33216,32449,7,
darashia|temple~ammo:,node,33218,32443,7,
darashia|temple~ammo:,node,33220,32437,7,
darashia|temple~ammo:,node,33224,32431,7,
darashia|temple~ammo:,node,33230,32430,7,
darashia|temple~ammo:,stand,33230,32430,7,

# --- darashia|depot~ammo: (10 waypoints) ---
darashia|depot~ammo:,node,33213,32454,7,
darashia|depot~ammo:,stand,33213,32455,7,
darashia|depot~ammo:,node,33214,32456,8,
darashia|depot~ammo:,stand,33214,32455,8,
darashia|depot~ammo:,node,33216,32449,7,
darashia|depot~ammo:,node,33218,32443,7,
darashia|depot~ammo:,node,33220,32437,7,
darashia|depot~ammo:,node,33224,32431,7,
darashia|depot~ammo:,node,33230,32430,7,
darashia|depot~ammo:,stand,33230,32430,7,

# --- darashia|boat~ammo: (16 waypoints) ---
darashia|boat~ammo:,node,33292,32473,6,
darashia|boat~ammo:,stand,33293,32473,6,
darashia|boat~ammo:,node,33289,32470,7,
darashia|boat~ammo:,node,33282,32469,7,
darashia|boat~ammo:,node,33275,32469,7,
darashia|boat~ammo:,node,33269,32467,7,
darashia|boat~ammo:,node,33265,32462,7,
darashia|boat~ammo:,node,33263,32456,7,
darashia|boat~ammo:,node,33263,32450,7,
darashia|boat~ammo:,node,33262,32444,7,
darashia|boat~ammo:,node,33261,32438,7,
darashia|boat~ammo:,node,33254,32436,7,
darashia|boat~ammo:,node,33244,32435,7,
darashia|boat~ammo:,node,33235,32435,7,
darashia|boat~ammo:,node,33230,32430,7,
darashia|boat~ammo:,stand,33230,32430,7,

# --- darashia|carpet~ammo: (8 waypoints) ---
darashia|carpet~ammo:,node,33266,32441,6,
darashia|carpet~ammo:,stand,33265,32441,6,
darashia|carpet~ammo:,node,33261,32438,7,
darashia|carpet~ammo:,node,33254,32436,7,
darashia|carpet~ammo:,node,33244,32435,7,
darashia|carpet~ammo:,node,33235,32435,7,
darashia|carpet~ammo:,node,33230,32430,7,
darashia|carpet~ammo:,stand,33230,32430,7,

# --- darashia|bank~ammo: (9 waypoints) ---
darashia|bank~ammo:,node,33217,32387,7,
darashia|bank~ammo:,node,33217,32394,7,
darashia|bank~ammo:,node,33217,32401,7,
darashia|bank~ammo:,node,33217,32408,7,
darashia|bank~ammo:,node,33217,32415,7,
darashia|bank~ammo:,node,33219,32421,7,
darashia|bank~ammo:,node,33222,32427,7,
darashia|bank~ammo:,node,33230,32430,7,
darashia|bank~ammo:,stand,33230,32430,7,

# --- darashia|runes~ammo: (6 waypoints) ---
darashia|runes~ammo:,node,33217,32408,7,
darashia|runes~ammo:,node,33217,32415,7,
darashia|runes~ammo:,node,33219,32421,7,
darashia|runes~ammo:,node,33222,32427,7,
darashia|runes~ammo:,node,33230,32430,7,
darashia|runes~ammo:,stand,33230,32430,7,

# --- darashia|potions~ammo: (6 waypoints) ---
darashia|potions~ammo:,node,33217,32408,7,
darashia|potions~ammo:,node,33217,32415,7,
darashia|potions~ammo:,node,33219,32421,7,
darashia|potions~ammo:,node,33222,32427,7,
darashia|potions~ammo:,node,33230,32430,7,
darashia|potions~ammo:,stand,33230,32430,7,

# --- darashia|loot.azil~ammo: (2 waypoints) ---
darashia|loot.azil~ammo:,node,33230,32430,7,
darashia|loot.azil~ammo:,stand,33230,32430,7,

# --- darashia|loot.habdel~ammo: (2 waypoints) ---
darashia|loot.habdel~ammo:,node,33230,32430,7,
darashia|loot.habdel~ammo:,stand,33230,32430,7,

# --- darashia|ammo~ammo: (2 waypoints) ---
darashia|ammo~ammo:,node,33230,32430,7,
darashia|ammo~ammo:,stand,33230,32430,7,

# --- darashia|trainers~ammo: (1 waypoints) ---
darashia|trainers~ammo:,node,33239,32402,7,

# --- darashia|west.exit~loot.azil: (5 waypoints) ---
darashia|west.exit~loot.azil:,node,33197,32425,7,
darashia|west.exit~loot.azil:,node,33205,32425,7,
darashia|west.exit~loot.azil:,node,33213,32425,7,
darashia|west.exit~loot.azil:,node,33219,32431,7,
darashia|west.exit~loot.azil:,stand,33219,32431,7,

# --- darashia|north.exit~loot.azil: (10 waypoints) ---
darashia|north.exit~loot.azil:,node,33234,32384,7,
darashia|north.exit~loot.azil:,node,33226,32386,7,
darashia|north.exit~loot.azil:,node,33217,32387,7,
darashia|north.exit~loot.azil:,node,33217,32395,7,
darashia|north.exit~loot.azil:,node,33217,32403,7,
darashia|north.exit~loot.azil:,node,33217,32411,7,
darashia|north.exit~loot.azil:,node,33217,32419,7,
darashia|north.exit~loot.azil:,node,33219,32424,7,
darashia|north.exit~loot.azil:,node,33219,32431,7,
darashia|north.exit~loot.azil:,stand,33219,32431,7,

# --- darashia|temple~loot.azil: (12 waypoints) ---
darashia|temple~loot.azil:,node,33215,32451,1,
darashia|temple~loot.azil:,stand,33216,32451,1,
darashia|temple~loot.azil:,stand,33212,32452,2,
darashia|temple~loot.azil:,stand,33215,32453,3,
darashia|temple~loot.azil:,stand,33212,32453,4,
darashia|temple~loot.azil:,stand,33215,32453,5,
darashia|temple~loot.azil:,stand,33212,32453,6,
darashia|temple~loot.azil:,node,33216,32449,7,
darashia|temple~loot.azil:,node,33218,32443,7,
darashia|temple~loot.azil:,node,33219,32437,7,
darashia|temple~loot.azil:,node,33219,32431,7,
darashia|temple~loot.azil:,stand,33219,32431,7,

# --- darashia|depot~loot.azil: (9 waypoints) ---
darashia|depot~loot.azil:,node,33213,32454,7,
darashia|depot~loot.azil:,stand,33213,32455,7,
darashia|depot~loot.azil:,node,33214,32456,8,
darashia|depot~loot.azil:,stand,33214,32455,8,
darashia|depot~loot.azil:,node,33216,32449,7,
darashia|depot~loot.azil:,node,33218,32443,7,
darashia|depot~loot.azil:,node,33219,32437,7,
darashia|depot~loot.azil:,node,33219,32431,7,
darashia|depot~loot.azil:,stand,33219,32431,7,

# --- darashia|boat~loot.azil: (15 waypoints) ---
darashia|boat~loot.azil:,node,33292,32473,6,
darashia|boat~loot.azil:,stand,33293,32473,6,
darashia|boat~loot.azil:,node,33287,32469,7,
darashia|boat~loot.azil:,node,33278,32469,7,
darashia|boat~loot.azil:,node,33269,32468,7,
darashia|boat~loot.azil:,node,33265,32462,7,
darashia|boat~loot.azil:,node,33263,32453,7,
darashia|boat~loot.azil:,node,33262,32445,7,
darashia|boat~loot.azil:,node,33259,32438,7,
darashia|boat~loot.azil:,node,33250,32437,7,
darashia|boat~loot.azil:,node,33241,32437,7,
darashia|boat~loot.azil:,node,33232,32437,7,
darashia|boat~loot.azil:,node,33223,32436,7,
darashia|boat~loot.azil:,node,33219,32431,7,
darashia|boat~loot.azil:,stand,33219,32431,7,

# --- darashia|carpet~loot.azil: (9 waypoints) ---
darashia|carpet~loot.azil:,node,33266,32441,6,
darashia|carpet~loot.azil:,stand,33265,32441,6,
darashia|carpet~loot.azil:,node,33259,32438,7,
darashia|carpet~loot.azil:,node,33250,32437,7,
darashia|carpet~loot.azil:,node,33241,32437,7,
darashia|carpet~loot.azil:,node,33232,32437,7,
darashia|carpet~loot.azil:,node,33223,32436,7,
darashia|carpet~loot.azil:,node,33219,32431,7,
darashia|carpet~loot.azil:,stand,33219,32431,7,

# --- darashia|bank~loot.azil: (8 waypoints) ---
darashia|bank~loot.azil:,node,33217,32387,7,
darashia|bank~loot.azil:,node,33217,32394,7,
darashia|bank~loot.azil:,node,33217,32401,7,
darashia|bank~loot.azil:,node,33217,32408,7,
darashia|bank~loot.azil:,node,33217,32415,7,
darashia|bank~loot.azil:,node,33219,32423,7,
darashia|bank~loot.azil:,node,33219,32431,7,
darashia|bank~loot.azil:,stand,33219,32431,7,

# --- darashia|runes~loot.azil: (5 waypoints) ---
darashia|runes~loot.azil:,node,33217,32408,7,
darashia|runes~loot.azil:,node,33217,32415,7,
darashia|runes~loot.azil:,node,33219,32423,7,
darashia|runes~loot.azil:,node,33219,32431,7,
darashia|runes~loot.azil:,stand,33219,32431,7,

# --- darashia|potions~loot.azil: (5 waypoints) ---
darashia|potions~loot.azil:,node,33217,32408,7,
darashia|potions~loot.azil:,node,33217,32415,7,
darashia|potions~loot.azil:,node,33219,32423,7,
darashia|potions~loot.azil:,node,33219,32431,7,
darashia|potions~loot.azil:,stand,33219,32431,7,

# --- darashia|ammo~loot.azil: (3 waypoints) ---
darashia|ammo~loot.azil:,node,33225,32430,7,
darashia|ammo~loot.azil:,node,33219,32431,7,
darashia|ammo~loot.azil:,stand,33219,32431,7,

# --- darashia|loot.azil~loot.azil: (2 waypoints) ---
darashia|loot.azil~loot.azil:,node,33219,32431,7,
darashia|loot.azil~loot.azil:,stand,33219,32431,7,

# --- darashia|loot.habdel~loot.azil: (2 waypoints) ---
darashia|loot.habdel~loot.azil:,node,33219,32431,7,
darashia|loot.habdel~loot.azil:,stand,33219,32431,7,

# --- darashia|trainers~loot.azil: (1 waypoints) ---
darashia|trainers~loot.azil:,node,33239,32402,7,

# --- darashia|west.exit~loot.habdel: (6 waypoints) ---
darashia|west.exit~loot.habdel:,node,33197,32425,7,
darashia|west.exit~loot.habdel:,node,33205,32425,7,
darashia|west.exit~loot.habdel:,node,33213,32425,7,
darashia|west.exit~loot.habdel:,node,33220,32428,7,
darashia|west.exit~loot.habdel:,node,33225,32432,7,
darashia|west.exit~loot.habdel:,stand,33225,32432,7,

# --- darashia|north.exit~loot.habdel: (10 waypoints) ---
darashia|north.exit~loot.habdel:,node,33234,32384,7,
darashia|north.exit~loot.habdel:,node,33226,32386,7,
darashia|north.exit~loot.habdel:,node,33217,32387,7,
darashia|north.exit~loot.habdel:,node,33217,32395,7,
darashia|north.exit~loot.habdel:,node,33217,32403,7,
darashia|north.exit~loot.habdel:,node,33217,32411,7,
darashia|north.exit~loot.habdel:,node,33217,32419,7,
darashia|north.exit~loot.habdel:,node,33220,32426,7,
darashia|north.exit~loot.habdel:,node,33224,32432,7,
darashia|north.exit~loot.habdel:,stand,33224,32432,7,

# --- darashia|temple~loot.habdel: (12 waypoints) ---
darashia|temple~loot.habdel:,node,33215,32451,1,
darashia|temple~loot.habdel:,stand,33216,32451,1,
darashia|temple~loot.habdel:,stand,33212,32452,2,
darashia|temple~loot.habdel:,stand,33215,32453,3,
darashia|temple~loot.habdel:,stand,33212,32453,4,
darashia|temple~loot.habdel:,stand,33215,32453,5,
darashia|temple~loot.habdel:,stand,33212,32453,6,
darashia|temple~loot.habdel:,node,33216,32448,7,
darashia|temple~loot.habdel:,node,33219,32442,7,
darashia|temple~loot.habdel:,node,33221,32436,7,
darashia|temple~loot.habdel:,node,33225,32432,7,
darashia|temple~loot.habdel:,stand,33225,32432,7,

# --- darashia|depot~loot.habdel: (9 waypoints) ---
darashia|depot~loot.habdel:,node,33213,32454,7,
darashia|depot~loot.habdel:,stand,33213,32455,7,
darashia|depot~loot.habdel:,node,33214,32456,8,
darashia|depot~loot.habdel:,stand,33214,32455,8,
darashia|depot~loot.habdel:,node,33216,32448,7,
darashia|depot~loot.habdel:,node,33219,32442,7,
darashia|depot~loot.habdel:,node,33221,32436,7,
darashia|depot~loot.habdel:,node,33225,32432,7,
darashia|depot~loot.habdel:,stand,33225,32432,7,

# --- darashia|boat~loot.habdel: (14 waypoints) ---
darashia|boat~loot.habdel:,node,33292,32473,6,
darashia|boat~loot.habdel:,stand,33293,32473,6,
darashia|boat~loot.habdel:,node,33286,32469,7,
darashia|boat~loot.habdel:,node,33277,32469,7,
darashia|boat~loot.habdel:,node,33269,32467,7,
darashia|boat~loot.habdel:,node,33265,32461,7,
darashia|boat~loot.habdel:,node,33263,32453,7,
darashia|boat~loot.habdel:,node,33262,32445,7,
darashia|boat~loot.habdel:,node,33261,32438,7,
darashia|boat~loot.habdel:,node,33252,32437,7,
darashia|boat~loot.habdel:,node,33242,32436,7,
darashia|boat~loot.habdel:,node,33233,32435,7,
darashia|boat~loot.habdel:,node,33225,32432,7,
darashia|boat~loot.habdel:,stand,33225,32432,7,

# --- darashia|carpet~loot.habdel: (8 waypoints) ---
darashia|carpet~loot.habdel:,node,33266,32441,6,
darashia|carpet~loot.habdel:,stand,33265,32441,6,
darashia|carpet~loot.habdel:,node,33261,32438,7,
darashia|carpet~loot.habdel:,node,33252,32437,7,
darashia|carpet~loot.habdel:,node,33242,32436,7,
darashia|carpet~loot.habdel:,node,33233,32435,7,
darashia|carpet~loot.habdel:,node,33225,32432,7,
darashia|carpet~loot.habdel:,stand,33225,32432,7,

# --- darashia|bank~loot.habdel: (9 waypoints) ---
darashia|bank~loot.habdel:,node,33217,32387,7,
darashia|bank~loot.habdel:,node,33217,32394,7,
darashia|bank~loot.habdel:,node,33217,32400,7,
darashia|bank~loot.habdel:,node,33217,32406,7,
darashia|bank~loot.habdel:,node,33217,32412,7,
darashia|bank~loot.habdel:,node,33218,32419,7,
darashia|bank~loot.habdel:,node,33220,32426,7,
darashia|bank~loot.habdel:,node,33225,32432,7,
darashia|bank~loot.habdel:,stand,33225,32432,7,

# --- darashia|runes~loot.habdel: (6 waypoints) ---
darashia|runes~loot.habdel:,node,33217,32406,7,
darashia|runes~loot.habdel:,node,33217,32412,7,
darashia|runes~loot.habdel:,node,33218,32419,7,
darashia|runes~loot.habdel:,node,33220,32426,7,
darashia|runes~loot.habdel:,node,33225,32432,7,
darashia|runes~loot.habdel:,stand,33225,32432,7,

# --- darashia|potions~loot.habdel: (6 waypoints) ---
darashia|potions~loot.habdel:,node,33217,32406,7,
darashia|potions~loot.habdel:,node,33217,32412,7,
darashia|potions~loot.habdel:,node,33218,32419,7,
darashia|potions~loot.habdel:,node,33220,32426,7,
darashia|potions~loot.habdel:,node,33225,32432,7,
darashia|potions~loot.habdel:,stand,33225,32432,7,

# --- darashia|ammo~loot.habdel: (2 waypoints) ---
darashia|ammo~loot.habdel:,node,33225,32432,7,
darashia|ammo~loot.habdel:,stand,33225,32432,7,

# --- darashia|loot.azil~loot.habdel: (2 waypoints) ---
darashia|loot.azil~loot.habdel:,node,33225,32432,7,
darashia|loot.azil~loot.habdel:,stand,33225,32432,7,

# --- darashia|loot.habdel~loot.habdel: (2 waypoints) ---
darashia|loot.habdel~loot.habdel:,node,33225,32432,7,
darashia|loot.habdel~loot.habdel:,stand,33225,32432,7,

# --- darashia|trainers~loot.habdel: (1 waypoints) ---
darashia|trainers~loot.habdel:,node,33239,32402,7,

# --- darashia|depot~trainers: (11 waypoints) ---
darashia|depot~trainers:,node,33213,32454,7,
darashia|depot~trainers:,stand,33213,32455,7,
darashia|depot~trainers:,node,33214,32456,8,
darashia|depot~trainers:,stand,33214,32455,8,
darashia|depot~trainers:,node,33216,32448,7,
darashia|depot~trainers:,node,33218,32441,7,
darashia|depot~trainers:,node,33221,32434,7,
darashia|depot~trainers:,node,33226,32429,7,
darashia|depot~trainers:,node,33229,32424,7,
darashia|depot~trainers:,node,33231,32418,7,
darashia|depot~trainers:,node,33231,32413,7,

# --- darashia|west.exit~north.exit: (6 waypoints) ---
darashia|west.exit~north.exit:,node,33216,32409,7,
darashia|west.exit~north.exit:,node,33217,32402,7,
darashia|west.exit~north.exit:,node,33217,32394,7,
darashia|west.exit~north.exit:,node,33221,32387,7,
darashia|west.exit~north.exit:,node,33231,32386,7,
darashia|west.exit~north.exit:,node,33242,32385,7,

# --- darashia|temple~north.exit: (18 waypoints) ---
darashia|temple~north.exit:,node,33215,32451,1,
darashia|temple~north.exit:,stand,33216,32451,1,
darashia|temple~north.exit:,stand,33212,32452,2,
darashia|temple~north.exit:,stand,33215,32453,3,
darashia|temple~north.exit:,stand,33212,32453,4,
darashia|temple~north.exit:,stand,33215,32453,5,
darashia|temple~north.exit:,stand,33212,32453,6,
darashia|temple~north.exit:,node,33217,32447,7,
darashia|temple~north.exit:,node,33219,32438,7,
darashia|temple~north.exit:,node,33219,32427,7,
darashia|temple~north.exit:,node,33218,32419,7,
darashia|temple~north.exit:,node,33217,32410,7,
darashia|temple~north.exit:,node,33217,32401,7,
darashia|temple~north.exit:,node,33217,32392,7,
darashia|temple~north.exit:,node,33222,32386,7,
darashia|temple~north.exit:,node,33231,32384,7,
darashia|temple~north.exit:,node,33238,32381,7,
darashia|temple~north.exit:,node,33244,32377,7,

# --- darashia|depot~north.exit: (15 waypoints) ---
darashia|depot~north.exit:,node,33213,32454,7,
darashia|depot~north.exit:,stand,33213,32455,7,
darashia|depot~north.exit:,node,33214,32456,8,
darashia|depot~north.exit:,stand,33214,32455,8,
darashia|depot~north.exit:,node,33217,32447,7,
darashia|depot~north.exit:,node,33219,32438,7,
darashia|depot~north.exit:,node,33219,32427,7,
darashia|depot~north.exit:,node,33218,32419,7,
darashia|depot~north.exit:,node,33217,32410,7,
darashia|depot~north.exit:,node,33217,32401,7,
darashia|depot~north.exit:,node,33217,32392,7,
darashia|depot~north.exit:,node,33222,32386,7,
darashia|depot~north.exit:,node,33231,32384,7,
darashia|depot~north.exit:,node,33238,32381,7,
darashia|depot~north.exit:,node,33244,32377,7,

# --- darashia|boat~north.exit: (17 waypoints) ---
darashia|boat~north.exit:,node,33292,32473,6,
darashia|boat~north.exit:,stand,33293,32473,6,
darashia|boat~north.exit:,node,33288,32469,7,
darashia|boat~north.exit:,node,33279,32469,7,
darashia|boat~north.exit:,node,33269,32467,7,
darashia|boat~north.exit:,node,33265,32461,7,
darashia|boat~north.exit:,node,33263,32453,7,
darashia|boat~north.exit:,node,33262,32444,7,
darashia|boat~north.exit:,node,33260,32437,7,
darashia|boat~north.exit:,node,33254,32432,7,
darashia|boat~north.exit:,node,33254,32422,7,
darashia|boat~north.exit:,node,33252,32414,7,
darashia|boat~north.exit:,node,33246,32409,7,
darashia|boat~north.exit:,node,33245,32399,7,
darashia|boat~north.exit:,node,33245,32390,7,
darashia|boat~north.exit:,node,33245,32383,7,
darashia|boat~north.exit:,node,33244,32377,7,

# --- darashia|carpet~north.exit: (11 waypoints) ---
darashia|carpet~north.exit:,node,33266,32441,6,
darashia|carpet~north.exit:,stand,33265,32441,6,
darashia|carpet~north.exit:,node,33260,32437,7,
darashia|carpet~north.exit:,node,33254,32432,7,
darashia|carpet~north.exit:,node,33254,32422,7,
darashia|carpet~north.exit:,node,33252,32414,7,
darashia|carpet~north.exit:,node,33246,32409,7,
darashia|carpet~north.exit:,node,33245,32399,7,
darashia|carpet~north.exit:,node,33245,32390,7,
darashia|carpet~north.exit:,node,33245,32383,7,
darashia|carpet~north.exit:,node,33244,32377,7,

# --- darashia|bank~north.exit: (4 waypoints) ---
darashia|bank~north.exit:,node,33222,32386,7,
darashia|bank~north.exit:,node,33231,32384,7,
darashia|bank~north.exit:,node,33238,32381,7,
darashia|bank~north.exit:,node,33244,32377,7,

# --- darashia|runes~north.exit: (6 waypoints) ---
darashia|runes~north.exit:,node,33217,32396,7,
darashia|runes~north.exit:,node,33217,32388,7,
darashia|runes~north.exit:,node,33222,32386,7,
darashia|runes~north.exit:,node,33231,32384,7,
darashia|runes~north.exit:,node,33238,32381,7,
darashia|runes~north.exit:,node,33244,32377,7,

# --- darashia|potions~north.exit: (6 waypoints) ---
darashia|potions~north.exit:,node,33217,32396,7,
darashia|potions~north.exit:,node,33217,32388,7,
darashia|potions~north.exit:,node,33222,32386,7,
darashia|potions~north.exit:,node,33231,32384,7,
darashia|potions~north.exit:,node,33238,32381,7,
darashia|potions~north.exit:,node,33244,32377,7,

# --- darashia|ammo~north.exit: (8 waypoints) ---
darashia|ammo~north.exit:,node,33233,32424,7,
darashia|ammo~north.exit:,node,33234,32416,7,
darashia|ammo~north.exit:,node,33242,32413,7,
darashia|ammo~north.exit:,node,33244,32406,7,
darashia|ammo~north.exit:,node,33245,32399,7,
darashia|ammo~north.exit:,node,33245,32390,7,
darashia|ammo~north.exit:,node,33245,32383,7,
darashia|ammo~north.exit:,node,33244,32377,7,

# --- darashia|loot.azil~north.exit: (9 waypoints) ---
darashia|loot.azil~north.exit:,node,33219,32427,7,
darashia|loot.azil~north.exit:,node,33218,32419,7,
darashia|loot.azil~north.exit:,node,33217,32410,7,
darashia|loot.azil~north.exit:,node,33217,32401,7,
darashia|loot.azil~north.exit:,node,33217,32392,7,
darashia|loot.azil~north.exit:,node,33222,32386,7,
darashia|loot.azil~north.exit:,node,33231,32384,7,
darashia|loot.azil~north.exit:,node,33238,32381,7,
darashia|loot.azil~north.exit:,node,33244,32377,7,

# --- darashia|loot.habdel~north.exit: (9 waypoints) ---
darashia|loot.habdel~north.exit:,node,33219,32427,7,
darashia|loot.habdel~north.exit:,node,33218,32419,7,
darashia|loot.habdel~north.exit:,node,33217,32410,7,
darashia|loot.habdel~north.exit:,node,33217,32401,7,
darashia|loot.habdel~north.exit:,node,33217,32392,7,
darashia|loot.habdel~north.exit:,node,33222,32386,7,
darashia|loot.habdel~north.exit:,node,33231,32384,7,
darashia|loot.habdel~north.exit:,node,33238,32381,7,
darashia|loot.habdel~north.exit:,node,33244,32377,7,

# --- darashia|trainers~north.exit: (1 waypoints) ---
darashia|trainers~north.exit:,node,33239,32402,7,

# --- darashia|temple~west.exit: (13 waypoints) ---
darashia|temple~west.exit:,node,33215,32451,1,
darashia|temple~west.exit:,stand,33216,32451,1,
darashia|temple~west.exit:,stand,33212,32452,2,
darashia|temple~west.exit:,stand,33215,32453,3,
darashia|temple~west.exit:,stand,33212,32453,4,
darashia|temple~west.exit:,stand,33215,32453,5,
darashia|temple~west.exit:,stand,33212,32453,6,
darashia|temple~west.exit:,node,33213,32449,7,
darashia|temple~west.exit:,node,33205,32448,7,
darashia|temple~west.exit:,node,33198,32447,7,
darashia|temple~west.exit:,node,33192,32443,7,
darashia|temple~west.exit:,node,33187,32439,7,
darashia|temple~west.exit:,node,33182,32434,7,

# --- darashia|depot~west.exit: (10 waypoints) ---
darashia|depot~west.exit:,node,33213,32454,7,
darashia|depot~west.exit:,stand,33213,32455,7,
darashia|depot~west.exit:,node,33214,32456,8,
darashia|depot~west.exit:,stand,33214,32455,8,
darashia|depot~west.exit:,node,33213,32449,7,
darashia|depot~west.exit:,node,33205,32448,7,
darashia|depot~west.exit:,node,33198,32447,7,
darashia|depot~west.exit:,node,33192,32443,7,
darashia|depot~west.exit:,node,33187,32439,7,
darashia|depot~west.exit:,node,33182,32434,7,

# --- darashia|boat~west.exit: (21 waypoints) ---
darashia|boat~west.exit:,node,33290,32475,6,
darashia|boat~west.exit:,node,33292,32473,6,
darashia|boat~west.exit:,stand,33293,32473,6,
darashia|boat~west.exit:,node,33287,32469,7,
darashia|boat~west.exit:,node,33280,32469,7,
darashia|boat~west.exit:,node,33272,32469,7,
darashia|boat~west.exit:,node,33267,32466,7,
darashia|boat~west.exit:,node,33264,32460,7,
darashia|boat~west.exit:,node,33258,32459,7,
darashia|boat~west.exit:,node,33250,32459,7,
darashia|boat~west.exit:,node,33242,32459,7,
darashia|boat~west.exit:,node,33234,32459,7,
darashia|boat~west.exit:,node,33226,32459,7,
darashia|boat~west.exit:,node,33220,32456,7,
darashia|boat~west.exit:,node,33218,32451,7,
darashia|boat~west.exit:,node,33213,32449,7,
darashia|boat~west.exit:,node,33205,32448,7,
darashia|boat~west.exit:,node,33198,32447,7,
darashia|boat~west.exit:,node,33192,32443,7,
darashia|boat~west.exit:,node,33187,32439,7,
darashia|boat~west.exit:,node,33182,32434,7,

# --- darashia|carpet~west.exit: (16 waypoints) ---
darashia|carpet~west.exit:,node,33266,32441,6,
darashia|carpet~west.exit:,stand,33265,32441,6,
darashia|carpet~west.exit:,node,33261,32438,7,
darashia|carpet~west.exit:,node,33253,32438,7,
darashia|carpet~west.exit:,node,33246,32438,7,
darashia|carpet~west.exit:,node,33239,32438,7,
darashia|carpet~west.exit:,node,33232,32438,7,
darashia|carpet~west.exit:,node,33225,32438,7,
darashia|carpet~west.exit:,node,33220,32439,7,
darashia|carpet~west.exit:,node,33217,32443,7,
darashia|carpet~west.exit:,node,33213,32446,7,
darashia|carpet~west.exit:,node,33205,32447,7,
darashia|carpet~west.exit:,node,33198,32447,7,
darashia|carpet~west.exit:,node,33192,32443,7,
darashia|carpet~west.exit:,node,33187,32439,7,
darashia|carpet~west.exit:,node,33182,32434,7,

# --- darashia|bank~west.exit: (10 waypoints) ---
darashia|bank~west.exit:,node,33217,32387,7,
darashia|bank~west.exit:,node,33217,32394,7,
darashia|bank~west.exit:,node,33216,32401,7,
darashia|bank~west.exit:,node,33216,32409,7,
darashia|bank~west.exit:,node,33215,32417,7,
darashia|bank~west.exit:,node,33213,32424,7,
darashia|bank~west.exit:,node,33206,32426,7,
darashia|bank~west.exit:,node,33198,32427,7,
darashia|bank~west.exit:,node,33190,32430,7,
darashia|bank~west.exit:,node,33182,32434,7,

# --- darashia|loot.azil~west.exit: (6 waypoints) ---
darashia|loot.azil~west.exit:,node,33217,32426,7,
darashia|loot.azil~west.exit:,node,33212,32426,7,
darashia|loot.azil~west.exit:,node,33206,32426,7,
darashia|loot.azil~west.exit:,node,33198,32427,7,
darashia|loot.azil~west.exit:,node,33190,32430,7,
darashia|loot.azil~west.exit:,node,33182,32434,7,

# --- darashia|loot.habdel~west.exit: (9 waypoints) ---
darashia|loot.habdel~west.exit:,node,33222,32433,7,
darashia|loot.habdel~west.exit:,node,33220,32439,7,
darashia|loot.habdel~west.exit:,node,33217,32443,7,
darashia|loot.habdel~west.exit:,node,33213,32446,7,
darashia|loot.habdel~west.exit:,node,33205,32447,7,
darashia|loot.habdel~west.exit:,node,33198,32447,7,
darashia|loot.habdel~west.exit:,node,33192,32443,7,
darashia|loot.habdel~west.exit:,node,33187,32439,7,
darashia|loot.habdel~west.exit:,node,33182,32434,7,

# --- darashia|ammo~west.exit: (7 waypoints) ---
darashia|ammo~west.exit:,node,33222,32429,7,
darashia|ammo~west.exit:,node,33217,32426,7,
darashia|ammo~west.exit:,node,33212,32426,7,
darashia|ammo~west.exit:,node,33206,32426,7,
darashia|ammo~west.exit:,node,33198,32427,7,
darashia|ammo~west.exit:,node,33190,32430,7,
darashia|ammo~west.exit:,node,33182,32434,7,

# --- darashia|trainers~west.exit: (1 waypoints) ---
darashia|trainers~west.exit:,node,33239,32402,7,

# --- darashia|runes~west.exit: (7 waypoints) ---
darashia|runes~west.exit:,node,33216,32409,7,
darashia|runes~west.exit:,node,33215,32417,7,
darashia|runes~west.exit:,node,33213,32424,7,
darashia|runes~west.exit:,node,33206,32426,7,
darashia|runes~west.exit:,node,33198,32427,7,
darashia|runes~west.exit:,node,33190,32430,7,
darashia|runes~west.exit:,node,33182,32434,7,

# --- darashia|potions~west.exit: (7 waypoints) ---
darashia|potions~west.exit:,node,33216,32409,7,
darashia|potions~west.exit:,node,33215,32417,7,
darashia|potions~west.exit:,node,33213,32424,7,
darashia|potions~west.exit:,node,33206,32426,7,
darashia|potions~west.exit:,node,33198,32427,7,
darashia|potions~west.exit:,node,33190,32430,7,
darashia|potions~west.exit:,node,33182,32434,7,

# --- darashia|west.exit~west.exit: (1 waypoints) ---
darashia|west.exit~west.exit:,node,33182,32434,7,

# --- darashia|boat~south.exit: (17 waypoints) ---
darashia|boat~south.exit:,node,33292,32474,6,
darashia|boat~south.exit:,stand,33293,32473,6,
darashia|boat~south.exit:,node,33289,32471,7,
darashia|boat~south.exit:,node,33284,32469,7,
darashia|boat~south.exit:,node,33277,32469,7,
darashia|boat~south.exit:,node,33271,32468,7,
darashia|boat~south.exit:,node,33267,32465,7,
darashia|boat~south.exit:,node,33265,32460,7,
darashia|boat~south.exit:,node,33258,32459,7,
darashia|boat~south.exit:,node,33250,32459,7,
darashia|boat~south.exit:,node,33241,32459,7,
darashia|boat~south.exit:,node,33232,32459,7,
darashia|boat~south.exit:,node,33223,32459,7,
darashia|boat~south.exit:,node,33215,32461,7,
darashia|boat~south.exit:,node,33211,32464,7,
darashia|boat~south.exit:,node,33211,32470,7,
darashia|boat~south.exit:,node,33211,32476,7,

# --- darashia|depot~south.exit: (10 waypoints) ---
darashia|depot~south.exit:,node,33213,32454,7,
darashia|depot~south.exit:,stand,33213,32455,7,
darashia|depot~south.exit:,node,33214,32456,8,
darashia|depot~south.exit:,stand,33214,32455,8,
darashia|depot~south.exit:,node,33213,32450,7,
darashia|depot~south.exit:,node,33209,32450,7,
darashia|depot~south.exit:,node,33209,32457,7,
darashia|depot~south.exit:,node,33211,32464,7,
darashia|depot~south.exit:,node,33211,32470,7,
darashia|depot~south.exit:,node,33211,32476,7,

# --- darashia|bank~south.exit: (14 waypoints) ---
darashia|bank~south.exit:,node,33217,32387,7,
darashia|bank~south.exit:,node,33217,32396,7,
darashia|bank~south.exit:,node,33217,32404,7,
darashia|bank~south.exit:,node,33217,32412,7,
darashia|bank~south.exit:,node,33219,32420,7,
darashia|bank~south.exit:,node,33220,32427,7,
darashia|bank~south.exit:,node,33220,32434,7,
darashia|bank~south.exit:,node,33219,32441,7,
darashia|bank~south.exit:,node,33219,32447,7,
darashia|bank~south.exit:,node,33219,32453,7,
darashia|bank~south.exit:,node,33218,32458,7,
darashia|bank~south.exit:,node,33211,32464,7,
darashia|bank~south.exit:,node,33211,32470,7,
darashia|bank~south.exit:,node,33211,32476,7,

# --- darashia|carpet~south.exit: (13 waypoints) ---
darashia|carpet~south.exit:,node,33266,32441,6,
darashia|carpet~south.exit:,stand,33265,32441,6,
darashia|carpet~south.exit:,node,33264,32449,7,
darashia|carpet~south.exit:,node,33263,32455,7,
darashia|carpet~south.exit:,node,33258,32459,7,
darashia|carpet~south.exit:,node,33250,32459,7,
darashia|carpet~south.exit:,node,33241,32459,7,
darashia|carpet~south.exit:,node,33232,32459,7,
darashia|carpet~south.exit:,node,33223,32459,7,
darashia|carpet~south.exit:,node,33215,32461,7,
darashia|carpet~south.exit:,node,33211,32464,7,
darashia|carpet~south.exit:,node,33211,32470,7,
darashia|carpet~south.exit:,node,33211,32476,7,

# --- darashia|potions~south.exit: (11 waypoints) ---
darashia|potions~south.exit:,node,33217,32412,7,
darashia|potions~south.exit:,node,33219,32420,7,
darashia|potions~south.exit:,node,33220,32427,7,
darashia|potions~south.exit:,node,33220,32434,7,
darashia|potions~south.exit:,node,33219,32441,7,
darashia|potions~south.exit:,node,33219,32447,7,
darashia|potions~south.exit:,node,33219,32453,7,
darashia|potions~south.exit:,node,33218,32458,7,
darashia|potions~south.exit:,node,33211,32464,7,
darashia|potions~south.exit:,node,33211,32470,7,
darashia|potions~south.exit:,node,33211,32476,7,

# --- darashia|runes~south.exit: (11 waypoints) ---
darashia|runes~south.exit:,node,33217,32412,7,
darashia|runes~south.exit:,node,33219,32420,7,
darashia|runes~south.exit:,node,33220,32427,7,
darashia|runes~south.exit:,node,33220,32434,7,
darashia|runes~south.exit:,node,33219,32441,7,
darashia|runes~south.exit:,node,33219,32447,7,
darashia|runes~south.exit:,node,33219,32453,7,
darashia|runes~south.exit:,node,33218,32458,7,
darashia|runes~south.exit:,node,33211,32464,7,
darashia|runes~south.exit:,node,33211,32470,7,
darashia|runes~south.exit:,node,33211,32476,7,

# --- darashia|temple~south.exit: (13 waypoints) ---
darashia|temple~south.exit:,node,33215,32452,1,
darashia|temple~south.exit:,stand,33216,32451,1,
darashia|temple~south.exit:,stand,33212,32452,2,
darashia|temple~south.exit:,stand,33215,32453,3,
darashia|temple~south.exit:,stand,33212,32453,4,
darashia|temple~south.exit:,stand,33215,32453,5,
darashia|temple~south.exit:,stand,33212,32453,6,
darashia|temple~south.exit:,node,33213,32450,7,
darashia|temple~south.exit:,node,33209,32450,7,
darashia|temple~south.exit:,node,33209,32457,7,
darashia|temple~south.exit:,node,33211,32464,7,
darashia|temple~south.exit:,node,33211,32470,7,
darashia|temple~south.exit:,node,33211,32476,7,

# --- darashia|ammo~south.exit: (9 waypoints) ---
darashia|ammo~south.exit:,node,33226,32430,7,
darashia|ammo~south.exit:,node,33220,32434,7,
darashia|ammo~south.exit:,node,33219,32441,7,
darashia|ammo~south.exit:,node,33219,32447,7,
darashia|ammo~south.exit:,node,33219,32453,7,
darashia|ammo~south.exit:,node,33218,32458,7,
darashia|ammo~south.exit:,node,33211,32464,7,
darashia|ammo~south.exit:,node,33211,32470,7,
darashia|ammo~south.exit:,node,33211,32476,7,

# --- darashia|loot.azil~south.exit: (8 waypoints) ---
darashia|loot.azil~south.exit:,node,33219,32434,7,
darashia|loot.azil~south.exit:,node,33219,32441,7,
darashia|loot.azil~south.exit:,node,33219,32447,7,
darashia|loot.azil~south.exit:,node,33219,32453,7,
darashia|loot.azil~south.exit:,node,33218,32458,7,
darashia|loot.azil~south.exit:,node,33211,32464,7,
darashia|loot.azil~south.exit:,node,33211,32470,7,
darashia|loot.azil~south.exit:,node,33211,32476,7,

# --- darashia|loot.habdel~south.exit: (8 waypoints) ---
darashia|loot.habdel~south.exit:,node,33221,32434,7,
darashia|loot.habdel~south.exit:,node,33219,32441,7,
darashia|loot.habdel~south.exit:,node,33219,32447,7,
darashia|loot.habdel~south.exit:,node,33219,32453,7,
darashia|loot.habdel~south.exit:,node,33218,32458,7,
darashia|loot.habdel~south.exit:,node,33211,32464,7,
darashia|loot.habdel~south.exit:,node,33211,32470,7,
darashia|loot.habdel~south.exit:,node,33211,32476,7,

# --- darashia|north.exit~south.exit: (17 waypoints) ---
darashia|north.exit~south.exit:,node,33245,32392,7,
darashia|north.exit~south.exit:,node,33245,32399,7,
darashia|north.exit~south.exit:,node,33245,32405,7,
darashia|north.exit~south.exit:,node,33245,32411,7,
darashia|north.exit~south.exit:,node,33242,32414,7,
darashia|north.exit~south.exit:,node,33236,32415,7,
darashia|north.exit~south.exit:,node,33231,32419,7,
darashia|north.exit~south.exit:,node,33228,32425,7,
darashia|north.exit~south.exit:,node,33226,32430,7,
darashia|north.exit~south.exit:,node,33221,32434,7,
darashia|north.exit~south.exit:,node,33219,32441,7,
darashia|north.exit~south.exit:,node,33219,32447,7,
darashia|north.exit~south.exit:,node,33219,32453,7,
darashia|north.exit~south.exit:,node,33218,32458,7,
darashia|north.exit~south.exit:,node,33211,32464,7,
darashia|north.exit~south.exit:,node,33211,32470,7,
darashia|north.exit~south.exit:,node,33211,32476,7,

# --- darashia|west.exit~south.exit: (8 waypoints) ---
darashia|west.exit~south.exit:,node,33193,32439,7,
darashia|west.exit~south.exit:,node,33195,32447,7,
darashia|west.exit~south.exit:,node,33202,32448,7,
darashia|west.exit~south.exit:,node,33208,32450,7,
darashia|west.exit~south.exit:,node,33209,32457,7,
darashia|west.exit~south.exit:,node,33211,32464,7,
darashia|west.exit~south.exit:,node,33211,32470,7,
darashia|west.exit~south.exit:,node,33211,32476,7,

# --- darashia|south.exit~south.exit: (1 waypoints) ---
darashia|south.exit~south.exit:,node,33211,32476,7,

# --- darashia|south.exit~boat: (13 waypoints) ---
darashia|south.exit~boat:,node,33217,32478,7,
darashia|south.exit~boat:,node,33225,32478,7,
darashia|south.exit~boat:,node,33235,32477,7,
darashia|south.exit~boat:,node,33244,32477,7,
darashia|south.exit~boat:,node,33252,32477,7,
darashia|south.exit~boat:,node,33260,32476,7,
darashia|south.exit~boat:,node,33265,32473,7,
darashia|south.exit~boat:,node,33272,32469,7,
darashia|south.exit~boat:,node,33281,32469,7,
darashia|south.exit~boat:,node,33288,32470,7,
darashia|south.exit~boat:,node,33293,32473,7,
darashia|south.exit~boat:,ladder,33293,32473,7,
darashia|south.exit~boat:,node,33289,32480,6,

# --- darashia|south.exit~depot: (7 waypoints) ---
darashia|south.exit~depot:,node,33211,32471,7,
darashia|south.exit~depot:,node,33210,32464,7,
darashia|south.exit~depot:,node,33209,32457,7,
darashia|south.exit~depot:,node,33210,32450,7,
darashia|south.exit~depot:,node,33214,32454,7,
darashia|south.exit~depot:,stand,33214,32455,7,
darashia|south.exit~depot:,node,33214,32460,8,

# --- darashia|south.exit~bank: (13 waypoints) ---
darashia|south.exit~bank:,node,33211,32471,7,
darashia|south.exit~bank:,node,33212,32464,7,
darashia|south.exit~bank:,node,33216,32460,7,
darashia|south.exit~bank:,node,33219,32454,7,
darashia|south.exit~bank:,node,33219,32445,7,
darashia|south.exit~bank:,node,33219,32436,7,
darashia|south.exit~bank:,node,33219,32427,7,
darashia|south.exit~bank:,node,33217,32418,7,
darashia|south.exit~bank:,node,33217,32408,7,
darashia|south.exit~bank:,node,33217,32398,7,
darashia|south.exit~bank:,node,33217,32390,7,
darashia|south.exit~bank:,node,33221,32387,7,
darashia|south.exit~bank:,stand,33221,32387,7,

# --- darashia|south.exit~carpet: (13 waypoints) ---
darashia|south.exit~carpet:,node,33211,32471,7,
darashia|south.exit~carpet:,node,33212,32464,7,
darashia|south.exit~carpet:,node,33216,32460,7,
darashia|south.exit~carpet:,node,33224,32460,7,
darashia|south.exit~carpet:,node,33232,32460,7,
darashia|south.exit~carpet:,node,33240,32460,7,
darashia|south.exit~carpet:,node,33248,32460,7,
darashia|south.exit~carpet:,node,33256,32460,7,
darashia|south.exit~carpet:,node,33262,32457,7,
darashia|south.exit~carpet:,node,33265,32451,7,
darashia|south.exit~carpet:,node,33265,32442,7,
darashia|south.exit~carpet:,stand,33265,32441,7,
darashia|south.exit~carpet:,node,33268,32441,6,

# --- darashia|south.exit~potions: (10 waypoints) ---
darashia|south.exit~potions:,node,33211,32471,7,
darashia|south.exit~potions:,node,33212,32464,7,
darashia|south.exit~potions:,node,33216,32460,7,
darashia|south.exit~potions:,node,33219,32454,7,
darashia|south.exit~potions:,node,33219,32445,7,
darashia|south.exit~potions:,node,33219,32436,7,
darashia|south.exit~potions:,node,33219,32427,7,
darashia|south.exit~potions:,node,33217,32418,7,
darashia|south.exit~potions:,node,33217,32411,7,
darashia|south.exit~potions:,node,33217,32404,7,

# --- darashia|south.exit~runes: (10 waypoints) ---
darashia|south.exit~runes:,node,33211,32471,7,
darashia|south.exit~runes:,node,33212,32464,7,
darashia|south.exit~runes:,node,33216,32460,7,
darashia|south.exit~runes:,node,33219,32454,7,
darashia|south.exit~runes:,node,33219,32445,7,
darashia|south.exit~runes:,node,33219,32436,7,
darashia|south.exit~runes:,node,33219,32427,7,
darashia|south.exit~runes:,node,33217,32418,7,
darashia|south.exit~runes:,node,33217,32411,7,
darashia|south.exit~runes:,node,33217,32404,7,

# --- darashia|south.exit~temple: (12 waypoints) ---
darashia|south.exit~temple:,node,33211,32471,7,
darashia|south.exit~temple:,node,33210,32464,7,
darashia|south.exit~temple:,node,33209,32457,7,
darashia|south.exit~temple:,node,33210,32450,7,
darashia|south.exit~temple:,node,33213,32453,7,
darashia|south.exit~temple:,stand,33212,32453,7,
darashia|south.exit~temple:,stand,33215,32453,6,
darashia|south.exit~temple:,stand,33212,32453,5,
darashia|south.exit~temple:,stand,33215,32453,4,
darashia|south.exit~temple:,stand,33212,32452,3,
darashia|south.exit~temple:,stand,33216,32451,2,
darashia|south.exit~temple:,node,33214,32453,1,

# --- darashia|south.exit~ammo: (8 waypoints) ---
darashia|south.exit~ammo:,node,33211,32471,7,
darashia|south.exit~ammo:,node,33212,32464,7,
darashia|south.exit~ammo:,node,33216,32460,7,
darashia|south.exit~ammo:,node,33219,32454,7,
darashia|south.exit~ammo:,node,33219,32445,7,
darashia|south.exit~ammo:,node,33219,32436,7,
darashia|south.exit~ammo:,node,33224,32431,7,
darashia|south.exit~ammo:,node,33230,32430,7,

# --- darashia|south.exit~loot.azil: (7 waypoints) ---
darashia|south.exit~loot.azil:,node,33211,32471,7,
darashia|south.exit~loot.azil:,node,33212,32464,7,
darashia|south.exit~loot.azil:,node,33216,32460,7,
darashia|south.exit~loot.azil:,node,33219,32454,7,
darashia|south.exit~loot.azil:,node,33219,32445,7,
darashia|south.exit~loot.azil:,node,33219,32431,7,
darashia|south.exit~loot.azil:,node,33211,32471,7,

# --- darashia|south.exit~loot.habdel: (6 waypoints) ---
darashia|south.exit~loot.habdel:,node,33212,32464,7,
darashia|south.exit~loot.habdel:,node,33216,32460,7,
darashia|south.exit~loot.habdel:,node,33219,32454,7,
darashia|south.exit~loot.habdel:,node,33219,32445,7,
darashia|south.exit~loot.habdel:,node,33219,32436,7,
darashia|south.exit~loot.habdel:,node,33225,32432,7,

# --- darashia|south.exit~trainers: (9 waypoints) ---
darashia|south.exit~trainers:,node,33211,32471,7,
darashia|south.exit~trainers:,node,33212,32464,7,
darashia|south.exit~trainers:,node,33216,32460,7,
darashia|south.exit~trainers:,node,33219,32454,7,
darashia|south.exit~trainers:,node,33219,32445,7,
darashia|south.exit~trainers:,node,33219,32436,7,
darashia|south.exit~trainers:,node,33224,32431,7,
darashia|south.exit~trainers:,node,33228,32425,7,
darashia|south.exit~trainers:,node,33231,32419,7,

# --- darashia|food~trainers: (1 waypoints) ---
darashia|food~trainers:,node,33231,32419,7,

# --- darashia|south.exit~north.exit: (14 waypoints) ---
darashia|south.exit~north.exit:,node,33211,32471,7,
darashia|south.exit~north.exit:,node,33212,32464,7,
darashia|south.exit~north.exit:,node,33216,32460,7,
darashia|south.exit~north.exit:,node,33219,32454,7,
darashia|south.exit~north.exit:,node,33219,32445,7,
darashia|south.exit~north.exit:,node,33219,32436,7,
darashia|south.exit~north.exit:,node,33224,32431,7,
darashia|south.exit~north.exit:,node,33228,32425,7,
darashia|south.exit~north.exit:,node,33231,32419,7,
darashia|south.exit~north.exit:,node,33237,32415,7,
darashia|south.exit~north.exit:,node,33244,32413,7,
darashia|south.exit~north.exit:,node,33244,32406,7,
darashia|south.exit~north.exit:,node,33244,32398,7,
darashia|south.exit~north.exit:,node,33244,32391,7,

# --- darashia|south.exit~west.exit: (5 waypoints) ---
darashia|south.exit~west.exit:,node,33211,32471,7,
darashia|south.exit~west.exit:,node,33210,32464,7,
darashia|south.exit~west.exit:,node,33209,32457,7,
darashia|south.exit~west.exit:,node,33207,32449,7,
darashia|south.exit~west.exit:,node,33198,32448,7,

# --- darashia|boat~food: (18 waypoints) ---
darashia|boat~food:,node,33292,32474,6,
darashia|boat~food:,stand,33293,32473,6,
darashia|boat~food:,node,33289,32470,7,
darashia|boat~food:,node,33283,32469,7,
darashia|boat~food:,node,33276,32469,7,
darashia|boat~food:,node,33269,32468,7,
darashia|boat~food:,node,33266,32464,7,
darashia|boat~food:,node,33264,32457,7,
darashia|boat~food:,node,33263,32450,7,
darashia|boat~food:,node,33262,32443,7,
darashia|boat~food:,node,33260,32438,7,
darashia|boat~food:,node,33253,32436,7,
darashia|boat~food:,node,33244,32436,7,
darashia|boat~food:,node,33235,32436,7,
darashia|boat~food:,node,33230,32432,7,
darashia|boat~food:,node,33229,32425,7,
darashia|boat~food:,node,33228,32418,7,
darashia|boat~food:,stand,33228,32418,7,

# --- darashia|depot~food: (13 waypoints) ---
darashia|depot~food:,node,33213,32454,7,
darashia|depot~food:,stand,33213,32455,7,
darashia|depot~food:,node,33214,32456,8,
darashia|depot~food:,stand,33214,32455,8,
darashia|depot~food:,node,33214,32450,7,
darashia|depot~food:,node,33217,32447,7,
darashia|depot~food:,node,33218,32442,7,
darashia|depot~food:,node,33219,32436,7,
darashia|depot~food:,node,33219,32429,7,
darashia|depot~food:,node,33219,32422,7,
darashia|depot~food:,node,33222,32418,7,
darashia|depot~food:,node,33228,32418,7,
darashia|depot~food:,stand,33228,32418,7,

# --- darashia|bank~food: (9 waypoints) ---
darashia|bank~food:,node,33217,32387,7,
darashia|bank~food:,node,33217,32393,7,
darashia|bank~food:,node,33217,32400,7,
darashia|bank~food:,node,33217,32406,7,
darashia|bank~food:,node,33217,32411,7,
darashia|bank~food:,node,33217,32418,7,
darashia|bank~food:,node,33222,32418,7,
darashia|bank~food:,node,33228,32418,7,
darashia|bank~food:,stand,33228,32418,7,

# --- darashia|carpet~food: (10 waypoints) ---
darashia|carpet~food:,node,33266,32441,6,
darashia|carpet~food:,stand,33265,32441,6,
darashia|carpet~food:,node,33260,32438,7,
darashia|carpet~food:,node,33253,32436,7,
darashia|carpet~food:,node,33244,32436,7,
darashia|carpet~food:,node,33235,32436,7,
darashia|carpet~food:,node,33230,32432,7,
darashia|carpet~food:,node,33229,32425,7,
darashia|carpet~food:,node,33228,32418,7,
darashia|carpet~food:,stand,33228,32418,7,

# --- darashia|potions~food: (6 waypoints) ---
darashia|potions~food:,node,33217,32406,7,
darashia|potions~food:,node,33217,32411,7,
darashia|potions~food:,node,33217,32418,7,
darashia|potions~food:,node,33222,32418,7,
darashia|potions~food:,node,33228,32418,7,
darashia|potions~food:,stand,33228,32418,7,

# --- darashia|runes~food: (6 waypoints) ---
darashia|runes~food:,node,33217,32406,7,
darashia|runes~food:,node,33217,32411,7,
darashia|runes~food:,node,33217,32418,7,
darashia|runes~food:,node,33222,32418,7,
darashia|runes~food:,node,33228,32418,7,
darashia|runes~food:,stand,33228,32418,7,

# --- darashia|temple~food: (16 waypoints) ---
darashia|temple~food:,node,33215,32452,1,
darashia|temple~food:,stand,33216,32451,1,
darashia|temple~food:,stand,33212,32452,2,
darashia|temple~food:,stand,33215,32453,3,
darashia|temple~food:,stand,33212,32453,4,
darashia|temple~food:,stand,33215,32453,5,
darashia|temple~food:,stand,33212,32453,6,
darashia|temple~food:,node,33214,32450,7,
darashia|temple~food:,node,33217,32447,7,
darashia|temple~food:,node,33218,32442,7,
darashia|temple~food:,node,33219,32436,7,
darashia|temple~food:,node,33219,32429,7,
darashia|temple~food:,node,33219,32422,7,
darashia|temple~food:,node,33222,32418,7,
darashia|temple~food:,node,33228,32418,7,
darashia|temple~food:,stand,33228,32418,7,

# --- darashia|ammo~food: (2 waypoints) ---
darashia|ammo~food:,node,33228,32418,7,
darashia|ammo~food:,stand,33228,32418,7,

# --- darashia|food~food: (2 waypoints) ---
darashia|food~food:,node,33228,32418,7,
darashia|food~food:,stand,33228,32418,7,

# --- darashia|loot.azil~food: (5 waypoints) ---
darashia|loot.azil~food:,node,33219,32429,7,
darashia|loot.azil~food:,node,33219,32422,7,
darashia|loot.azil~food:,node,33222,32418,7,
darashia|loot.azil~food:,node,33228,32418,7,
darashia|loot.azil~food:,stand,33228,32418,7,

# --- darashia|loot.habdel~food: (4 waypoints) ---
darashia|loot.habdel~food:,node,33228,32429,7,
darashia|loot.habdel~food:,node,33228,32424,7,
darashia|loot.habdel~food:,node,33228,32418,7,
darashia|loot.habdel~food:,stand,33228,32418,7,

# --- darashia|north.exit~food: (9 waypoints) ---
darashia|north.exit~food:,node,33245,32395,7,
darashia|north.exit~food:,node,33245,32401,7,
darashia|north.exit~food:,node,33245,32406,7,
darashia|north.exit~food:,node,33245,32411,7,
darashia|north.exit~food:,node,33242,32414,7,
darashia|north.exit~food:,node,33237,32414,7,
darashia|north.exit~food:,node,33233,32416,7,
darashia|north.exit~food:,node,33228,32418,7,
darashia|north.exit~food:,stand,33228,32418,7,

# --- darashia|west.exit~food: (8 waypoints) ---
darashia|west.exit~food:,node,33199,32425,7,
darashia|west.exit~food:,node,33205,32425,7,
darashia|west.exit~food:,node,33211,32425,7,
darashia|west.exit~food:,node,33215,32421,7,
darashia|west.exit~food:,node,33219,32418,7,
darashia|west.exit~food:,node,33223,32418,7,
darashia|west.exit~food:,node,33228,32418,7,
darashia|west.exit~food:,stand,33228,32418,7,

# --- darashia|south.exit~food: (12 waypoints) ---
darashia|south.exit~food:,node,33211,32469,7,
darashia|south.exit~food:,node,33211,32463,7,
darashia|south.exit~food:,node,33215,32460,7,
darashia|south.exit~food:,node,33219,32457,7,
darashia|south.exit~food:,node,33219,32450,7,
darashia|south.exit~food:,node,33219,32443,7,
darashia|south.exit~food:,node,33219,32436,7,
darashia|south.exit~food:,node,33219,32429,7,
darashia|south.exit~food:,node,33219,32422,7,
darashia|south.exit~food:,node,33222,32418,7,
darashia|south.exit~food:,node,33228,32418,7,
darashia|south.exit~food:,stand,33228,32418,7,

# --- darashia|food~boat: (18 waypoints) ---
darashia|food~boat:,node,33233,32420,7,
darashia|food~boat:,node,33233,32425,7,
darashia|food~boat:,node,33234,32432,7,
darashia|food~boat:,node,33238,32436,7,
darashia|food~boat:,node,33246,32436,7,
darashia|food~boat:,node,33254,32436,7,
darashia|food~boat:,node,33261,32438,7,
darashia|food~boat:,node,33262,32446,7,
darashia|food~boat:,node,33263,32453,7,
darashia|food~boat:,node,33265,32460,7,
darashia|food~boat:,node,33268,32467,7,
darashia|food~boat:,node,33276,32469,7,
darashia|food~boat:,node,33284,32469,7,
darashia|food~boat:,node,33292,32473,7,
darashia|food~boat:,ladder,33293,32473,7,
darashia|food~boat:,node,33290,32474,6,
darashia|food~boat:,node,33289,32481,6,
darashia|food~boat:,stand,33289,32481,6,

# --- darashia|food~depot: (10 waypoints) ---
darashia|food~depot:,node,33228,32423,7,
darashia|food~depot:,node,33228,32428,7,
darashia|food~depot:,node,33223,32431,7,
darashia|food~depot:,node,33220,32435,7,
darashia|food~depot:,node,33218,32441,7,
darashia|food~depot:,node,33216,32447,7,
darashia|food~depot:,node,33214,32454,7,
darashia|food~depot:,stand,33214,32455,7,
darashia|food~depot:,node,33214,32461,8,
darashia|food~depot:,stand,33214,32461,8,

# --- darashia|food~bank: (9 waypoints) ---
darashia|food~bank:,node,33223,32418,7,
darashia|food~bank:,node,33217,32418,7,
darashia|food~bank:,node,33217,32412,7,
darashia|food~bank:,node,33217,32406,7,
darashia|food~bank:,node,33217,32400,7,
darashia|food~bank:,node,33217,32394,7,
darashia|food~bank:,node,33217,32387,7,
darashia|food~bank:,node,33221,32387,7,
darashia|food~bank:,stand,33221,32387,7,

# --- darashia|food~carpet: (11 waypoints) ---
darashia|food~carpet:,node,33233,32420,7,
darashia|food~carpet:,node,33233,32425,7,
darashia|food~carpet:,node,33234,32432,7,
darashia|food~carpet:,node,33238,32436,7,
darashia|food~carpet:,node,33246,32436,7,
darashia|food~carpet:,node,33254,32436,7,
darashia|food~carpet:,node,33261,32438,7,
darashia|food~carpet:,node,33264,32441,7,
darashia|food~carpet:,stand,33265,32441,7,
darashia|food~carpet:,node,33268,32440,6,
darashia|food~carpet:,stand,33268,32440,6,

# --- darashia|food~potions: (5 waypoints) ---
darashia|food~potions:,node,33223,32418,7,
darashia|food~potions:,node,33217,32418,7,
darashia|food~potions:,node,33217,32410,7,
darashia|food~potions:,node,33217,32403,7,
darashia|food~potions:,stand,33217,32403,7,

# --- darashia|food~runes: (5 waypoints) ---
darashia|food~runes:,node,33223,32418,7,
darashia|food~runes:,node,33217,32418,7,
darashia|food~runes:,node,33217,32410,7,
darashia|food~runes:,node,33217,32403,7,
darashia|food~runes:,stand,33217,32403,7,

# --- darashia|food~temple: (15 waypoints) ---
darashia|food~temple:,node,33228,32423,7,
darashia|food~temple:,node,33228,32428,7,
darashia|food~temple:,node,33223,32431,7,
darashia|food~temple:,node,33220,32435,7,
darashia|food~temple:,node,33218,32441,7,
darashia|food~temple:,node,33216,32447,7,
darashia|food~temple:,node,33213,32453,7,
darashia|food~temple:,stand,33212,32453,7,
darashia|food~temple:,stand,33215,32453,6,
darashia|food~temple:,stand,33212,32453,5,
darashia|food~temple:,stand,33215,32453,4,
darashia|food~temple:,stand,33212,32452,3,
darashia|food~temple:,stand,33216,32451,2,
darashia|food~temple:,node,33214,32453,1,
darashia|food~temple:,stand,33214,32453,1,

# --- darashia|food~ammo: (3 waypoints) ---
darashia|food~ammo:,node,33229,32423,7,
darashia|food~ammo:,node,33230,32429,7,
darashia|food~ammo:,stand,33230,32429,7,

# --- darashia|food~loot.azil: (5 waypoints) ---
darashia|food~loot.azil:,node,33223,32418,7,
darashia|food~loot.azil:,node,33219,32421,7,
darashia|food~loot.azil:,node,33219,32426,7,
darashia|food~loot.azil:,node,33219,32431,7,
darashia|food~loot.azil:,stand,33219,32431,7,

# --- darashia|food~loot.habdel: (4 waypoints) ---
darashia|food~loot.habdel:,node,33228,32423,7,
darashia|food~loot.habdel:,node,33228,32428,7,
darashia|food~loot.habdel:,node,33225,32432,7,
darashia|food~loot.habdel:,stand,33225,32432,7,

# --- darashia|food~north.exit: (6 waypoints) ---
darashia|food~north.exit:,node,33234,32415,7,
darashia|food~north.exit:,node,33240,32414,7,
darashia|food~north.exit:,node,33245,32411,7,
darashia|food~north.exit:,node,33245,32405,7,
darashia|food~north.exit:,node,33245,32399,7,
darashia|food~north.exit:,node,33245,32393,7,

# --- darashia|food~west.exit: (5 waypoints) ---
darashia|food~west.exit:,node,33223,32418,7,
darashia|food~west.exit:,node,33217,32418,7,
darashia|food~west.exit:,node,33214,32423,7,
darashia|food~west.exit:,node,33207,32425,7,
darashia|food~west.exit:,node,33199,32425,7,

# --- darashia|food~south.exit: (11 waypoints) ---
darashia|food~south.exit:,node,33228,32423,7,
darashia|food~south.exit:,node,33228,32428,7,
darashia|food~south.exit:,node,33223,32431,7,
darashia|food~south.exit:,node,33220,32435,7,
darashia|food~south.exit:,node,33219,32441,7,
darashia|food~south.exit:,node,33219,32447,7,
darashia|food~south.exit:,node,33219,32453,7,
darashia|food~south.exit:,node,33218,32458,7,
darashia|food~south.exit:,node,33214,32461,7,
darashia|food~south.exit:,node,33211,32465,7,
darashia|food~south.exit:,node,33211,32470,7,

# --- darashia|bank~tools: (6 waypoints) ---
darashia|bank~tools:,node,33217,32387,7,
darashia|bank~tools:,node,33217,32397,7,
darashia|bank~tools:,node,33217,32407,7,
darashia|bank~tools:,node,33217,32416,7,
darashia|bank~tools:,node,33219,32422,7,
darashia|bank~tools:,stand,33219,32422,7,

# --- darashia|tools~depot: (8 waypoints) ---
darashia|tools~depot:,node,33219,32428,7,
darashia|tools~depot:,node,33219,32436,7,
darashia|tools~depot:,node,33218,32444,7,
darashia|tools~depot:,node,33214,32449,7,
darashia|tools~depot:,node,33214,32454,7,
darashia|tools~depot:,stand,33214,32455,7,
darashia|tools~depot:,node,33214,32461,8,
darashia|tools~depot:,stand,33214,32461,8,

# --- darashia|trainers~food: (1 waypoints) ---
darashia|trainers~food:,node,33239,32402,7,
