source_name,waypoint_type,pos_x,pos_y,pos_z,action_label

# --- edron|towers~boat: (24 waypoints) ---
edron|towers~boat:,stand,33255,31838,7,
edron|towers~boat:,node,33248,31841,6,
edron|towers~boat:,stand,33247,31841,6,
edron|towers~boat:,node,33239,31841,7,
edron|towers~boat:,node,33230,31841,7,
edron|towers~boat:,node,33221,31841,7,
edron|towers~boat:,node,33213,31842,7,
edron|towers~boat:,node,33204,31843,7,
edron|towers~boat:,node,33197,31840,7,
edron|towers~boat:,node,33193,31836,7,
edron|towers~boat:,node,33192,31830,7,
edron|towers~boat:,node,33192,31824,7,
edron|towers~boat:,node,33196,31819,7,
edron|towers~boat:,node,33200,31814,7,
edron|towers~boat:,node,33200,31807,7,
edron|towers~boat:,node,33200,31800,7,
edron|towers~boat:,node,33200,31793,7,
edron|towers~boat:,node,33193,31789,7,
edron|towers~boat:,node,33190,31782,7,
edron|towers~boat:,node,33183,31777,7,
edron|towers~boat:,node,33175,31775,7,
edron|towers~boat:,ladder,33175,31775,7,
edron|towers~boat:,node,33175,31764,6,
edron|towers~boat:,stand,33175,31764,6,

# --- edron|bank~tools: (11 waypoints) ---
edron|bank~tools:,node,33171,31807,7,
edron|bank~tools:,node,33171,31812,7,
edron|bank~tools:,node,33173,31817,7,
edron|bank~tools:,node,33182,31819,7,
edron|bank~tools:,node,33191,31819,7,
edron|bank~tools:,node,33200,31819,7,
edron|bank~tools:,node,33208,31819,7,
edron|bank~tools:,stand,33209,31818,7,
edron|bank~tools:,node,33209,31809,6,
edron|bank~tools:,node,33214,31805,6,
edron|bank~tools:,stand,33214,31805,6,

# --- edron|tools~depot: (12 waypoints) ---
edron|tools~depot:,node,33209,31809,6,
edron|tools~depot:,node,33209,31817,6,
edron|tools~depot:,stand,33209,31818,6,
edron|tools~depot:,node,33200,31819,7,
edron|tools~depot:,node,33191,31819,7,
edron|tools~depot:,node,33182,31819,7,
edron|tools~depot:,node,33173,31817,7,
edron|tools~depot:,node,33170,31813,7,
edron|tools~depot:,stand,33169,31812,7,
edron|tools~depot:,node,33171,31808,8,
edron|tools~depot:,node,33168,31800,8,
edron|tools~depot:,stand,33168,31800,8,

# --- edron|boat~boat: (2 waypoints) ---
edron|boat~boat:,node,33176,31764,6,
edron|boat~boat:,stand,33176,31764,6,

# --- edron|temple~boat: (14 waypoints) ---
edron|temple~boat:,node,33210,31815,8,
edron|temple~boat:,stand,33210,31814,8,
edron|temple~boat:,node,33202,31813,7,
edron|temple~boat:,node,33202,31804,7,
edron|temple~boat:,node,33202,31795,7,
edron|temple~boat:,node,33198,31790,7,
edron|temple~boat:,node,33191,31787,7,
edron|temple~boat:,node,33191,31778,7,
edron|temple~boat:,node,33182,31777,7,
edron|temple~boat:,node,33175,31775,7,
edron|temple~boat:,ladder,33175,31775,7,
edron|temple~boat:,node,33176,31770,6,
edron|temple~boat:,node,33176,31764,6,
edron|temple~boat:,stand,33176,31764,6,

# --- edron|trainers~boat: (9 waypoints) ---
edron|trainers~boat:,node,33187,31790,7,
edron|trainers~boat:,node,33191,31785,7,
edron|trainers~boat:,node,33191,31778,7,
edron|trainers~boat:,node,33182,31776,7,
edron|trainers~boat:,node,33175,31775,7,
edron|trainers~boat:,ladder,33175,31775,7,
edron|trainers~boat:,node,33176,31770,6,
edron|trainers~boat:,node,33176,31764,6,
edron|trainers~boat:,stand,33176,31764,6,

# --- edron|bank~boat: (18 waypoints) ---
edron|bank~boat:,node,33172,31807,7,
edron|bank~boat:,node,33172,31816,7,
edron|bank~boat:,node,33178,31819,7,
edron|bank~boat:,node,33187,31819,7,
edron|bank~boat:,node,33195,31819,7,
edron|bank~boat:,node,33202,31816,7,
edron|bank~boat:,node,33202,31809,7,
edron|bank~boat:,node,33202,31802,7,
edron|bank~boat:,node,33202,31795,7,
edron|bank~boat:,node,33198,31790,7,
edron|bank~boat:,node,33191,31787,7,
edron|bank~boat:,node,33191,31779,7,
edron|bank~boat:,node,33183,31778,7,
edron|bank~boat:,node,33175,31775,7,
edron|bank~boat:,ladder,33175,31775,7,
edron|bank~boat:,node,33176,31770,6,
edron|bank~boat:,node,33176,31764,6,
edron|bank~boat:,stand,33176,31764,6,

# --- edron|depot~boat: (22 waypoints) ---
edron|depot~boat:,node,33167,31808,10,
edron|depot~boat:,stand,33166,31808,10,
edron|depot~boat:,stand,33167,31808,9,
edron|depot~boat:,node,33166,31812,8,
edron|depot~boat:,stand,33167,31812,8,
edron|depot~boat:,node,33172,31816,7,
edron|depot~boat:,node,33178,31819,7,
edron|depot~boat:,node,33187,31819,7,
edron|depot~boat:,node,33195,31819,7,
edron|depot~boat:,node,33202,31816,7,
edron|depot~boat:,node,33202,31809,7,
edron|depot~boat:,node,33202,31802,7,
edron|depot~boat:,node,33202,31795,7,
edron|depot~boat:,node,33198,31790,7,
edron|depot~boat:,node,33191,31787,7,
edron|depot~boat:,node,33191,31779,7,
edron|depot~boat:,node,33183,31778,7,
edron|depot~boat:,node,33175,31775,7,
edron|depot~boat:,ladder,33175,31775,7,
edron|depot~boat:,node,33176,31770,6,
edron|depot~boat:,node,33176,31764,6,
edron|depot~boat:,stand,33176,31764,6,

# --- edron|loot~boat: (12 waypoints) ---
edron|loot~boat:,node,33209,31797,6,
edron|loot~boat:,node,33209,31790,6,
edron|loot~boat:,stand,33209,31789,6,
edron|loot~boat:,node,33200,31790,7,
edron|loot~boat:,node,33191,31787,7,
edron|loot~boat:,node,33191,31778,7,
edron|loot~boat:,node,33182,31777,7,
edron|loot~boat:,node,33175,31775,7,
edron|loot~boat:,ladder,33175,31775,7,
edron|loot~boat:,node,33176,31770,6,
edron|loot~boat:,node,33176,31764,6,
edron|loot~boat:,stand,33176,31764,6,

# --- edron|ammo~boat: (12 waypoints) ---
edron|ammo~boat:,node,33209,31797,6,
edron|ammo~boat:,node,33209,31790,6,
edron|ammo~boat:,stand,33209,31789,6,
edron|ammo~boat:,node,33200,31790,7,
edron|ammo~boat:,node,33191,31787,7,
edron|ammo~boat:,node,33191,31778,7,
edron|ammo~boat:,node,33182,31777,7,
edron|ammo~boat:,node,33175,31775,7,
edron|ammo~boat:,ladder,33175,31775,7,
edron|ammo~boat:,node,33176,31770,6,
edron|ammo~boat:,node,33176,31764,6,
edron|ammo~boat:,stand,33176,31764,6,

# --- edron|bridge~boat: (25 waypoints) ---
edron|bridge~boat:,node,33243,31814,7,
edron|bridge~boat:,node,33243,31823,7,
edron|bridge~boat:,node,33235,31826,7,
edron|bridge~boat:,node,33235,31837,7,
edron|bridge~boat:,node,33231,31840,7,
edron|bridge~boat:,node,33223,31840,7,
edron|bridge~boat:,node,33216,31843,7,
edron|bridge~boat:,node,33207,31843,7,
edron|bridge~boat:,node,33199,31843,7,
edron|bridge~boat:,node,33194,31837,7,
edron|bridge~boat:,node,33191,31830,7,
edron|bridge~boat:,node,33191,31820,7,
edron|bridge~boat:,node,33201,31818,7,
edron|bridge~boat:,node,33201,31810,7,
edron|bridge~boat:,node,33201,31802,7,
edron|bridge~boat:,node,33201,31794,7,
edron|bridge~boat:,node,33196,31790,7,
edron|bridge~boat:,node,33191,31787,7,
edron|bridge~boat:,node,33191,31778,7,
edron|bridge~boat:,node,33182,31777,7,
edron|bridge~boat:,node,33175,31775,7,
edron|bridge~boat:,ladder,33175,31775,7,
edron|bridge~boat:,node,33176,31770,6,
edron|bridge~boat:,node,33176,31764,6,
edron|bridge~boat:,stand,33176,31764,6,

# --- edron|runes~boat: (23 waypoints) ---
edron|runes~boat:,stand,33255,31842,3,
edron|runes~boat:,stand,33257,31842,4,
edron|runes~boat:,stand,33258,31840,5,
edron|runes~boat:,node,33248,31841,6,
edron|runes~boat:,stand,33247,31841,6,
edron|runes~boat:,node,33235,31841,7,
edron|runes~boat:,node,33218,31841,7,
edron|runes~boat:,node,33212,31844,7,
edron|runes~boat:,node,33202,31844,7,
edron|runes~boat:,node,33196,31840,7,
edron|runes~boat:,node,33192,31833,7,
edron|runes~boat:,node,33192,31821,7,
edron|runes~boat:,node,33200,31816,7,
edron|runes~boat:,node,33200,31806,7,
edron|runes~boat:,node,33200,31796,7,
edron|runes~boat:,node,33194,31790,7,
edron|runes~boat:,node,33191,31782,7,
edron|runes~boat:,node,33185,31777,7,
edron|runes~boat:,node,33175,31775,7,
edron|runes~boat:,ladder,33175,31775,7,
edron|runes~boat:,node,33176,31770,6,
edron|runes~boat:,node,33176,31764,6,
edron|runes~boat:,stand,33176,31764,6,

# --- edron|food~boat: (21 waypoints) ---
edron|food~boat:,stand,33258,31840,5,
edron|food~boat:,node,33248,31841,6,
edron|food~boat:,stand,33247,31841,6,
edron|food~boat:,node,33235,31841,7,
edron|food~boat:,node,33218,31841,7,
edron|food~boat:,node,33212,31844,7,
edron|food~boat:,node,33202,31844,7,
edron|food~boat:,node,33196,31840,7,
edron|food~boat:,node,33192,31833,7,
edron|food~boat:,node,33192,31821,7,
edron|food~boat:,node,33200,31816,7,
edron|food~boat:,node,33200,31806,7,
edron|food~boat:,node,33200,31796,7,
edron|food~boat:,node,33194,31790,7,
edron|food~boat:,node,33191,31782,7,
edron|food~boat:,node,33185,31777,7,
edron|food~boat:,node,33175,31775,7,
edron|food~boat:,ladder,33175,31775,7,
edron|food~boat:,node,33176,31770,6,
edron|food~boat:,node,33176,31764,6,
edron|food~boat:,stand,33176,31764,6,

# --- edron|potions~boat: (21 waypoints) ---
edron|potions~boat:,stand,33255,31838,7,
edron|potions~boat:,node,33248,31841,6,
edron|potions~boat:,stand,33247,31841,6,
edron|potions~boat:,node,33235,31841,7,
edron|potions~boat:,node,33218,31841,7,
edron|potions~boat:,node,33212,31844,7,
edron|potions~boat:,node,33202,31844,7,
edron|potions~boat:,node,33196,31840,7,
edron|potions~boat:,node,33192,31833,7,
edron|potions~boat:,node,33192,31821,7,
edron|potions~boat:,node,33200,31816,7,
edron|potions~boat:,node,33200,31806,7,
edron|potions~boat:,node,33200,31796,7,
edron|potions~boat:,node,33194,31790,7,
edron|potions~boat:,node,33191,31782,7,
edron|potions~boat:,node,33185,31777,7,
edron|potions~boat:,node,33175,31775,7,
edron|potions~boat:,ladder,33175,31775,7,
edron|potions~boat:,node,33176,31770,6,
edron|potions~boat:,node,33176,31764,6,
edron|potions~boat:,stand,33176,31764,6,

# --- edron|carpet~boat: (18 waypoints) ---
edron|carpet~boat:,node,33189,31784,3,
edron|carpet~boat:,stand,33189,31785,3,
edron|carpet~boat:,node,33192,31782,4,
edron|carpet~boat:,stand,33192,31781,4,
edron|carpet~boat:,node,33195,31784,5,
edron|carpet~boat:,stand,33195,31785,5,
edron|carpet~boat:,node,33202,31783,6,
edron|carpet~boat:,node,33208,31788,6,
edron|carpet~boat:,stand,33208,31789,6,
edron|carpet~boat:,node,33200,31789,7,
edron|carpet~boat:,node,33192,31789,7,
edron|carpet~boat:,node,33190,31779,7,
edron|carpet~boat:,node,33182,31777,7,
edron|carpet~boat:,node,33175,31775,7,
edron|carpet~boat:,ladder,33175,31775,7,
edron|carpet~boat:,node,33176,31769,6,
edron|carpet~boat:,node,33176,31764,6,
edron|carpet~boat:,stand,33176,31764,6,

# --- edron|towers~bank: (18 waypoints) ---
edron|towers~bank:,stand,33255,31838,7,
edron|towers~bank:,node,33248,31841,6,
edron|towers~bank:,stand,33247,31841,6,
edron|towers~bank:,node,33239,31841,7,
edron|towers~bank:,node,33230,31841,7,
edron|towers~bank:,node,33221,31841,7,
edron|towers~bank:,node,33213,31842,7,
edron|towers~bank:,node,33204,31843,7,
edron|towers~bank:,node,33197,31840,7,
edron|towers~bank:,node,33193,31836,7,
edron|towers~bank:,node,33191,31829,7,
edron|towers~bank:,node,33190,31821,7,
edron|towers~bank:,node,33182,31819,7,
edron|towers~bank:,node,33174,31817,7,
edron|towers~bank:,node,33171,31812,7,
edron|towers~bank:,node,33171,31808,7,
edron|towers~bank:,node,33173,31803,7,
edron|towers~bank:,stand,33173,31803,7,

# --- edron|bank~bank: (2 waypoints) ---
edron|bank~bank:,node,33173,31803,7,
edron|bank~bank:,stand,33173,31803,7,

# --- edron|depot~bank: (7 waypoints) ---
edron|depot~bank:,stand,33166,31808,10,
edron|depot~bank:,stand,33167,31808,9,
edron|depot~bank:,node,33166,31812,8,
edron|depot~bank:,stand,33167,31812,8,
edron|depot~bank:,node,33169,31808,7,
edron|depot~bank:,node,33173,31803,7,
edron|depot~bank:,stand,33173,31803,7,

# --- edron|boat~bank: (18 waypoints) ---
edron|boat~bank:,node,33175,31774,6,
edron|boat~bank:,stand,33175,31775,6,
edron|boat~bank:,node,33184,31777,7,
edron|boat~bank:,node,33191,31780,7,
edron|boat~bank:,node,33191,31789,7,
edron|boat~bank:,node,33199,31791,7,
edron|boat~bank:,node,33202,31796,7,
edron|boat~bank:,node,33202,31803,7,
edron|boat~bank:,node,33202,31810,7,
edron|boat~bank:,node,33202,31817,7,
edron|boat~bank:,node,33197,31819,7,
edron|boat~bank:,node,33189,31819,7,
edron|boat~bank:,node,33182,31819,7,
edron|boat~bank:,node,33176,31818,7,
edron|boat~bank:,node,33172,31816,7,
edron|boat~bank:,node,33172,31808,7,
edron|boat~bank:,node,33173,31803,7,
edron|boat~bank:,stand,33173,31803,7,

# --- edron|trainers~bank: (13 waypoints) ---
edron|trainers~bank:,node,33187,31790,7,
edron|trainers~bank:,node,33196,31790,7,
edron|trainers~bank:,node,33202,31794,7,
edron|trainers~bank:,node,33202,31801,7,
edron|trainers~bank:,node,33202,31808,7,
edron|trainers~bank:,node,33202,31816,7,
edron|trainers~bank:,node,33197,31819,7,
edron|trainers~bank:,node,33189,31819,7,
edron|trainers~bank:,node,33181,31819,7,
edron|trainers~bank:,node,33172,31816,7,
edron|trainers~bank:,node,33172,31808,7,
edron|trainers~bank:,node,33173,31803,7,
edron|trainers~bank:,stand,33173,31803,7,

# --- edron|carpet~bank: (21 waypoints) ---
edron|carpet~bank:,stand,33189,31785,3,
edron|carpet~bank:,node,33191,31782,4,
edron|carpet~bank:,stand,33191,31781,4,
edron|carpet~bank:,node,33194,31785,5,
edron|carpet~bank:,stand,33195,31785,5,
edron|carpet~bank:,node,33198,31782,6,
edron|carpet~bank:,node,33210,31783,6,
edron|carpet~bank:,node,33209,31788,6,
edron|carpet~bank:,stand,33209,31789,6,
edron|carpet~bank:,node,33203,31791,7,
edron|carpet~bank:,node,33203,31798,7,
edron|carpet~bank:,node,33203,31805,7,
edron|carpet~bank:,node,33203,31812,7,
edron|carpet~bank:,node,33199,31818,7,
edron|carpet~bank:,node,33191,31818,7,
edron|carpet~bank:,node,33183,31818,7,
edron|carpet~bank:,node,33176,31818,7,
edron|carpet~bank:,node,33172,31816,7,
edron|carpet~bank:,node,33171,31808,7,
edron|carpet~bank:,node,33173,31803,7,
edron|carpet~bank:,stand,33173,31803,7,

# --- edron|loot~bank: (12 waypoints) ---
edron|loot~bank:,node,33209,31799,6,
edron|loot~bank:,node,33209,31805,6,
edron|loot~bank:,node,33209,31811,6,
edron|loot~bank:,node,33209,31817,6,
edron|loot~bank:,stand,33209,31818,6,
edron|loot~bank:,node,33198,31819,7,
edron|loot~bank:,node,33185,31819,7,
edron|loot~bank:,node,33176,31818,7,
edron|loot~bank:,node,33172,31816,7,
edron|loot~bank:,node,33172,31808,7,
edron|loot~bank:,node,33173,31803,7,
edron|loot~bank:,stand,33173,31803,7,

# --- edron|ammo~bank: (12 waypoints) ---
edron|ammo~bank:,node,33209,31799,6,
edron|ammo~bank:,node,33209,31805,6,
edron|ammo~bank:,node,33209,31811,6,
edron|ammo~bank:,node,33209,31817,6,
edron|ammo~bank:,stand,33209,31818,6,
edron|ammo~bank:,node,33198,31819,7,
edron|ammo~bank:,node,33185,31819,7,
edron|ammo~bank:,node,33176,31818,7,
edron|ammo~bank:,node,33172,31816,7,
edron|ammo~bank:,node,33172,31808,7,
edron|ammo~bank:,node,33173,31803,7,
edron|ammo~bank:,stand,33173,31803,7,

# --- edron|bridge~bank: (17 waypoints) ---
edron|bridge~bank:,node,33243,31814,7,
edron|bridge~bank:,node,33243,31823,7,
edron|bridge~bank:,node,33236,31827,7,
edron|bridge~bank:,node,33236,31834,7,
edron|bridge~bank:,node,33232,31839,7,
edron|bridge~bank:,node,33223,31839,7,
edron|bridge~bank:,node,33216,31842,7,
edron|bridge~bank:,node,33207,31844,7,
edron|bridge~bank:,node,33198,31843,7,
edron|bridge~bank:,node,33193,31836,7,
edron|bridge~bank:,node,33191,31828,7,
edron|bridge~bank:,node,33189,31820,7,
edron|bridge~bank:,node,33180,31819,7,
edron|bridge~bank:,node,33172,31816,7,
edron|bridge~bank:,node,33172,31808,7,
edron|bridge~bank:,node,33173,31803,7,
edron|bridge~bank:,stand,33173,31803,7,

# --- edron|runes~bank: (18 waypoints) ---
edron|runes~bank:,stand,33255,31842,3,
edron|runes~bank:,stand,33257,31842,4,
edron|runes~bank:,stand,33258,31840,5,
edron|runes~bank:,node,33248,31841,6,
edron|runes~bank:,stand,33247,31841,6,
edron|runes~bank:,node,33237,31841,7,
edron|runes~bank:,node,33224,31840,7,
edron|runes~bank:,node,33216,31842,7,
edron|runes~bank:,node,33207,31844,7,
edron|runes~bank:,node,33198,31842,7,
edron|runes~bank:,node,33193,31837,7,
edron|runes~bank:,node,33191,31829,7,
edron|runes~bank:,node,33189,31820,7,
edron|runes~bank:,node,33181,31818,7,
edron|runes~bank:,node,33171,31816,7,
edron|runes~bank:,node,33171,31808,7,
edron|runes~bank:,node,33173,31803,7,
edron|runes~bank:,stand,33173,31803,7,

# --- edron|food~bank: (16 waypoints) ---
edron|food~bank:,stand,33258,31840,5,
edron|food~bank:,node,33248,31841,6,
edron|food~bank:,stand,33247,31841,6,
edron|food~bank:,node,33237,31841,7,
edron|food~bank:,node,33224,31840,7,
edron|food~bank:,node,33216,31842,7,
edron|food~bank:,node,33207,31844,7,
edron|food~bank:,node,33198,31842,7,
edron|food~bank:,node,33193,31837,7,
edron|food~bank:,node,33191,31829,7,
edron|food~bank:,node,33189,31820,7,
edron|food~bank:,node,33181,31818,7,
edron|food~bank:,node,33171,31816,7,
edron|food~bank:,node,33171,31808,7,
edron|food~bank:,node,33173,31803,7,
edron|food~bank:,stand,33173,31803,7,

# --- edron|potions~bank: (16 waypoints) ---
edron|potions~bank:,stand,33255,31838,7,
edron|potions~bank:,node,33248,31841,6,
edron|potions~bank:,stand,33247,31841,6,
edron|potions~bank:,node,33237,31841,7,
edron|potions~bank:,node,33224,31840,7,
edron|potions~bank:,node,33216,31842,7,
edron|potions~bank:,node,33207,31844,7,
edron|potions~bank:,node,33198,31842,7,
edron|potions~bank:,node,33193,31837,7,
edron|potions~bank:,node,33191,31829,7,
edron|potions~bank:,node,33189,31820,7,
edron|potions~bank:,node,33181,31818,7,
edron|potions~bank:,node,33171,31816,7,
edron|potions~bank:,node,33171,31808,7,
edron|potions~bank:,node,33173,31803,7,
edron|potions~bank:,stand,33173,31803,7,

# --- edron|temple~bank: (9 waypoints) ---
edron|temple~bank:,node,33210,31815,8,
edron|temple~bank:,stand,33210,31814,8,
edron|temple~bank:,node,33202,31817,7,
edron|temple~bank:,node,33192,31819,7,
edron|temple~bank:,node,33182,31819,7,
edron|temple~bank:,node,33171,31816,7,
edron|temple~bank:,node,33171,31808,7,
edron|temple~bank:,node,33173,31803,7,
edron|temple~bank:,stand,33173,31803,7,

# --- edron|towers~temple: (18 waypoints) ---
edron|towers~temple:,stand,33255,31838,7,
edron|towers~temple:,node,33248,31841,6,
edron|towers~temple:,stand,33247,31841,6,
edron|towers~temple:,node,33239,31841,7,
edron|towers~temple:,node,33230,31841,7,
edron|towers~temple:,node,33221,31841,7,
edron|towers~temple:,node,33213,31842,7,
edron|towers~temple:,node,33204,31843,7,
edron|towers~temple:,node,33197,31840,7,
edron|towers~temple:,node,33193,31836,7,
edron|towers~temple:,node,33192,31830,7,
edron|towers~temple:,node,33192,31824,7,
edron|towers~temple:,node,33196,31819,7,
edron|towers~temple:,node,33202,31816,7,
edron|towers~temple:,node,33209,31814,7,
edron|towers~temple:,stand,33210,31814,7,
edron|towers~temple:,node,33217,31814,8,
edron|towers~temple:,stand,33217,31814,8,

# --- edron|temple~temple: (2 waypoints) ---
edron|temple~temple:,node,33217,31814,8,
edron|temple~temple:,stand,33217,31814,8,

# --- edron|trainers~temple: (9 waypoints) ---
edron|trainers~temple:,node,33187,31790,7,
edron|trainers~temple:,node,33196,31790,7,
edron|trainers~temple:,node,33202,31794,7,
edron|trainers~temple:,node,33202,31802,7,
edron|trainers~temple:,node,33202,31810,7,
edron|trainers~temple:,node,33209,31814,7,
edron|trainers~temple:,stand,33210,31814,7,
edron|trainers~temple:,node,33217,31814,8,
edron|trainers~temple:,stand,33217,31814,8,

# --- edron|boat~temple: (13 waypoints) ---
edron|boat~temple:,node,33175,31774,6,
edron|boat~temple:,stand,33175,31775,6,
edron|boat~temple:,node,33184,31777,7,
edron|boat~temple:,node,33191,31780,7,
edron|boat~temple:,node,33191,31789,7,
edron|boat~temple:,node,33201,31791,7,
edron|boat~temple:,node,33202,31799,7,
edron|boat~temple:,node,33202,31807,7,
edron|boat~temple:,node,33203,31813,7,
edron|boat~temple:,node,33209,31814,7,
edron|boat~temple:,stand,33210,31814,7,
edron|boat~temple:,node,33217,31814,8,
edron|boat~temple:,stand,33217,31814,8,

# --- edron|bank~temple: (10 waypoints) ---
edron|bank~temple:,node,33171,31808,7,
edron|bank~temple:,node,33171,31816,7,
edron|bank~temple:,node,33178,31818,7,
edron|bank~temple:,node,33185,31818,7,
edron|bank~temple:,node,33192,31818,7,
edron|bank~temple:,node,33200,31817,7,
edron|bank~temple:,node,33209,31814,7,
edron|bank~temple:,stand,33210,31814,7,
edron|bank~temple:,node,33217,31814,8,
edron|bank~temple:,stand,33217,31814,8,

# --- edron|depot~temple: (11 waypoints) ---
edron|depot~temple:,stand,33166,31808,10,
edron|depot~temple:,stand,33167,31808,9,
edron|depot~temple:,node,33166,31812,8,
edron|depot~temple:,stand,33167,31812,8,
edron|depot~temple:,node,33174,31817,7,
edron|depot~temple:,node,33185,31819,7,
edron|depot~temple:,node,33199,31819,7,
edron|depot~temple:,node,33209,31814,7,
edron|depot~temple:,stand,33210,31814,7,
edron|depot~temple:,node,33217,31814,8,
edron|depot~temple:,stand,33217,31814,8,

# --- edron|carpet~temple: (14 waypoints) ---
edron|carpet~temple:,stand,33189,31785,3,
edron|carpet~temple:,stand,33191,31781,4,
edron|carpet~temple:,stand,33195,31785,5,
edron|carpet~temple:,node,33201,31783,6,
edron|carpet~temple:,node,33210,31783,6,
edron|carpet~temple:,node,33208,31788,6,
edron|carpet~temple:,stand,33208,31789,6,
edron|carpet~temple:,node,33205,31795,7,
edron|carpet~temple:,node,33205,31804,7,
edron|carpet~temple:,node,33204,31814,7,
edron|carpet~temple:,node,33209,31814,7,
edron|carpet~temple:,stand,33210,31814,7,
edron|carpet~temple:,node,33217,31814,8,
edron|carpet~temple:,stand,33217,31814,8,

# --- edron|ammo~temple: (10 waypoints) ---
edron|ammo~temple:,node,33208,31799,6,
edron|ammo~temple:,node,33208,31806,6,
edron|ammo~temple:,node,33208,31813,6,
edron|ammo~temple:,node,33209,31817,6,
edron|ammo~temple:,stand,33209,31818,6,
edron|ammo~temple:,node,33205,31816,7,
edron|ammo~temple:,node,33209,31814,7,
edron|ammo~temple:,stand,33210,31814,7,
edron|ammo~temple:,node,33217,31814,8,
edron|ammo~temple:,stand,33217,31814,8,

# --- edron|loot~temple: (10 waypoints) ---
edron|loot~temple:,node,33208,31799,6,
edron|loot~temple:,node,33208,31806,6,
edron|loot~temple:,node,33208,31813,6,
edron|loot~temple:,node,33209,31817,6,
edron|loot~temple:,stand,33209,31818,6,
edron|loot~temple:,node,33205,31816,7,
edron|loot~temple:,node,33209,31814,7,
edron|loot~temple:,stand,33210,31814,7,
edron|loot~temple:,node,33217,31814,8,
edron|loot~temple:,stand,33217,31814,8,

# --- edron|bridge~temple: (17 waypoints) ---
edron|bridge~temple:,node,33243,31815,7,
edron|bridge~temple:,node,33243,31823,7,
edron|bridge~temple:,node,33236,31826,7,
edron|bridge~temple:,node,33236,31834,7,
edron|bridge~temple:,node,33231,31839,7,
edron|bridge~temple:,node,33221,31839,7,
edron|bridge~temple:,node,33215,31843,7,
edron|bridge~temple:,node,33207,31844,7,
edron|bridge~temple:,node,33198,31841,7,
edron|bridge~temple:,node,33193,31835,7,
edron|bridge~temple:,node,33191,31825,7,
edron|bridge~temple:,node,33196,31818,7,
edron|bridge~temple:,node,33203,31815,7,
edron|bridge~temple:,node,33209,31814,7,
edron|bridge~temple:,stand,33210,31814,7,
edron|bridge~temple:,node,33217,31814,8,
edron|bridge~temple:,stand,33217,31814,8,

# --- edron|runes~temple: (18 waypoints) ---
edron|runes~temple:,stand,33255,31842,3,
edron|runes~temple:,stand,33257,31842,4,
edron|runes~temple:,stand,33258,31840,5,
edron|runes~temple:,node,33248,31841,6,
edron|runes~temple:,stand,33247,31841,6,
edron|runes~temple:,node,33237,31841,7,
edron|runes~temple:,node,33224,31840,7,
edron|runes~temple:,node,33215,31843,7,
edron|runes~temple:,node,33207,31844,7,
edron|runes~temple:,node,33198,31842,7,
edron|runes~temple:,node,33193,31837,7,
edron|runes~temple:,node,33191,31829,7,
edron|runes~temple:,node,33192,31820,7,
edron|runes~temple:,node,33201,31817,7,
edron|runes~temple:,node,33209,31814,7,
edron|runes~temple:,stand,33210,31814,7,
edron|runes~temple:,node,33217,31814,8,
edron|runes~temple:,stand,33217,31814,8,

# --- edron|food~temple: (16 waypoints) ---
edron|food~temple:,stand,33258,31840,5,
edron|food~temple:,node,33248,31841,6,
edron|food~temple:,stand,33247,31841,6,
edron|food~temple:,node,33237,31841,7,
edron|food~temple:,node,33224,31840,7,
edron|food~temple:,node,33215,31843,7,
edron|food~temple:,node,33207,31844,7,
edron|food~temple:,node,33198,31842,7,
edron|food~temple:,node,33193,31837,7,
edron|food~temple:,node,33191,31829,7,
edron|food~temple:,node,33192,31820,7,
edron|food~temple:,node,33201,31817,7,
edron|food~temple:,node,33209,31814,7,
edron|food~temple:,stand,33210,31814,7,
edron|food~temple:,node,33217,31814,8,
edron|food~temple:,stand,33217,31814,8,

# --- edron|potions~temple: (16 waypoints) ---
edron|potions~temple:,stand,33255,31838,7,
edron|potions~temple:,node,33248,31841,6,
edron|potions~temple:,stand,33247,31841,6,
edron|potions~temple:,node,33237,31841,7,
edron|potions~temple:,node,33224,31840,7,
edron|potions~temple:,node,33215,31843,7,
edron|potions~temple:,node,33207,31844,7,
edron|potions~temple:,node,33198,31842,7,
edron|potions~temple:,node,33193,31837,7,
edron|potions~temple:,node,33191,31829,7,
edron|potions~temple:,node,33192,31820,7,
edron|potions~temple:,node,33201,31817,7,
edron|potions~temple:,node,33209,31814,7,
edron|potions~temple:,stand,33210,31814,7,
edron|potions~temple:,node,33217,31814,8,
edron|potions~temple:,stand,33217,31814,8,

# --- edron|towers~carpet: (30 waypoints) ---
edron|towers~carpet:,stand,33255,31838,7,
edron|towers~carpet:,node,33248,31841,6,
edron|towers~carpet:,stand,33247,31841,6,
edron|towers~carpet:,node,33239,31841,7,
edron|towers~carpet:,node,33230,31841,7,
edron|towers~carpet:,node,33221,31841,7,
edron|towers~carpet:,node,33213,31842,7,
edron|towers~carpet:,node,33204,31843,7,
edron|towers~carpet:,node,33197,31840,7,
edron|towers~carpet:,node,33193,31836,7,
edron|towers~carpet:,node,33192,31830,7,
edron|towers~carpet:,node,33192,31824,7,
edron|towers~carpet:,node,33196,31819,7,
edron|towers~carpet:,node,33200,31814,7,
edron|towers~carpet:,node,33202,31806,7,
edron|towers~carpet:,node,33204,31797,7,
edron|towers~carpet:,node,33209,31789,7,
edron|towers~carpet:,ladder,33209,31789,7,
edron|towers~carpet:,node,33215,31788,6,
edron|towers~carpet:,ladder,33215,31784,7,
edron|towers~carpet:,node,33211,31783,6,
edron|towers~carpet:,node,33202,31783,6,
edron|towers~carpet:,node,33195,31785,6,
edron|towers~carpet:,ladder,33195,31785,6,
edron|towers~carpet:,node,33191,31781,5,
edron|towers~carpet:,ladder,33191,31781,5,
edron|towers~carpet:,node,33189,31785,4,
edron|towers~carpet:,ladder,33189,31785,4,
edron|towers~carpet:,node,33192,31784,3,
edron|towers~carpet:,stand,33192,31784,3,

# --- edron|carpet~carpet: (2 waypoints) ---
edron|carpet~carpet:,node,33193,31783,3,
edron|carpet~carpet:,stand,33193,31783,3,

# --- edron|depot~carpet: (22 waypoints) ---
edron|depot~carpet:,stand,33166,31808,10,
edron|depot~carpet:,stand,33167,31808,9,
edron|depot~carpet:,node,33166,31812,8,
edron|depot~carpet:,stand,33167,31812,8,
edron|depot~carpet:,node,33172,31816,7,
edron|depot~carpet:,node,33179,31818,7,
edron|depot~carpet:,node,33190,31818,7,
edron|depot~carpet:,node,33199,31818,7,
edron|depot~carpet:,node,33202,31810,7,
edron|depot~carpet:,node,33203,31802,7,
edron|depot~carpet:,node,33204,31794,7,
edron|depot~carpet:,node,33208,31789,7,
edron|depot~carpet:,ladder,33208,31789,7,
edron|depot~carpet:,node,33215,31789,6,
edron|depot~carpet:,node,33210,31783,6,
edron|depot~carpet:,node,33202,31783,6,
edron|depot~carpet:,node,33195,31785,6,
edron|depot~carpet:,ladder,33195,31785,6,
edron|depot~carpet:,ladder,33192,31781,5,
edron|depot~carpet:,ladder,33189,31785,4,
edron|depot~carpet:,node,33193,31783,3,
edron|depot~carpet:,stand,33193,31783,3,

# --- edron|bank~carpet: (20 waypoints) ---
edron|bank~carpet:,node,33170,31808,7,
edron|bank~carpet:,node,33172,31816,7,
edron|bank~carpet:,node,33179,31818,7,
edron|bank~carpet:,node,33187,31818,7,
edron|bank~carpet:,node,33195,31818,7,
edron|bank~carpet:,node,33203,31818,7,
edron|bank~carpet:,node,33203,31811,7,
edron|bank~carpet:,node,33203,31804,7,
edron|bank~carpet:,node,33203,31797,7,
edron|bank~carpet:,node,33208,31789,7,
edron|bank~carpet:,ladder,33208,31789,7,
edron|bank~carpet:,node,33215,31789,6,
edron|bank~carpet:,node,33210,31783,6,
edron|bank~carpet:,node,33202,31783,6,
edron|bank~carpet:,node,33195,31785,6,
edron|bank~carpet:,ladder,33195,31785,6,
edron|bank~carpet:,ladder,33192,31781,5,
edron|bank~carpet:,ladder,33189,31785,4,
edron|bank~carpet:,node,33193,31783,3,
edron|bank~carpet:,stand,33193,31783,3,

# --- edron|boat~carpet: (17 waypoints) ---
edron|boat~carpet:,node,33175,31774,6,
edron|boat~carpet:,stand,33175,31775,6,
edron|boat~carpet:,node,33185,31777,7,
edron|boat~carpet:,node,33191,31781,7,
edron|boat~carpet:,node,33191,31789,7,
edron|boat~carpet:,node,33200,31789,7,
edron|boat~carpet:,node,33208,31789,7,
edron|boat~carpet:,ladder,33208,31789,7,
edron|boat~carpet:,node,33215,31789,6,
edron|boat~carpet:,node,33210,31783,6,
edron|boat~carpet:,node,33202,31783,6,
edron|boat~carpet:,node,33195,31785,6,
edron|boat~carpet:,ladder,33195,31785,6,
edron|boat~carpet:,ladder,33192,31781,5,
edron|boat~carpet:,ladder,33189,31785,4,
edron|boat~carpet:,node,33193,31783,3,
edron|boat~carpet:,stand,33193,31783,3,

# --- edron|trainers~carpet: (14 waypoints) ---
edron|trainers~carpet:,node,33185,31789,7,
edron|trainers~carpet:,node,33192,31789,7,
edron|trainers~carpet:,node,33200,31789,7,
edron|trainers~carpet:,node,33208,31789,7,
edron|trainers~carpet:,ladder,33208,31789,7,
edron|trainers~carpet:,node,33215,31789,6,
edron|trainers~carpet:,node,33210,31783,6,
edron|trainers~carpet:,node,33202,31783,6,
edron|trainers~carpet:,node,33195,31785,6,
edron|trainers~carpet:,ladder,33195,31785,6,
edron|trainers~carpet:,ladder,33192,31781,5,
edron|trainers~carpet:,ladder,33189,31785,4,
edron|trainers~carpet:,node,33193,31783,3,
edron|trainers~carpet:,stand,33193,31783,3,

# --- edron|loot~carpet: (11 waypoints) ---
edron|loot~carpet:,node,33210,31797,6,
edron|loot~carpet:,node,33209,31793,6,
edron|loot~carpet:,node,33214,31788,6,
edron|loot~carpet:,node,33210,31783,6,
edron|loot~carpet:,node,33201,31783,6,
edron|loot~carpet:,node,33195,31785,6,
edron|loot~carpet:,ladder,33195,31785,6,
edron|loot~carpet:,ladder,33192,31781,5,
edron|loot~carpet:,ladder,33189,31785,4,
edron|loot~carpet:,node,33193,31783,3,
edron|loot~carpet:,stand,33193,31783,3,

# --- edron|ammo~carpet: (11 waypoints) ---
edron|ammo~carpet:,node,33210,31797,6,
edron|ammo~carpet:,node,33209,31793,6,
edron|ammo~carpet:,node,33214,31788,6,
edron|ammo~carpet:,node,33210,31783,6,
edron|ammo~carpet:,node,33201,31783,6,
edron|ammo~carpet:,node,33195,31785,6,
edron|ammo~carpet:,ladder,33195,31785,6,
edron|ammo~carpet:,ladder,33192,31781,5,
edron|ammo~carpet:,ladder,33189,31785,4,
edron|ammo~carpet:,node,33193,31783,3,
edron|ammo~carpet:,stand,33193,31783,3,

# --- edron|runes~carpet: (26 waypoints) ---
edron|runes~carpet:,stand,33255,31842,3,
edron|runes~carpet:,stand,33257,31842,4,
edron|runes~carpet:,stand,33258,31840,5,
edron|runes~carpet:,node,33248,31841,6,
edron|runes~carpet:,stand,33247,31841,6,
edron|runes~carpet:,node,33236,31841,7,
edron|runes~carpet:,node,33224,31840,7,
edron|runes~carpet:,node,33216,31842,7,
edron|runes~carpet:,node,33207,31844,7,
edron|runes~carpet:,node,33198,31842,7,
edron|runes~carpet:,node,33192,31835,7,
edron|runes~carpet:,node,33192,31826,7,
edron|runes~carpet:,node,33199,31818,7,
edron|runes~carpet:,node,33203,31808,7,
edron|runes~carpet:,node,33203,31795,7,
edron|runes~carpet:,node,33208,31789,7,
edron|runes~carpet:,ladder,33208,31789,7,
edron|runes~carpet:,node,33215,31789,6,
edron|runes~carpet:,node,33210,31783,6,
edron|runes~carpet:,node,33202,31783,6,
edron|runes~carpet:,node,33195,31785,6,
edron|runes~carpet:,ladder,33195,31785,6,
edron|runes~carpet:,ladder,33192,31781,5,
edron|runes~carpet:,ladder,33189,31785,4,
edron|runes~carpet:,node,33193,31783,3,
edron|runes~carpet:,stand,33193,31783,3,

# --- edron|food~carpet: (24 waypoints) ---
edron|food~carpet:,stand,33258,31840,5,
edron|food~carpet:,node,33248,31841,6,
edron|food~carpet:,stand,33247,31841,6,
edron|food~carpet:,node,33236,31841,7,
edron|food~carpet:,node,33224,31840,7,
edron|food~carpet:,node,33216,31842,7,
edron|food~carpet:,node,33207,31844,7,
edron|food~carpet:,node,33198,31842,7,
edron|food~carpet:,node,33192,31835,7,
edron|food~carpet:,node,33192,31826,7,
edron|food~carpet:,node,33199,31818,7,
edron|food~carpet:,node,33203,31808,7,
edron|food~carpet:,node,33203,31795,7,
edron|food~carpet:,node,33208,31789,7,
edron|food~carpet:,ladder,33208,31789,7,
edron|food~carpet:,node,33215,31789,6,
edron|food~carpet:,node,33210,31783,6,
edron|food~carpet:,node,33202,31783,6,
edron|food~carpet:,node,33195,31785,6,
edron|food~carpet:,ladder,33195,31785,6,
edron|food~carpet:,ladder,33192,31781,5,
edron|food~carpet:,ladder,33189,31785,4,
edron|food~carpet:,node,33193,31783,3,
edron|food~carpet:,stand,33193,31783,3,

# --- edron|potions~carpet: (24 waypoints) ---
edron|potions~carpet:,stand,33255,31838,7,
edron|potions~carpet:,node,33248,31841,6,
edron|potions~carpet:,stand,33247,31841,6,
edron|potions~carpet:,node,33236,31841,7,
edron|potions~carpet:,node,33224,31840,7,
edron|potions~carpet:,node,33216,31842,7,
edron|potions~carpet:,node,33207,31844,7,
edron|potions~carpet:,node,33198,31842,7,
edron|potions~carpet:,node,33192,31835,7,
edron|potions~carpet:,node,33192,31826,7,
edron|potions~carpet:,node,33199,31818,7,
edron|potions~carpet:,node,33203,31808,7,
edron|potions~carpet:,node,33203,31795,7,
edron|potions~carpet:,node,33208,31789,7,
edron|potions~carpet:,ladder,33208,31789,7,
edron|potions~carpet:,node,33215,31789,6,
edron|potions~carpet:,node,33210,31783,6,
edron|potions~carpet:,node,33202,31783,6,
edron|potions~carpet:,node,33195,31785,6,
edron|potions~carpet:,ladder,33195,31785,6,
edron|potions~carpet:,ladder,33192,31781,5,
edron|potions~carpet:,ladder,33189,31785,4,
edron|potions~carpet:,node,33193,31783,3,
edron|potions~carpet:,stand,33193,31783,3,

# --- edron|bridge~carpet: (16 waypoints) ---
edron|bridge~carpet:,node,33210,31815,8,
edron|bridge~carpet:,stand,33210,31814,8,
edron|bridge~carpet:,node,33204,31814,7,
edron|bridge~carpet:,node,33204,31803,7,
edron|bridge~carpet:,node,33204,31793,7,
edron|bridge~carpet:,node,33208,31789,7,
edron|bridge~carpet:,ladder,33208,31789,7,
edron|bridge~carpet:,node,33215,31789,6,
edron|bridge~carpet:,node,33210,31783,6,
edron|bridge~carpet:,node,33202,31783,6,
edron|bridge~carpet:,node,33195,31785,6,
edron|bridge~carpet:,ladder,33195,31785,6,
edron|bridge~carpet:,ladder,33192,31781,5,
edron|bridge~carpet:,ladder,33189,31785,4,
edron|bridge~carpet:,node,33193,31783,3,
edron|bridge~carpet:,stand,33193,31783,3,

# --- edron|towers~depot: (19 waypoints) ---
edron|towers~depot:,stand,33255,31838,7,
edron|towers~depot:,node,33248,31841,6,
edron|towers~depot:,stand,33247,31841,6,
edron|towers~depot:,node,33239,31841,7,
edron|towers~depot:,node,33230,31841,7,
edron|towers~depot:,node,33221,31841,7,
edron|towers~depot:,node,33213,31842,7,
edron|towers~depot:,node,33204,31843,7,
edron|towers~depot:,node,33197,31840,7,
edron|towers~depot:,node,33193,31836,7,
edron|towers~depot:,node,33191,31829,7,
edron|towers~depot:,node,33190,31821,7,
edron|towers~depot:,node,33182,31819,7,
edron|towers~depot:,node,33174,31817,7,
edron|towers~depot:,node,33169,31813,7,
edron|towers~depot:,stand,33169,31812,7,
edron|towers~depot:,node,33171,31808,8,
edron|towers~depot:,node,33168,31800,8,
edron|towers~depot:,stand,33168,31800,8,

# --- edron|depot~depot: (7 waypoints) ---
edron|depot~depot:,node,33167,31808,10,
edron|depot~depot:,stand,33166,31808,10,
edron|depot~depot:,stand,33167,31808,9,
edron|depot~depot:,node,33169,31811,7,
edron|depot~depot:,stand,33169,31812,7,
edron|depot~depot:,node,33168,31800,8,
edron|depot~depot:,stand,33168,31800,8,

# --- edron|boat~depot: (19 waypoints) ---
edron|boat~depot:,node,33175,31774,6,
edron|boat~depot:,stand,33175,31775,6,
edron|boat~depot:,node,33183,31777,7,
edron|boat~depot:,node,33191,31781,7,
edron|boat~depot:,node,33191,31790,7,
edron|boat~depot:,node,33201,31793,7,
edron|boat~depot:,node,33201,31801,7,
edron|boat~depot:,node,33201,31809,7,
edron|boat~depot:,node,33201,31817,7,
edron|boat~depot:,node,33193,31819,7,
edron|boat~depot:,node,33183,31819,7,
edron|boat~depot:,node,33174,31818,7,
edron|boat~depot:,node,33169,31813,7,
edron|boat~depot:,stand,33169,31812,7,
edron|boat~depot:,node,33173,31813,8,
edron|boat~depot:,node,33173,31807,8,
edron|boat~depot:,node,33168,31804,8,
edron|boat~depot:,node,33168,31800,8,
edron|boat~depot:,stand,33168,31800,8,

# --- edron|bank~depot: (8 waypoints) ---
edron|bank~depot:,node,33172,31807,7,
edron|bank~depot:,node,33169,31811,7,
edron|bank~depot:,stand,33169,31812,7,
edron|bank~depot:,node,33173,31813,8,
edron|bank~depot:,node,33173,31807,8,
edron|bank~depot:,node,33168,31804,8,
edron|bank~depot:,node,33168,31800,8,
edron|bank~depot:,stand,33168,31800,8,

# --- edron|trainers~depot: (14 waypoints) ---
edron|trainers~depot:,node,33187,31790,7,
edron|trainers~depot:,node,33200,31792,7,
edron|trainers~depot:,node,33200,31801,7,
edron|trainers~depot:,node,33200,31810,7,
edron|trainers~depot:,node,33198,31818,7,
edron|trainers~depot:,node,33187,31818,7,
edron|trainers~depot:,node,33176,31818,7,
edron|trainers~depot:,node,33169,31813,7,
edron|trainers~depot:,stand,33169,31812,7,
edron|trainers~depot:,node,33173,31813,8,
edron|trainers~depot:,node,33173,31807,8,
edron|trainers~depot:,node,33168,31804,8,
edron|trainers~depot:,node,33168,31800,8,
edron|trainers~depot:,stand,33168,31800,8,

# --- edron|temple~depot: (13 waypoints) ---
edron|temple~depot:,node,33210,31815,8,
edron|temple~depot:,stand,33210,31814,8,
edron|temple~depot:,node,33203,31815,7,
edron|temple~depot:,node,33197,31818,7,
edron|temple~depot:,node,33187,31818,7,
edron|temple~depot:,node,33177,31818,7,
edron|temple~depot:,node,33169,31813,7,
edron|temple~depot:,stand,33169,31812,7,
edron|temple~depot:,node,33173,31813,8,
edron|temple~depot:,node,33173,31807,8,
edron|temple~depot:,node,33168,31804,8,
edron|temple~depot:,node,33168,31800,8,
edron|temple~depot:,stand,33168,31800,8,

# --- edron|loot~depot: (15 waypoints) ---
edron|loot~depot:,node,33209,31797,6,
edron|loot~depot:,node,33209,31804,6,
edron|loot~depot:,node,33209,31811,6,
edron|loot~depot:,node,33209,31817,6,
edron|loot~depot:,stand,33209,31818,6,
edron|loot~depot:,node,33202,31819,7,
edron|loot~depot:,node,33190,31818,7,
edron|loot~depot:,node,33176,31818,7,
edron|loot~depot:,node,33169,31813,7,
edron|loot~depot:,stand,33169,31812,7,
edron|loot~depot:,node,33173,31813,8,
edron|loot~depot:,node,33173,31807,8,
edron|loot~depot:,node,33168,31804,8,
edron|loot~depot:,node,33168,31800,8,
edron|loot~depot:,stand,33168,31800,8,

# --- edron|ammo~depot: (15 waypoints) ---
edron|ammo~depot:,node,33209,31797,6,
edron|ammo~depot:,node,33209,31804,6,
edron|ammo~depot:,node,33209,31811,6,
edron|ammo~depot:,node,33209,31817,6,
edron|ammo~depot:,stand,33209,31818,6,
edron|ammo~depot:,node,33202,31819,7,
edron|ammo~depot:,node,33190,31818,7,
edron|ammo~depot:,node,33176,31818,7,
edron|ammo~depot:,node,33169,31813,7,
edron|ammo~depot:,stand,33169,31812,7,
edron|ammo~depot:,node,33173,31813,8,
edron|ammo~depot:,node,33173,31807,8,
edron|ammo~depot:,node,33168,31804,8,
edron|ammo~depot:,node,33168,31800,8,
edron|ammo~depot:,stand,33168,31800,8,

# --- edron|runes~depot: (20 waypoints) ---
edron|runes~depot:,stand,33255,31842,3,
edron|runes~depot:,stand,33257,31842,4,
edron|runes~depot:,stand,33258,31840,5,
edron|runes~depot:,node,33248,31841,6,
edron|runes~depot:,stand,33247,31841,6,
edron|runes~depot:,node,33236,31841,7,
edron|runes~depot:,node,33224,31840,7,
edron|runes~depot:,node,33215,31842,7,
edron|runes~depot:,node,33205,31843,7,
edron|runes~depot:,node,33196,31840,7,
edron|runes~depot:,node,33191,31831,7,
edron|runes~depot:,node,33188,31820,7,
edron|runes~depot:,node,33176,31818,7,
edron|runes~depot:,node,33169,31813,7,
edron|runes~depot:,stand,33169,31812,7,
edron|runes~depot:,node,33173,31813,8,
edron|runes~depot:,node,33173,31807,8,
edron|runes~depot:,node,33168,31804,8,
edron|runes~depot:,node,33168,31800,8,
edron|runes~depot:,stand,33168,31800,8,

# --- edron|food~depot: (18 waypoints) ---
edron|food~depot:,stand,33258,31840,5,
edron|food~depot:,node,33248,31841,6,
edron|food~depot:,stand,33247,31841,6,
edron|food~depot:,node,33236,31841,7,
edron|food~depot:,node,33224,31840,7,
edron|food~depot:,node,33215,31842,7,
edron|food~depot:,node,33205,31843,7,
edron|food~depot:,node,33196,31840,7,
edron|food~depot:,node,33191,31831,7,
edron|food~depot:,node,33188,31820,7,
edron|food~depot:,node,33176,31818,7,
edron|food~depot:,node,33169,31813,7,
edron|food~depot:,stand,33169,31812,7,
edron|food~depot:,node,33173,31813,8,
edron|food~depot:,node,33173,31807,8,
edron|food~depot:,node,33168,31804,8,
edron|food~depot:,node,33168,31800,8,
edron|food~depot:,stand,33168,31800,8,

# --- edron|potions~depot: (18 waypoints) ---
edron|potions~depot:,stand,33255,31838,7,
edron|potions~depot:,node,33248,31841,6,
edron|potions~depot:,stand,33247,31841,6,
edron|potions~depot:,node,33236,31841,7,
edron|potions~depot:,node,33224,31840,7,
edron|potions~depot:,node,33215,31842,7,
edron|potions~depot:,node,33205,31843,7,
edron|potions~depot:,node,33196,31840,7,
edron|potions~depot:,node,33191,31831,7,
edron|potions~depot:,node,33188,31820,7,
edron|potions~depot:,node,33176,31818,7,
edron|potions~depot:,node,33169,31813,7,
edron|potions~depot:,stand,33169,31812,7,
edron|potions~depot:,node,33173,31813,8,
edron|potions~depot:,node,33173,31807,8,
edron|potions~depot:,node,33168,31804,8,
edron|potions~depot:,node,33168,31800,8,
edron|potions~depot:,stand,33168,31800,8,

# --- edron|carpet~depot: (21 waypoints) ---
edron|carpet~depot:,stand,33189,31785,3,
edron|carpet~depot:,stand,33191,31781,4,
edron|carpet~depot:,stand,33195,31785,5,
edron|carpet~depot:,node,33200,31783,6,
edron|carpet~depot:,node,33209,31783,6,
edron|carpet~depot:,node,33214,31788,6,
edron|carpet~depot:,node,33208,31788,6,
edron|carpet~depot:,stand,33208,31789,6,
edron|carpet~depot:,node,33202,31794,7,
edron|carpet~depot:,node,33202,31803,7,
edron|carpet~depot:,node,33202,31812,7,
edron|carpet~depot:,node,33197,31819,7,
edron|carpet~depot:,node,33187,31819,7,
edron|carpet~depot:,node,33177,31819,7,
edron|carpet~depot:,node,33169,31813,7,
edron|carpet~depot:,stand,33169,31812,7,
edron|carpet~depot:,node,33173,31813,8,
edron|carpet~depot:,node,33173,31807,8,
edron|carpet~depot:,node,33168,31804,8,
edron|carpet~depot:,node,33168,31800,8,
edron|carpet~depot:,stand,33168,31800,8,

# --- edron|bridge~depot: (19 waypoints) ---
edron|bridge~depot:,node,33243,31817,7,
edron|bridge~depot:,node,33243,31824,7,
edron|bridge~depot:,node,33236,31828,7,
edron|bridge~depot:,node,33236,31834,7,
edron|bridge~depot:,node,33232,31839,7,
edron|bridge~depot:,node,33217,31840,7,
edron|bridge~depot:,node,33207,31844,7,
edron|bridge~depot:,node,33196,31840,7,
edron|bridge~depot:,node,33191,31832,7,
edron|bridge~depot:,node,33191,31821,7,
edron|bridge~depot:,node,33184,31819,7,
edron|bridge~depot:,node,33176,31818,7,
edron|bridge~depot:,node,33169,31813,7,
edron|bridge~depot:,stand,33169,31812,7,
edron|bridge~depot:,node,33173,31813,8,
edron|bridge~depot:,node,33173,31807,8,
edron|bridge~depot:,node,33168,31804,8,
edron|bridge~depot:,node,33168,31800,8,
edron|bridge~depot:,stand,33168,31800,8,

# --- depot|edron|1: (1 waypoints) ---
depot|edron|1:,node,33164,31799,8,

# --- depot|edron|2: (1 waypoints) ---
depot|edron|2:,node,33172,31799,8,

# --- edron|towers~trainers: (21 waypoints) ---
edron|towers~trainers:,stand,33255,31838,7,
edron|towers~trainers:,node,33248,31841,6,
edron|towers~trainers:,stand,33247,31841,6,
edron|towers~trainers:,node,33239,31841,7,
edron|towers~trainers:,node,33230,31841,7,
edron|towers~trainers:,node,33221,31841,7,
edron|towers~trainers:,node,33213,31842,7,
edron|towers~trainers:,node,33204,31843,7,
edron|towers~trainers:,node,33197,31840,7,
edron|towers~trainers:,node,33193,31836,7,
edron|towers~trainers:,node,33192,31830,7,
edron|towers~trainers:,node,33192,31824,7,
edron|towers~trainers:,node,33196,31819,7,
edron|towers~trainers:,node,33200,31814,7,
edron|towers~trainers:,node,33200,31807,7,
edron|towers~trainers:,node,33200,31800,7,
edron|towers~trainers:,node,33200,31793,7,
edron|towers~trainers:,node,33193,31791,7,
edron|towers~trainers:,node,33186,31790,7,
edron|towers~trainers:,node,33179,31790,7,
edron|towers~trainers:,stand,33179,31790,7,

# --- edron|trainers~trainers: (2 waypoints) ---
edron|trainers~trainers:,node,33179,31790,7,
edron|trainers~trainers:,stand,33179,31790,7,

# --- edron|boat~trainers: (7 waypoints) ---
edron|boat~trainers:,node,33175,31774,6,
edron|boat~trainers:,stand,33175,31775,6,
edron|boat~trainers:,node,33184,31777,7,
edron|boat~trainers:,node,33191,31780,7,
edron|boat~trainers:,node,33191,31789,7,
edron|boat~trainers:,node,33179,31790,7,
edron|boat~trainers:,stand,33179,31790,7,

# --- edron|loot~trainers: (7 waypoints) ---
edron|loot~trainers:,node,33209,31797,6,
edron|loot~trainers:,node,33208,31790,6,
edron|loot~trainers:,stand,33208,31789,6,
edron|loot~trainers:,node,33200,31790,7,
edron|loot~trainers:,node,33189,31790,7,
edron|loot~trainers:,node,33179,31790,7,
edron|loot~trainers:,stand,33179,31790,7,

# --- edron|ammo~trainers: (7 waypoints) ---
edron|ammo~trainers:,node,33209,31797,6,
edron|ammo~trainers:,node,33208,31790,6,
edron|ammo~trainers:,stand,33208,31789,6,
edron|ammo~trainers:,node,33200,31790,7,
edron|ammo~trainers:,node,33189,31790,7,
edron|ammo~trainers:,node,33179,31790,7,
edron|ammo~trainers:,stand,33179,31790,7,

# --- edron|temple~trainers: (8 waypoints) ---
edron|temple~trainers:,node,33210,31815,8,
edron|temple~trainers:,stand,33210,31814,8,
edron|temple~trainers:,node,33202,31814,7,
edron|temple~trainers:,node,33202,31802,7,
edron|temple~trainers:,node,33200,31792,7,
edron|temple~trainers:,node,33190,31790,7,
edron|temple~trainers:,node,33179,31790,7,
edron|temple~trainers:,stand,33179,31790,7,

# --- edron|bank~trainers: (12 waypoints) ---
edron|bank~trainers:,node,33171,31808,7,
edron|bank~trainers:,node,33172,31816,7,
edron|bank~trainers:,node,33178,31818,7,
edron|bank~trainers:,node,33186,31818,7,
edron|bank~trainers:,node,33194,31818,7,
edron|bank~trainers:,node,33200,31817,7,
edron|bank~trainers:,node,33200,31809,7,
edron|bank~trainers:,node,33200,31800,7,
edron|bank~trainers:,node,33200,31792,7,
edron|bank~trainers:,node,33189,31790,7,
edron|bank~trainers:,node,33179,31790,7,
edron|bank~trainers:,stand,33179,31790,7,

# --- edron|depot~trainers: (13 waypoints) ---
edron|depot~trainers:,stand,33166,31808,10,
edron|depot~trainers:,stand,33167,31808,9,
edron|depot~trainers:,node,33166,31812,8,
edron|depot~trainers:,stand,33167,31812,8,
edron|depot~trainers:,node,33170,31817,7,
edron|depot~trainers:,node,33180,31818,7,
edron|depot~trainers:,node,33193,31818,7,
edron|depot~trainers:,node,33200,31815,7,
edron|depot~trainers:,node,33200,31803,7,
edron|depot~trainers:,node,33200,31792,7,
edron|depot~trainers:,node,33190,31790,7,
edron|depot~trainers:,node,33179,31790,7,
edron|depot~trainers:,stand,33179,31790,7,

# --- edron|bridge~trainers: (17 waypoints) ---
edron|bridge~trainers:,node,33243,31815,7,
edron|bridge~trainers:,node,33242,31822,7,
edron|bridge~trainers:,node,33237,31827,7,
edron|bridge~trainers:,node,33235,31835,7,
edron|bridge~trainers:,node,33228,31839,7,
edron|bridge~trainers:,node,33218,31841,7,
edron|bridge~trainers:,node,33210,31843,7,
edron|bridge~trainers:,node,33201,31843,7,
edron|bridge~trainers:,node,33194,31837,7,
edron|bridge~trainers:,node,33191,31828,7,
edron|bridge~trainers:,node,33196,31819,7,
edron|bridge~trainers:,node,33200,31811,7,
edron|bridge~trainers:,node,33200,31801,7,
edron|bridge~trainers:,node,33200,31792,7,
edron|bridge~trainers:,node,33190,31790,7,
edron|bridge~trainers:,node,33179,31790,7,
edron|bridge~trainers:,stand,33179,31790,7,

# --- edron|runes~trainers: (17 waypoints) ---
edron|runes~trainers:,stand,33255,31842,3,
edron|runes~trainers:,stand,33257,31842,4,
edron|runes~trainers:,stand,33258,31840,5,
edron|runes~trainers:,node,33248,31841,6,
edron|runes~trainers:,stand,33247,31841,6,
edron|runes~trainers:,node,33234,31841,7,
edron|runes~trainers:,node,33219,31840,7,
edron|runes~trainers:,node,33207,31843,7,
edron|runes~trainers:,node,33196,31840,7,
edron|runes~trainers:,node,33192,31829,7,
edron|runes~trainers:,node,33195,31819,7,
edron|runes~trainers:,node,33200,31812,7,
edron|runes~trainers:,node,33200,31802,7,
edron|runes~trainers:,node,33199,31792,7,
edron|runes~trainers:,node,33189,31790,7,
edron|runes~trainers:,node,33179,31790,7,
edron|runes~trainers:,stand,33179,31790,7,

# --- edron|food~trainers: (15 waypoints) ---
edron|food~trainers:,stand,33258,31840,5,
edron|food~trainers:,node,33248,31841,6,
edron|food~trainers:,stand,33247,31841,6,
edron|food~trainers:,node,33234,31841,7,
edron|food~trainers:,node,33219,31840,7,
edron|food~trainers:,node,33207,31843,7,
edron|food~trainers:,node,33196,31840,7,
edron|food~trainers:,node,33192,31829,7,
edron|food~trainers:,node,33195,31819,7,
edron|food~trainers:,node,33200,31812,7,
edron|food~trainers:,node,33200,31802,7,
edron|food~trainers:,node,33199,31792,7,
edron|food~trainers:,node,33189,31790,7,
edron|food~trainers:,node,33179,31790,7,
edron|food~trainers:,stand,33179,31790,7,

# --- edron|potions~trainers: (15 waypoints) ---
edron|potions~trainers:,stand,33255,31838,7,
edron|potions~trainers:,node,33248,31841,6,
edron|potions~trainers:,stand,33247,31841,6,
edron|potions~trainers:,node,33234,31841,7,
edron|potions~trainers:,node,33219,31840,7,
edron|potions~trainers:,node,33207,31843,7,
edron|potions~trainers:,node,33196,31840,7,
edron|potions~trainers:,node,33192,31829,7,
edron|potions~trainers:,node,33195,31819,7,
edron|potions~trainers:,node,33200,31812,7,
edron|potions~trainers:,node,33200,31802,7,
edron|potions~trainers:,node,33199,31792,7,
edron|potions~trainers:,node,33189,31790,7,
edron|potions~trainers:,node,33179,31790,7,
edron|potions~trainers:,stand,33179,31790,7,

# --- edron|carpet~trainers: (11 waypoints) ---
edron|carpet~trainers:,stand,33189,31785,3,
edron|carpet~trainers:,stand,33192,31781,4,
edron|carpet~trainers:,stand,33195,31785,5,
edron|carpet~trainers:,node,33200,31783,6,
edron|carpet~trainers:,node,33210,31783,6,
edron|carpet~trainers:,node,33208,31788,6,
edron|carpet~trainers:,stand,33208,31789,6,
edron|carpet~trainers:,node,33198,31790,7,
edron|carpet~trainers:,node,33189,31790,7,
edron|carpet~trainers:,node,33179,31790,7,
edron|carpet~trainers:,stand,33179,31790,7,

# --- edron|towers~loot: (21 waypoints) ---
edron|towers~loot:,stand,33255,31838,7,
edron|towers~loot:,node,33248,31841,6,
edron|towers~loot:,stand,33247,31841,6,
edron|towers~loot:,node,33239,31841,7,
edron|towers~loot:,node,33230,31841,7,
edron|towers~loot:,node,33221,31841,7,
edron|towers~loot:,node,33213,31842,7,
edron|towers~loot:,node,33204,31843,7,
edron|towers~loot:,node,33197,31840,7,
edron|towers~loot:,node,33193,31836,7,
edron|towers~loot:,node,33192,31830,7,
edron|towers~loot:,node,33192,31824,7,
edron|towers~loot:,node,33197,31819,7,
edron|towers~loot:,node,33203,31819,7,
edron|towers~loot:,node,33209,31819,7,
edron|towers~loot:,stand,33209,31818,7,
edron|towers~loot:,node,33209,31812,6,
edron|towers~loot:,node,33209,31805,6,
edron|towers~loot:,node,33209,31798,6,
edron|towers~loot:,node,33213,31796,6,
edron|towers~loot:,stand,33213,31796,6,

# --- edron|loot~loot: (2 waypoints) ---
edron|loot~loot:,node,33213,31796,6,
edron|loot~loot:,stand,33213,31796,6,

# --- edron|boat~loot: (10 waypoints) ---
edron|boat~loot:,node,33175,31774,6,
edron|boat~loot:,stand,33175,31775,6,
edron|boat~loot:,node,33183,31777,7,
edron|boat~loot:,node,33191,31780,7,
edron|boat~loot:,node,33191,31789,7,
edron|boat~loot:,node,33205,31789,7,
edron|boat~loot:,ladder,33208,31789,7,
edron|boat~loot:,node,33208,31797,6,
edron|boat~loot:,node,33213,31796,6,
edron|boat~loot:,stand,33213,31796,6,

# --- edron|trainers~loot: (7 waypoints) ---
edron|trainers~loot:,node,33187,31790,7,
edron|trainers~loot:,node,33196,31790,7,
edron|trainers~loot:,node,33205,31789,7,
edron|trainers~loot:,ladder,33208,31789,7,
edron|trainers~loot:,node,33208,31798,6,
edron|trainers~loot:,node,33213,31796,6,
edron|trainers~loot:,stand,33213,31796,6,

# --- edron|carpet~loot: (7 waypoints) ---
edron|carpet~loot:,stand,33189,31785,3,
edron|carpet~loot:,stand,33192,31781,4,
edron|carpet~loot:,stand,33195,31785,5,
edron|carpet~loot:,node,33202,31783,6,
edron|carpet~loot:,node,33214,31789,6,
edron|carpet~loot:,node,33214,31796,6,
edron|carpet~loot:,stand,33214,31796,6,

# --- edron|temple~loot: (8 waypoints) ---
edron|temple~loot:,node,33210,31815,8,
edron|temple~loot:,stand,33210,31814,8,
edron|temple~loot:,node,33208,31818,7,
edron|temple~loot:,stand,33209,31818,7,
edron|temple~loot:,node,33209,31808,6,
edron|temple~loot:,node,33209,31800,6,
edron|temple~loot:,node,33213,31796,6,
edron|temple~loot:,stand,33213,31796,6,

# --- edron|bank~loot: (11 waypoints) ---
edron|bank~loot:,node,33172,31808,7,
edron|bank~loot:,node,33172,31816,7,
edron|bank~loot:,node,33180,31818,7,
edron|bank~loot:,node,33189,31818,7,
edron|bank~loot:,node,33199,31818,7,
edron|bank~loot:,node,33208,31818,7,
edron|bank~loot:,stand,33209,31818,7,
edron|bank~loot:,node,33209,31811,6,
edron|bank~loot:,node,33209,31802,6,
edron|bank~loot:,node,33213,31796,6,
edron|bank~loot:,stand,33213,31796,6,

# --- edron|depot~loot: (13 waypoints) ---
edron|depot~loot:,stand,33170,31808,10,
edron|depot~loot:,stand,33169,31808,9,
edron|depot~loot:,node,33170,31812,8,
edron|depot~loot:,stand,33169,31812,8,
edron|depot~loot:,node,33174,31817,7,
edron|depot~loot:,node,33186,31818,7,
edron|depot~loot:,node,33198,31818,7,
edron|depot~loot:,node,33208,31818,7,
edron|depot~loot:,stand,33209,31818,7,
edron|depot~loot:,node,33209,31809,6,
edron|depot~loot:,node,33209,31801,6,
edron|depot~loot:,node,33213,31796,6,
edron|depot~loot:,stand,33213,31796,6,

# --- edron|ammo~loot: (1 waypoints) ---
edron|ammo~loot:,stand,33213,31796,6,

# --- edron|bridge~loot: (16 waypoints) ---
edron|bridge~loot:,node,33243,31818,7,
edron|bridge~loot:,node,33237,31825,7,
edron|bridge~loot:,node,33235,31833,7,
edron|bridge~loot:,node,33231,31839,7,
edron|bridge~loot:,node,33222,31840,7,
edron|bridge~loot:,node,33213,31843,7,
edron|bridge~loot:,node,33201,31843,7,
edron|bridge~loot:,node,33195,31838,7,
edron|bridge~loot:,node,33192,31829,7,
edron|bridge~loot:,node,33195,31820,7,
edron|bridge~loot:,node,33208,31818,7,
edron|bridge~loot:,stand,33209,31818,7,
edron|bridge~loot:,node,33209,31811,6,
edron|bridge~loot:,node,33209,31801,6,
edron|bridge~loot:,node,33213,31796,6,
edron|bridge~loot:,stand,33213,31796,6,

# --- edron|runes~loot: (17 waypoints) ---
edron|runes~loot:,stand,33255,31842,3,
edron|runes~loot:,stand,33257,31842,4,
edron|runes~loot:,stand,33258,31840,5,
edron|runes~loot:,node,33248,31841,6,
edron|runes~loot:,stand,33247,31841,6,
edron|runes~loot:,node,33234,31841,7,
edron|runes~loot:,node,33218,31841,7,
edron|runes~loot:,node,33207,31843,7,
edron|runes~loot:,node,33196,31840,7,
edron|runes~loot:,node,33191,31830,7,
edron|runes~loot:,node,33196,31820,7,
edron|runes~loot:,node,33207,31818,7,
edron|runes~loot:,stand,33209,31818,7,
edron|runes~loot:,node,33209,31810,6,
edron|runes~loot:,node,33209,31800,6,
edron|runes~loot:,node,33213,31796,6,
edron|runes~loot:,stand,33213,31796,6,

# --- edron|food~loot: (15 waypoints) ---
edron|food~loot:,stand,33258,31840,5,
edron|food~loot:,node,33248,31841,6,
edron|food~loot:,stand,33247,31841,6,
edron|food~loot:,node,33234,31841,7,
edron|food~loot:,node,33218,31841,7,
edron|food~loot:,node,33207,31843,7,
edron|food~loot:,node,33196,31840,7,
edron|food~loot:,node,33191,31830,7,
edron|food~loot:,node,33196,31820,7,
edron|food~loot:,node,33207,31818,7,
edron|food~loot:,stand,33209,31818,7,
edron|food~loot:,node,33209,31810,6,
edron|food~loot:,node,33209,31800,6,
edron|food~loot:,node,33213,31796,6,
edron|food~loot:,stand,33213,31796,6,

# --- edron|potions~loot: (15 waypoints) ---
edron|potions~loot:,stand,33255,31838,7,
edron|potions~loot:,node,33248,31841,6,
edron|potions~loot:,stand,33247,31841,6,
edron|potions~loot:,node,33234,31841,7,
edron|potions~loot:,node,33218,31841,7,
edron|potions~loot:,node,33207,31843,7,
edron|potions~loot:,node,33196,31840,7,
edron|potions~loot:,node,33191,31830,7,
edron|potions~loot:,node,33196,31820,7,
edron|potions~loot:,node,33207,31818,7,
edron|potions~loot:,stand,33209,31818,7,
edron|potions~loot:,node,33209,31810,6,
edron|potions~loot:,node,33209,31800,6,
edron|potions~loot:,node,33213,31796,6,
edron|potions~loot:,stand,33213,31796,6,

# --- edron|towers~ammo: (21 waypoints) ---
edron|towers~ammo:,stand,33255,31838,7,
edron|towers~ammo:,node,33248,31841,6,
edron|towers~ammo:,stand,33247,31841,6,
edron|towers~ammo:,node,33239,31841,7,
edron|towers~ammo:,node,33230,31841,7,
edron|towers~ammo:,node,33221,31841,7,
edron|towers~ammo:,node,33213,31842,7,
edron|towers~ammo:,node,33204,31843,7,
edron|towers~ammo:,node,33197,31840,7,
edron|towers~ammo:,node,33193,31836,7,
edron|towers~ammo:,node,33192,31830,7,
edron|towers~ammo:,node,33192,31824,7,
edron|towers~ammo:,node,33197,31819,7,
edron|towers~ammo:,node,33203,31819,7,
edron|towers~ammo:,node,33209,31819,7,
edron|towers~ammo:,stand,33209,31818,7,
edron|towers~ammo:,node,33209,31812,6,
edron|towers~ammo:,node,33209,31805,6,
edron|towers~ammo:,node,33209,31798,6,
edron|towers~ammo:,node,33213,31796,6,
edron|towers~ammo:,stand,33213,31796,6,

# --- edron|ammo~ammo: (2 waypoints) ---
edron|ammo~ammo:,node,33213,31796,6,
edron|ammo~ammo:,stand,33213,31796,6,

# --- edron|boat~ammo: (10 waypoints) ---
edron|boat~ammo:,node,33175,31774,6,
edron|boat~ammo:,stand,33175,31775,6,
edron|boat~ammo:,node,33183,31777,7,
edron|boat~ammo:,node,33191,31780,7,
edron|boat~ammo:,node,33191,31789,7,
edron|boat~ammo:,node,33205,31789,7,
edron|boat~ammo:,ladder,33208,31789,7,
edron|boat~ammo:,node,33208,31797,6,
edron|boat~ammo:,node,33213,31796,6,
edron|boat~ammo:,stand,33213,31796,6,

# --- edron|trainers~ammo: (7 waypoints) ---
edron|trainers~ammo:,node,33187,31790,7,
edron|trainers~ammo:,node,33196,31790,7,
edron|trainers~ammo:,node,33205,31789,7,
edron|trainers~ammo:,ladder,33208,31789,7,
edron|trainers~ammo:,node,33208,31798,6,
edron|trainers~ammo:,node,33213,31796,6,
edron|trainers~ammo:,stand,33213,31796,6,

# --- edron|carpet~ammo: (7 waypoints) ---
edron|carpet~ammo:,stand,33189,31785,3,
edron|carpet~ammo:,stand,33192,31781,4,
edron|carpet~ammo:,stand,33195,31785,5,
edron|carpet~ammo:,node,33202,31783,6,
edron|carpet~ammo:,node,33214,31789,6,
edron|carpet~ammo:,node,33214,31796,6,
edron|carpet~ammo:,stand,33214,31796,6,

# --- edron|temple~ammo: (8 waypoints) ---
edron|temple~ammo:,node,33210,31815,8,
edron|temple~ammo:,stand,33210,31814,8,
edron|temple~ammo:,node,33208,31818,7,
edron|temple~ammo:,stand,33209,31818,7,
edron|temple~ammo:,node,33209,31808,6,
edron|temple~ammo:,node,33209,31800,6,
edron|temple~ammo:,node,33213,31796,6,
edron|temple~ammo:,stand,33213,31796,6,

# --- edron|bank~ammo: (11 waypoints) ---
edron|bank~ammo:,node,33172,31808,7,
edron|bank~ammo:,node,33172,31816,7,
edron|bank~ammo:,node,33180,31818,7,
edron|bank~ammo:,node,33189,31818,7,
edron|bank~ammo:,node,33199,31818,7,
edron|bank~ammo:,node,33208,31818,7,
edron|bank~ammo:,stand,33209,31818,7,
edron|bank~ammo:,node,33209,31811,6,
edron|bank~ammo:,node,33209,31802,6,
edron|bank~ammo:,node,33213,31796,6,
edron|bank~ammo:,stand,33213,31796,6,

# --- edron|depot~ammo: (13 waypoints) ---
edron|depot~ammo:,stand,33170,31808,10,
edron|depot~ammo:,stand,33169,31808,9,
edron|depot~ammo:,node,33170,31812,8,
edron|depot~ammo:,stand,33169,31812,8,
edron|depot~ammo:,node,33174,31817,7,
edron|depot~ammo:,node,33186,31818,7,
edron|depot~ammo:,node,33198,31818,7,
edron|depot~ammo:,node,33208,31818,7,
edron|depot~ammo:,stand,33209,31818,7,
edron|depot~ammo:,node,33209,31809,6,
edron|depot~ammo:,node,33209,31801,6,
edron|depot~ammo:,node,33213,31796,6,
edron|depot~ammo:,stand,33213,31796,6,

# --- edron|loot~ammo: (1 waypoints) ---
edron|loot~ammo:,stand,33213,31796,6,

# --- edron|bridge~ammo: (16 waypoints) ---
edron|bridge~ammo:,node,33243,31818,7,
edron|bridge~ammo:,node,33237,31825,7,
edron|bridge~ammo:,node,33235,31833,7,
edron|bridge~ammo:,node,33231,31839,7,
edron|bridge~ammo:,node,33222,31840,7,
edron|bridge~ammo:,node,33213,31843,7,
edron|bridge~ammo:,node,33201,31843,7,
edron|bridge~ammo:,node,33195,31838,7,
edron|bridge~ammo:,node,33192,31829,7,
edron|bridge~ammo:,node,33195,31820,7,
edron|bridge~ammo:,node,33208,31818,7,
edron|bridge~ammo:,stand,33209,31818,7,
edron|bridge~ammo:,node,33209,31811,6,
edron|bridge~ammo:,node,33209,31801,6,
edron|bridge~ammo:,node,33213,31796,6,
edron|bridge~ammo:,stand,33213,31796,6,

# --- edron|runes~ammo: (17 waypoints) ---
edron|runes~ammo:,stand,33255,31842,3,
edron|runes~ammo:,stand,33257,31842,4,
edron|runes~ammo:,stand,33258,31840,5,
edron|runes~ammo:,node,33248,31841,6,
edron|runes~ammo:,stand,33247,31841,6,
edron|runes~ammo:,node,33234,31841,7,
edron|runes~ammo:,node,33218,31841,7,
edron|runes~ammo:,node,33207,31843,7,
edron|runes~ammo:,node,33196,31840,7,
edron|runes~ammo:,node,33191,31830,7,
edron|runes~ammo:,node,33196,31820,7,
edron|runes~ammo:,node,33207,31818,7,
edron|runes~ammo:,stand,33209,31818,7,
edron|runes~ammo:,node,33209,31810,6,
edron|runes~ammo:,node,33209,31800,6,
edron|runes~ammo:,node,33213,31796,6,
edron|runes~ammo:,stand,33213,31796,6,

# --- edron|food~ammo: (15 waypoints) ---
edron|food~ammo:,stand,33258,31840,5,
edron|food~ammo:,node,33248,31841,6,
edron|food~ammo:,stand,33247,31841,6,
edron|food~ammo:,node,33234,31841,7,
edron|food~ammo:,node,33218,31841,7,
edron|food~ammo:,node,33207,31843,7,
edron|food~ammo:,node,33196,31840,7,
edron|food~ammo:,node,33191,31830,7,
edron|food~ammo:,node,33196,31820,7,
edron|food~ammo:,node,33207,31818,7,
edron|food~ammo:,stand,33209,31818,7,
edron|food~ammo:,node,33209,31810,6,
edron|food~ammo:,node,33209,31800,6,
edron|food~ammo:,node,33213,31796,6,
edron|food~ammo:,stand,33213,31796,6,

# --- edron|potions~ammo: (15 waypoints) ---
edron|potions~ammo:,stand,33255,31838,7,
edron|potions~ammo:,node,33248,31841,6,
edron|potions~ammo:,stand,33247,31841,6,
edron|potions~ammo:,node,33234,31841,7,
edron|potions~ammo:,node,33218,31841,7,
edron|potions~ammo:,node,33207,31843,7,
edron|potions~ammo:,node,33196,31840,7,
edron|potions~ammo:,node,33191,31830,7,
edron|potions~ammo:,node,33196,31820,7,
edron|potions~ammo:,node,33207,31818,7,
edron|potions~ammo:,stand,33209,31818,7,
edron|potions~ammo:,node,33209,31810,6,
edron|potions~ammo:,node,33209,31800,6,
edron|potions~ammo:,node,33213,31796,6,
edron|potions~ammo:,stand,33213,31796,6,

# --- edron|towers~runes: (5 waypoints) ---
edron|towers~runes:,node,33258,31839,6,
edron|towers~runes:,stand,33258,31840,6,
edron|towers~runes:,stand,33257,31842,5,
edron|towers~runes:,stand,33255,31842,4,
edron|towers~runes:,stand,33256,31841,3,

# --- edron|runes~runes: (1 waypoints) ---
edron|runes~runes:,stand,33256,31841,3,

# --- edron|boat~runes: (21 waypoints) ---
edron|boat~runes:,node,33175,31774,6,
edron|boat~runes:,stand,33175,31775,6,
edron|boat~runes:,node,33190,31778,7,
edron|boat~runes:,node,33191,31789,7,
edron|boat~runes:,node,33200,31792,7,
edron|boat~runes:,node,33200,31802,7,
edron|boat~runes:,node,33200,31812,7,
edron|boat~runes:,node,33196,31817,7,
edron|boat~runes:,node,33191,31825,7,
edron|boat~runes:,node,33191,31834,7,
edron|boat~runes:,node,33197,31842,7,
edron|boat~runes:,node,33207,31843,7,
edron|boat~runes:,node,33217,31841,7,
edron|boat~runes:,node,33232,31841,7,
edron|boat~runes:,node,33246,31841,7,
edron|boat~runes:,stand,33247,31841,7,
edron|boat~runes:,node,33258,31841,6,
edron|boat~runes:,stand,33258,31840,6,
edron|boat~runes:,stand,33257,31842,5,
edron|boat~runes:,stand,33255,31842,4,
edron|boat~runes:,stand,33256,31841,3,

# --- edron|trainers~runes: (20 waypoints) ---
edron|trainers~runes:,node,33187,31790,7,
edron|trainers~runes:,node,33195,31790,7,
edron|trainers~runes:,node,33202,31794,7,
edron|trainers~runes:,node,33202,31802,7,
edron|trainers~runes:,node,33202,31811,7,
edron|trainers~runes:,node,33200,31818,7,
edron|trainers~runes:,node,33191,31821,7,
edron|trainers~runes:,node,33191,31830,7,
edron|trainers~runes:,node,33194,31837,7,
edron|trainers~runes:,node,33200,31844,7,
edron|trainers~runes:,node,33210,31844,7,
edron|trainers~runes:,node,33219,31840,7,
edron|trainers~runes:,node,33232,31840,7,
edron|trainers~runes:,node,33246,31841,7,
edron|trainers~runes:,stand,33247,31841,7,
edron|trainers~runes:,node,33258,31841,6,
edron|trainers~runes:,stand,33258,31840,6,
edron|trainers~runes:,stand,33257,31842,5,
edron|trainers~runes:,stand,33255,31842,4,
edron|trainers~runes:,stand,33256,31841,3,

# --- edron|carpet~runes: (24 waypoints) ---
edron|carpet~runes:,stand,33189,31785,3,
edron|carpet~runes:,stand,33192,31781,4,
edron|carpet~runes:,stand,33195,31785,5,
edron|carpet~runes:,node,33202,31783,6,
edron|carpet~runes:,node,33215,31788,6,
edron|carpet~runes:,node,33208,31788,6,
edron|carpet~runes:,stand,33208,31789,6,
edron|carpet~runes:,node,33202,31793,7,
edron|carpet~runes:,node,33202,31801,7,
edron|carpet~runes:,node,33202,31809,7,
edron|carpet~runes:,node,33201,31817,7,
edron|carpet~runes:,node,33191,31822,7,
edron|carpet~runes:,node,33191,31832,7,
edron|carpet~runes:,node,33197,31841,7,
edron|carpet~runes:,node,33207,31844,7,
edron|carpet~runes:,node,33218,31840,7,
edron|carpet~runes:,node,33233,31840,7,
edron|carpet~runes:,node,33246,31841,7,
edron|carpet~runes:,stand,33247,31841,7,
edron|carpet~runes:,node,33258,31841,6,
edron|carpet~runes:,stand,33258,31840,6,
edron|carpet~runes:,stand,33257,31842,5,
edron|carpet~runes:,stand,33255,31842,4,
edron|carpet~runes:,stand,33256,31841,3,

# --- edron|temple~runes: (16 waypoints) ---
edron|temple~runes:,node,33210,31815,8,
edron|temple~runes:,stand,33210,31814,8,
edron|temple~runes:,node,33202,31817,7,
edron|temple~runes:,node,33191,31821,7,
edron|temple~runes:,node,33191,31832,7,
edron|temple~runes:,node,33197,31841,7,
edron|temple~runes:,node,33207,31844,7,
edron|temple~runes:,node,33217,31841,7,
edron|temple~runes:,node,33233,31841,7,
edron|temple~runes:,node,33246,31841,7,
edron|temple~runes:,stand,33247,31841,7,
edron|temple~runes:,node,33258,31841,6,
edron|temple~runes:,stand,33258,31840,6,
edron|temple~runes:,stand,33257,31842,5,
edron|temple~runes:,stand,33255,31842,4,
edron|temple~runes:,stand,33256,31841,3,

# --- edron|bank~runes: (16 waypoints) ---
edron|bank~runes:,node,33172,31808,7,
edron|bank~runes:,node,33172,31817,7,
edron|bank~runes:,node,33180,31819,7,
edron|bank~runes:,node,33191,31821,7,
edron|bank~runes:,node,33191,31832,7,
edron|bank~runes:,node,33197,31842,7,
edron|bank~runes:,node,33207,31844,7,
edron|bank~runes:,node,33217,31841,7,
edron|bank~runes:,node,33233,31841,7,
edron|bank~runes:,node,33246,31841,7,
edron|bank~runes:,stand,33247,31841,7,
edron|bank~runes:,node,33258,31841,6,
edron|bank~runes:,stand,33258,31840,6,
edron|bank~runes:,stand,33257,31842,5,
edron|bank~runes:,stand,33255,31842,4,
edron|bank~runes:,stand,33256,31841,3,

# --- edron|depot~runes: (20 waypoints) ---
edron|depot~runes:,node,33167,31808,10,
edron|depot~runes:,stand,33166,31808,10,
edron|depot~runes:,stand,33167,31808,9,
edron|depot~runes:,node,33166,31812,8,
edron|depot~runes:,stand,33167,31812,8,
edron|depot~runes:,node,33172,31817,7,
edron|depot~runes:,node,33180,31819,7,
edron|depot~runes:,node,33191,31821,7,
edron|depot~runes:,node,33191,31832,7,
edron|depot~runes:,node,33197,31842,7,
edron|depot~runes:,node,33207,31844,7,
edron|depot~runes:,node,33217,31841,7,
edron|depot~runes:,node,33233,31841,7,
edron|depot~runes:,node,33246,31841,7,
edron|depot~runes:,stand,33247,31841,7,
edron|depot~runes:,node,33258,31841,6,
edron|depot~runes:,stand,33258,31840,6,
edron|depot~runes:,stand,33257,31842,5,
edron|depot~runes:,stand,33255,31842,4,
edron|depot~runes:,stand,33256,31841,3,

# --- edron|loot~runes: (18 waypoints) ---
edron|loot~runes:,node,33209,31800,6,
edron|loot~runes:,node,33209,31808,6,
edron|loot~runes:,node,33209,31817,6,
edron|loot~runes:,stand,33209,31818,6,
edron|loot~runes:,node,33199,31820,7,
edron|loot~runes:,node,33191,31824,7,
edron|loot~runes:,node,33191,31834,7,
edron|loot~runes:,node,33198,31842,7,
edron|loot~runes:,node,33207,31843,7,
edron|loot~runes:,node,33218,31841,7,
edron|loot~runes:,node,33233,31841,7,
edron|loot~runes:,node,33246,31841,7,
edron|loot~runes:,stand,33247,31841,7,
edron|loot~runes:,node,33258,31841,6,
edron|loot~runes:,stand,33258,31840,6,
edron|loot~runes:,stand,33257,31842,5,
edron|loot~runes:,stand,33255,31842,4,
edron|loot~runes:,stand,33256,31841,3,

# --- edron|ammo~runes: (18 waypoints) ---
edron|ammo~runes:,node,33209,31800,6,
edron|ammo~runes:,node,33209,31808,6,
edron|ammo~runes:,node,33209,31817,6,
edron|ammo~runes:,stand,33209,31818,6,
edron|ammo~runes:,node,33199,31820,7,
edron|ammo~runes:,node,33191,31824,7,
edron|ammo~runes:,node,33191,31834,7,
edron|ammo~runes:,node,33198,31842,7,
edron|ammo~runes:,node,33207,31843,7,
edron|ammo~runes:,node,33218,31841,7,
edron|ammo~runes:,node,33233,31841,7,
edron|ammo~runes:,node,33246,31841,7,
edron|ammo~runes:,stand,33247,31841,7,
edron|ammo~runes:,node,33258,31841,6,
edron|ammo~runes:,stand,33258,31840,6,
edron|ammo~runes:,stand,33257,31842,5,
edron|ammo~runes:,stand,33255,31842,4,
edron|ammo~runes:,stand,33256,31841,3,

# --- edron|potions~runes: (5 waypoints) ---
edron|potions~runes:,stand,33255,31838,7,
edron|potions~runes:,stand,33258,31840,6,
edron|potions~runes:,stand,33257,31842,5,
edron|potions~runes:,stand,33255,31842,4,
edron|potions~runes:,stand,33256,31841,3,

# --- edron|food~runes: (3 waypoints) ---
edron|food~runes:,stand,33257,31842,5,
edron|food~runes:,stand,33255,31842,4,
edron|food~runes:,stand,33256,31841,3,

# --- edron|bridge~runes: (10 waypoints) ---
edron|bridge~runes:,node,33243,31818,7,
edron|bridge~runes:,node,33237,31827,7,
edron|bridge~runes:,node,33237,31837,7,
edron|bridge~runes:,node,33246,31841,7,
edron|bridge~runes:,stand,33247,31841,7,
edron|bridge~runes:,node,33258,31841,6,
edron|bridge~runes:,stand,33258,31840,6,
edron|bridge~runes:,stand,33257,31842,5,
edron|bridge~runes:,stand,33255,31842,4,
edron|bridge~runes:,stand,33256,31841,3,

# --- edron|towers~food: (3 waypoints) ---
edron|towers~food:,node,33258,31839,6,
edron|towers~food:,stand,33258,31840,6,
edron|towers~food:,stand,33256,31839,5,

# --- edron|food~food: (1 waypoints) ---
edron|food~food:,stand,33256,31840,5,

# --- edron|boat~food: (19 waypoints) ---
edron|boat~food:,node,33175,31774,6,
edron|boat~food:,stand,33175,31775,6,
edron|boat~food:,node,33190,31778,7,
edron|boat~food:,node,33191,31789,7,
edron|boat~food:,node,33200,31792,7,
edron|boat~food:,node,33200,31802,7,
edron|boat~food:,node,33200,31812,7,
edron|boat~food:,node,33196,31817,7,
edron|boat~food:,node,33191,31825,7,
edron|boat~food:,node,33191,31834,7,
edron|boat~food:,node,33197,31842,7,
edron|boat~food:,node,33207,31843,7,
edron|boat~food:,node,33217,31841,7,
edron|boat~food:,node,33232,31841,7,
edron|boat~food:,node,33246,31841,7,
edron|boat~food:,stand,33247,31841,7,
edron|boat~food:,node,33258,31841,6,
edron|boat~food:,stand,33258,31840,6,
edron|boat~food:,stand,33256,31840,5,

# --- edron|trainers~food: (18 waypoints) ---
edron|trainers~food:,node,33187,31790,7,
edron|trainers~food:,node,33195,31790,7,
edron|trainers~food:,node,33202,31794,7,
edron|trainers~food:,node,33202,31802,7,
edron|trainers~food:,node,33202,31811,7,
edron|trainers~food:,node,33200,31818,7,
edron|trainers~food:,node,33191,31821,7,
edron|trainers~food:,node,33191,31830,7,
edron|trainers~food:,node,33194,31837,7,
edron|trainers~food:,node,33200,31844,7,
edron|trainers~food:,node,33210,31844,7,
edron|trainers~food:,node,33219,31840,7,
edron|trainers~food:,node,33232,31840,7,
edron|trainers~food:,node,33246,31841,7,
edron|trainers~food:,stand,33247,31841,7,
edron|trainers~food:,node,33258,31841,6,
edron|trainers~food:,stand,33258,31840,6,
edron|trainers~food:,stand,33256,31840,5,

# --- edron|carpet~food: (22 waypoints) ---
edron|carpet~food:,stand,33189,31785,3,
edron|carpet~food:,stand,33192,31781,4,
edron|carpet~food:,stand,33195,31785,5,
edron|carpet~food:,node,33202,31783,6,
edron|carpet~food:,node,33215,31788,6,
edron|carpet~food:,node,33208,31788,6,
edron|carpet~food:,stand,33208,31789,6,
edron|carpet~food:,node,33202,31793,7,
edron|carpet~food:,node,33202,31801,7,
edron|carpet~food:,node,33202,31809,7,
edron|carpet~food:,node,33201,31817,7,
edron|carpet~food:,node,33191,31822,7,
edron|carpet~food:,node,33191,31832,7,
edron|carpet~food:,node,33197,31841,7,
edron|carpet~food:,node,33207,31844,7,
edron|carpet~food:,node,33218,31840,7,
edron|carpet~food:,node,33233,31840,7,
edron|carpet~food:,node,33246,31841,7,
edron|carpet~food:,stand,33247,31841,7,
edron|carpet~food:,node,33258,31841,6,
edron|carpet~food:,stand,33258,31840,6,
edron|carpet~food:,stand,33256,31840,5,

# --- edron|temple~food: (14 waypoints) ---
edron|temple~food:,node,33210,31815,8,
edron|temple~food:,stand,33210,31814,8,
edron|temple~food:,node,33202,31817,7,
edron|temple~food:,node,33191,31821,7,
edron|temple~food:,node,33191,31832,7,
edron|temple~food:,node,33197,31841,7,
edron|temple~food:,node,33207,31844,7,
edron|temple~food:,node,33217,31841,7,
edron|temple~food:,node,33233,31841,7,
edron|temple~food:,node,33246,31841,7,
edron|temple~food:,stand,33247,31841,7,
edron|temple~food:,node,33258,31841,6,
edron|temple~food:,stand,33258,31840,6,
edron|temple~food:,stand,33256,31840,5,

# --- edron|bank~food: (14 waypoints) ---
edron|bank~food:,node,33172,31808,7,
edron|bank~food:,node,33172,31817,7,
edron|bank~food:,node,33180,31819,7,
edron|bank~food:,node,33191,31821,7,
edron|bank~food:,node,33191,31832,7,
edron|bank~food:,node,33197,31842,7,
edron|bank~food:,node,33207,31844,7,
edron|bank~food:,node,33217,31841,7,
edron|bank~food:,node,33233,31841,7,
edron|bank~food:,node,33246,31841,7,
edron|bank~food:,stand,33247,31841,7,
edron|bank~food:,node,33258,31841,6,
edron|bank~food:,stand,33258,31840,6,
edron|bank~food:,stand,33256,31840,5,

# --- edron|depot~food: (18 waypoints) ---
edron|depot~food:,node,33167,31808,10,
edron|depot~food:,stand,33166,31808,10,
edron|depot~food:,stand,33167,31808,9,
edron|depot~food:,node,33166,31812,8,
edron|depot~food:,stand,33167,31812,8,
edron|depot~food:,node,33172,31817,7,
edron|depot~food:,node,33180,31819,7,
edron|depot~food:,node,33191,31821,7,
edron|depot~food:,node,33191,31832,7,
edron|depot~food:,node,33197,31842,7,
edron|depot~food:,node,33207,31844,7,
edron|depot~food:,node,33217,31841,7,
edron|depot~food:,node,33233,31841,7,
edron|depot~food:,node,33246,31841,7,
edron|depot~food:,stand,33247,31841,7,
edron|depot~food:,node,33258,31841,6,
edron|depot~food:,stand,33258,31840,6,
edron|depot~food:,stand,33256,31840,5,

# --- edron|loot~food: (16 waypoints) ---
edron|loot~food:,node,33209,31800,6,
edron|loot~food:,node,33209,31808,6,
edron|loot~food:,node,33209,31817,6,
edron|loot~food:,stand,33209,31818,6,
edron|loot~food:,node,33199,31820,7,
edron|loot~food:,node,33191,31824,7,
edron|loot~food:,node,33191,31834,7,
edron|loot~food:,node,33198,31842,7,
edron|loot~food:,node,33207,31843,7,
edron|loot~food:,node,33218,31841,7,
edron|loot~food:,node,33233,31841,7,
edron|loot~food:,node,33246,31841,7,
edron|loot~food:,stand,33247,31841,7,
edron|loot~food:,node,33258,31841,6,
edron|loot~food:,stand,33258,31840,6,
edron|loot~food:,stand,33256,31840,5,

# --- edron|ammo~food: (16 waypoints) ---
edron|ammo~food:,node,33209,31800,6,
edron|ammo~food:,node,33209,31808,6,
edron|ammo~food:,node,33209,31817,6,
edron|ammo~food:,stand,33209,31818,6,
edron|ammo~food:,node,33199,31820,7,
edron|ammo~food:,node,33191,31824,7,
edron|ammo~food:,node,33191,31834,7,
edron|ammo~food:,node,33198,31842,7,
edron|ammo~food:,node,33207,31843,7,
edron|ammo~food:,node,33218,31841,7,
edron|ammo~food:,node,33233,31841,7,
edron|ammo~food:,node,33246,31841,7,
edron|ammo~food:,stand,33247,31841,7,
edron|ammo~food:,node,33258,31841,6,
edron|ammo~food:,stand,33258,31840,6,
edron|ammo~food:,stand,33256,31840,5,

# --- edron|potions~food: (3 waypoints) ---
edron|potions~food:,stand,33255,31838,7,
edron|potions~food:,stand,33258,31840,6,
edron|potions~food:,stand,33256,31840,5,

# --- edron|bridge~food: (8 waypoints) ---
edron|bridge~food:,node,33243,31818,7,
edron|bridge~food:,node,33237,31827,7,
edron|bridge~food:,node,33237,31837,7,
edron|bridge~food:,node,33246,31841,7,
edron|bridge~food:,stand,33247,31841,7,
edron|bridge~food:,node,33258,31841,6,
edron|bridge~food:,stand,33258,31840,6,
edron|bridge~food:,stand,33256,31840,5,

# --- edron|runes~food: (3 waypoints) ---
edron|runes~food:,stand,33255,31842,3,
edron|runes~food:,stand,33257,31842,4,
edron|runes~food:,stand,33256,31840,5,

# --- edron|towers~potions: (3 waypoints) ---
edron|towers~potions:,stand,33255,31838,6,
edron|towers~potions:,node,33255,31840,7,
edron|towers~potions:,stand,33255,31840,7,

# --- edron|potions~potions: (1 waypoints) ---
edron|potions~potions:,stand,33255,31840,7,

# --- edron|boat~potions: (19 waypoints) ---
edron|boat~potions:,node,33175,31774,6,
edron|boat~potions:,stand,33175,31775,6,
edron|boat~potions:,node,33190,31778,7,
edron|boat~potions:,node,33191,31789,7,
edron|boat~potions:,node,33200,31792,7,
edron|boat~potions:,node,33200,31802,7,
edron|boat~potions:,node,33200,31812,7,
edron|boat~potions:,node,33196,31817,7,
edron|boat~potions:,node,33191,31825,7,
edron|boat~potions:,node,33191,31834,7,
edron|boat~potions:,node,33197,31842,7,
edron|boat~potions:,node,33207,31843,7,
edron|boat~potions:,node,33217,31841,7,
edron|boat~potions:,node,33232,31841,7,
edron|boat~potions:,node,33246,31841,7,
edron|boat~potions:,stand,33247,31841,7,
edron|boat~potions:,node,33254,31838,6,
edron|boat~potions:,stand,33255,31838,6,
edron|boat~potions:,stand,33255,31840,7,

# --- edron|trainers~potions: (18 waypoints) ---
edron|trainers~potions:,node,33187,31790,7,
edron|trainers~potions:,node,33195,31790,7,
edron|trainers~potions:,node,33202,31794,7,
edron|trainers~potions:,node,33202,31802,7,
edron|trainers~potions:,node,33202,31811,7,
edron|trainers~potions:,node,33200,31818,7,
edron|trainers~potions:,node,33191,31821,7,
edron|trainers~potions:,node,33191,31830,7,
edron|trainers~potions:,node,33194,31837,7,
edron|trainers~potions:,node,33200,31844,7,
edron|trainers~potions:,node,33210,31844,7,
edron|trainers~potions:,node,33219,31840,7,
edron|trainers~potions:,node,33232,31840,7,
edron|trainers~potions:,node,33246,31841,7,
edron|trainers~potions:,stand,33247,31841,7,
edron|trainers~potions:,node,33254,31838,6,
edron|trainers~potions:,stand,33255,31838,6,
edron|trainers~potions:,stand,33255,31840,7,

# --- edron|carpet~potions: (22 waypoints) ---
edron|carpet~potions:,stand,33189,31785,3,
edron|carpet~potions:,stand,33192,31781,4,
edron|carpet~potions:,stand,33195,31785,5,
edron|carpet~potions:,node,33202,31783,6,
edron|carpet~potions:,node,33215,31788,6,
edron|carpet~potions:,node,33208,31788,6,
edron|carpet~potions:,stand,33208,31789,6,
edron|carpet~potions:,node,33202,31793,7,
edron|carpet~potions:,node,33202,31801,7,
edron|carpet~potions:,node,33202,31809,7,
edron|carpet~potions:,node,33201,31817,7,
edron|carpet~potions:,node,33191,31822,7,
edron|carpet~potions:,node,33191,31832,7,
edron|carpet~potions:,node,33197,31841,7,
edron|carpet~potions:,node,33207,31844,7,
edron|carpet~potions:,node,33218,31840,7,
edron|carpet~potions:,node,33233,31840,7,
edron|carpet~potions:,node,33246,31841,7,
edron|carpet~potions:,stand,33247,31841,7,
edron|carpet~potions:,node,33254,31838,6,
edron|carpet~potions:,stand,33255,31838,6,
edron|carpet~potions:,stand,33255,31840,7,

# --- edron|temple~potions: (14 waypoints) ---
edron|temple~potions:,node,33210,31815,8,
edron|temple~potions:,stand,33210,31814,8,
edron|temple~potions:,node,33202,31817,7,
edron|temple~potions:,node,33191,31821,7,
edron|temple~potions:,node,33191,31832,7,
edron|temple~potions:,node,33197,31841,7,
edron|temple~potions:,node,33207,31844,7,
edron|temple~potions:,node,33217,31841,7,
edron|temple~potions:,node,33233,31841,7,
edron|temple~potions:,node,33246,31841,7,
edron|temple~potions:,stand,33247,31841,7,
edron|temple~potions:,node,33254,31838,6,
edron|temple~potions:,stand,33255,31838,6,
edron|temple~potions:,stand,33255,31840,7,

# --- edron|bank~potions: (14 waypoints) ---
edron|bank~potions:,node,33172,31808,7,
edron|bank~potions:,node,33172,31817,7,
edron|bank~potions:,node,33180,31819,7,
edron|bank~potions:,node,33191,31821,7,
edron|bank~potions:,node,33191,31832,7,
edron|bank~potions:,node,33197,31842,7,
edron|bank~potions:,node,33207,31844,7,
edron|bank~potions:,node,33217,31841,7,
edron|bank~potions:,node,33233,31841,7,
edron|bank~potions:,node,33246,31841,7,
edron|bank~potions:,stand,33247,31841,7,
edron|bank~potions:,node,33254,31838,6,
edron|bank~potions:,stand,33255,31838,6,
edron|bank~potions:,stand,33255,31840,7,

# --- edron|depot~potions: (18 waypoints) ---
edron|depot~potions:,node,33167,31808,10,
edron|depot~potions:,stand,33166,31808,10,
edron|depot~potions:,stand,33167,31808,9,
edron|depot~potions:,node,33166,31812,8,
edron|depot~potions:,stand,33167,31812,8,
edron|depot~potions:,node,33172,31817,7,
edron|depot~potions:,node,33180,31819,7,
edron|depot~potions:,node,33191,31821,7,
edron|depot~potions:,node,33191,31832,7,
edron|depot~potions:,node,33197,31842,7,
edron|depot~potions:,node,33207,31844,7,
edron|depot~potions:,node,33217,31841,7,
edron|depot~potions:,node,33233,31841,7,
edron|depot~potions:,node,33246,31841,7,
edron|depot~potions:,stand,33247,31841,7,
edron|depot~potions:,node,33254,31838,6,
edron|depot~potions:,stand,33255,31838,6,
edron|depot~potions:,stand,33255,31840,7,

# --- edron|loot~potions: (16 waypoints) ---
edron|loot~potions:,node,33209,31800,6,
edron|loot~potions:,node,33209,31808,6,
edron|loot~potions:,node,33209,31817,6,
edron|loot~potions:,stand,33209,31818,6,
edron|loot~potions:,node,33199,31820,7,
edron|loot~potions:,node,33191,31824,7,
edron|loot~potions:,node,33191,31834,7,
edron|loot~potions:,node,33198,31842,7,
edron|loot~potions:,node,33207,31843,7,
edron|loot~potions:,node,33218,31841,7,
edron|loot~potions:,node,33233,31841,7,
edron|loot~potions:,node,33246,31841,7,
edron|loot~potions:,stand,33247,31841,7,
edron|loot~potions:,node,33254,31838,6,
edron|loot~potions:,stand,33255,31838,6,
edron|loot~potions:,stand,33255,31840,7,

# --- edron|ammo~potions: (16 waypoints) ---
edron|ammo~potions:,node,33209,31800,6,
edron|ammo~potions:,node,33209,31808,6,
edron|ammo~potions:,node,33209,31817,6,
edron|ammo~potions:,stand,33209,31818,6,
edron|ammo~potions:,node,33199,31820,7,
edron|ammo~potions:,node,33191,31824,7,
edron|ammo~potions:,node,33191,31834,7,
edron|ammo~potions:,node,33198,31842,7,
edron|ammo~potions:,node,33207,31843,7,
edron|ammo~potions:,node,33218,31841,7,
edron|ammo~potions:,node,33233,31841,7,
edron|ammo~potions:,node,33246,31841,7,
edron|ammo~potions:,stand,33247,31841,7,
edron|ammo~potions:,node,33254,31838,6,
edron|ammo~potions:,stand,33255,31838,6,
edron|ammo~potions:,stand,33255,31840,7,

# --- edron|bridge~potions: (8 waypoints) ---
edron|bridge~potions:,node,33243,31818,7,
edron|bridge~potions:,node,33237,31827,7,
edron|bridge~potions:,node,33237,31837,7,
edron|bridge~potions:,node,33246,31841,7,
edron|bridge~potions:,stand,33247,31841,7,
edron|bridge~potions:,node,33254,31838,6,
edron|bridge~potions:,stand,33255,31838,6,
edron|bridge~potions:,stand,33255,31840,7,

# --- edron|food~potions: (3 waypoints) ---
edron|food~potions:,stand,33258,31840,5,
edron|food~potions:,stand,33255,31838,6,
edron|food~potions:,stand,33255,31840,7,

# --- edron|runes~potions: (5 waypoints) ---
edron|runes~potions:,stand,33255,31842,3,
edron|runes~potions:,stand,33257,31842,4,
edron|runes~potions:,stand,33258,31840,5,
edron|runes~potions:,stand,33255,31838,6,
edron|runes~potions:,stand,33255,31840,7,

# --- edron|towers~bridge: (9 waypoints) ---
edron|towers~bridge:,stand,33255,31838,7,
edron|towers~bridge:,node,33248,31841,6,
edron|towers~bridge:,stand,33247,31841,6,
edron|towers~bridge:,node,33239,31840,7,
edron|towers~bridge:,node,33237,31834,7,
edron|towers~bridge:,node,33237,31825,7,
edron|towers~bridge:,node,33242,31821,7,
edron|towers~bridge:,node,33243,31815,7,
edron|towers~bridge:,node,33243,31809,7,

# --- edron|bridge~bridge: (1 waypoints) ---
edron|bridge~bridge:,node,33243,31809,7,

# --- edron|boat~bridge: (20 waypoints) ---
edron|boat~bridge:,node,33176,31769,6,
edron|boat~bridge:,node,33175,31774,6,
edron|boat~bridge:,stand,33175,31775,6,
edron|boat~bridge:,node,33183,31778,7,
edron|boat~bridge:,node,33191,31783,7,
edron|boat~bridge:,node,33196,31791,7,
edron|boat~bridge:,node,33200,31797,7,
edron|boat~bridge:,node,33200,31806,7,
edron|boat~bridge:,node,33200,31815,7,
edron|boat~bridge:,node,33193,31820,7,
edron|boat~bridge:,node,33192,31828,7,
edron|boat~bridge:,node,33195,31837,7,
edron|boat~bridge:,node,33204,31842,7,
edron|boat~bridge:,node,33214,31842,7,
edron|boat~bridge:,node,33223,31840,7,
edron|boat~bridge:,node,33232,31838,7,
edron|boat~bridge:,node,33236,31832,7,
edron|boat~bridge:,node,33240,31824,7,
edron|boat~bridge:,node,33243,31817,7,
edron|boat~bridge:,node,33243,31809,7,

# --- edron|trainers~bridge: (16 waypoints) ---
edron|trainers~bridge:,node,33187,31790,7,
edron|trainers~bridge:,node,33196,31791,7,
edron|trainers~bridge:,node,33200,31797,7,
edron|trainers~bridge:,node,33200,31806,7,
edron|trainers~bridge:,node,33200,31815,7,
edron|trainers~bridge:,node,33193,31820,7,
edron|trainers~bridge:,node,33192,31828,7,
edron|trainers~bridge:,node,33195,31837,7,
edron|trainers~bridge:,node,33204,31842,7,
edron|trainers~bridge:,node,33214,31842,7,
edron|trainers~bridge:,node,33223,31840,7,
edron|trainers~bridge:,node,33232,31838,7,
edron|trainers~bridge:,node,33236,31832,7,
edron|trainers~bridge:,node,33240,31824,7,
edron|trainers~bridge:,node,33243,31817,7,
edron|trainers~bridge:,node,33243,31809,7,

# --- edron|carpet~bridge: (23 waypoints) ---
edron|carpet~bridge:,node,33189,31784,3,
edron|carpet~bridge:,stand,33189,31785,3,
edron|carpet~bridge:,stand,33191,31781,4,
edron|carpet~bridge:,stand,33195,31785,5,
edron|carpet~bridge:,node,33200,31783,6,
edron|carpet~bridge:,node,33209,31783,6,
edron|carpet~bridge:,node,33208,31788,6,
edron|carpet~bridge:,stand,33208,31789,6,
edron|carpet~bridge:,node,33202,31793,7,
edron|carpet~bridge:,node,33200,31797,7,
edron|carpet~bridge:,node,33200,31806,7,
edron|carpet~bridge:,node,33200,31815,7,
edron|carpet~bridge:,node,33193,31820,7,
edron|carpet~bridge:,node,33192,31828,7,
edron|carpet~bridge:,node,33195,31837,7,
edron|carpet~bridge:,node,33204,31842,7,
edron|carpet~bridge:,node,33214,31842,7,
edron|carpet~bridge:,node,33223,31840,7,
edron|carpet~bridge:,node,33232,31838,7,
edron|carpet~bridge:,node,33236,31832,7,
edron|carpet~bridge:,node,33240,31824,7,
edron|carpet~bridge:,node,33243,31817,7,
edron|carpet~bridge:,node,33243,31809,7,

# --- edron|ammo~bridge: (17 waypoints) ---
edron|ammo~bridge:,node,33209,31798,6,
edron|ammo~bridge:,node,33209,31805,6,
edron|ammo~bridge:,node,33209,31811,6,
edron|ammo~bridge:,node,33209,31817,6,
edron|ammo~bridge:,stand,33209,31818,6,
edron|ammo~bridge:,node,33203,31819,7,
edron|ammo~bridge:,node,33193,31820,7,
edron|ammo~bridge:,node,33192,31828,7,
edron|ammo~bridge:,node,33195,31837,7,
edron|ammo~bridge:,node,33204,31842,7,
edron|ammo~bridge:,node,33214,31842,7,
edron|ammo~bridge:,node,33223,31840,7,
edron|ammo~bridge:,node,33232,31838,7,
edron|ammo~bridge:,node,33236,31832,7,
edron|ammo~bridge:,node,33240,31824,7,
edron|ammo~bridge:,node,33243,31817,7,
edron|ammo~bridge:,node,33243,31809,7,

# --- edron|loot~bridge: (17 waypoints) ---
edron|loot~bridge:,node,33209,31798,6,
edron|loot~bridge:,node,33209,31805,6,
edron|loot~bridge:,node,33209,31811,6,
edron|loot~bridge:,node,33209,31817,6,
edron|loot~bridge:,stand,33209,31818,6,
edron|loot~bridge:,node,33203,31819,7,
edron|loot~bridge:,node,33193,31820,7,
edron|loot~bridge:,node,33192,31828,7,
edron|loot~bridge:,node,33195,31837,7,
edron|loot~bridge:,node,33204,31842,7,
edron|loot~bridge:,node,33214,31842,7,
edron|loot~bridge:,node,33223,31840,7,
edron|loot~bridge:,node,33232,31838,7,
edron|loot~bridge:,node,33236,31832,7,
edron|loot~bridge:,node,33240,31824,7,
edron|loot~bridge:,node,33243,31817,7,
edron|loot~bridge:,node,33243,31809,7,

# --- edron|temple~bridge: (15 waypoints) ---
edron|temple~bridge:,node,33210,31815,8,
edron|temple~bridge:,stand,33210,31814,8,
edron|temple~bridge:,node,33205,31813,7,
edron|temple~bridge:,node,33200,31815,7,
edron|temple~bridge:,node,33193,31820,7,
edron|temple~bridge:,node,33192,31828,7,
edron|temple~bridge:,node,33195,31837,7,
edron|temple~bridge:,node,33204,31842,7,
edron|temple~bridge:,node,33214,31842,7,
edron|temple~bridge:,node,33223,31840,7,
edron|temple~bridge:,node,33232,31838,7,
edron|temple~bridge:,node,33236,31832,7,
edron|temple~bridge:,node,33240,31824,7,
edron|temple~bridge:,node,33243,31817,7,
edron|temple~bridge:,node,33243,31809,7,

# --- edron|bank~bridge: (15 waypoints) ---
edron|bank~bridge:,node,33171,31808,7,
edron|bank~bridge:,node,33172,31815,7,
edron|bank~bridge:,node,33176,31818,7,
edron|bank~bridge:,node,33182,31819,7,
edron|bank~bridge:,node,33188,31820,7,
edron|bank~bridge:,node,33192,31828,7,
edron|bank~bridge:,node,33195,31837,7,
edron|bank~bridge:,node,33204,31842,7,
edron|bank~bridge:,node,33214,31842,7,
edron|bank~bridge:,node,33223,31840,7,
edron|bank~bridge:,node,33232,31838,7,
edron|bank~bridge:,node,33236,31832,7,
edron|bank~bridge:,node,33240,31824,7,
edron|bank~bridge:,node,33243,31817,7,
edron|bank~bridge:,node,33243,31809,7,

# --- edron|depot~bridge: (20 waypoints) ---
edron|depot~bridge:,stand,33166,31808,10,
edron|depot~bridge:,stand,33167,31808,9,
edron|depot~bridge:,stand,33166,31807,8,
edron|depot~bridge:,stand,33166,31812,8,
edron|depot~bridge:,stand,33167,31812,8,
edron|depot~bridge:,stand,33170,31811,7,
edron|depot~bridge:,node,33172,31815,7,
edron|depot~bridge:,node,33176,31818,7,
edron|depot~bridge:,node,33182,31819,7,
edron|depot~bridge:,node,33188,31820,7,
edron|depot~bridge:,node,33192,31828,7,
edron|depot~bridge:,node,33195,31837,7,
edron|depot~bridge:,node,33204,31842,7,
edron|depot~bridge:,node,33214,31842,7,
edron|depot~bridge:,node,33223,31840,7,
edron|depot~bridge:,node,33232,31838,7,
edron|depot~bridge:,node,33236,31832,7,
edron|depot~bridge:,node,33240,31824,7,
edron|depot~bridge:,node,33243,31817,7,
edron|depot~bridge:,node,33243,31809,7,

# --- edron|potions~bridge: (9 waypoints) ---
edron|potions~bridge:,stand,33255,31838,7,
edron|potions~bridge:,stand,33256,31839,6,
edron|potions~bridge:,node,33248,31841,6,
edron|potions~bridge:,stand,33247,31841,6,
edron|potions~bridge:,node,33239,31840,7,
edron|potions~bridge:,node,33236,31832,7,
edron|potions~bridge:,node,33240,31824,7,
edron|potions~bridge:,node,33243,31817,7,
edron|potions~bridge:,node,33243,31809,7,

# --- edron|runes~bridge: (11 waypoints) ---
edron|runes~bridge:,stand,33255,31842,3,
edron|runes~bridge:,stand,33257,31842,4,
edron|runes~bridge:,stand,33258,31840,5,
edron|runes~bridge:,node,33252,31841,6,
edron|runes~bridge:,node,33248,31841,6,
edron|runes~bridge:,stand,33247,31841,6,
edron|runes~bridge:,node,33239,31840,7,
edron|runes~bridge:,node,33236,31832,7,
edron|runes~bridge:,node,33240,31824,7,
edron|runes~bridge:,node,33243,31817,7,
edron|runes~bridge:,node,33243,31809,7,

# --- edron|food~bridge: (9 waypoints) ---
edron|food~bridge:,stand,33258,31840,5,
edron|food~bridge:,node,33252,31841,6,
edron|food~bridge:,node,33248,31841,6,
edron|food~bridge:,stand,33247,31841,6,
edron|food~bridge:,node,33239,31840,7,
edron|food~bridge:,node,33236,31832,7,
edron|food~bridge:,node,33240,31824,7,
edron|food~bridge:,node,33243,31817,7,
edron|food~bridge:,node,33243,31809,7,

# --- edron|towers~towers: (1 waypoints) ---
edron|towers~towers:,node,33257,31834,6,

# --- edron|boat~towers: (26 waypoints) ---
edron|boat~towers:,node,33175,31769,6,
edron|boat~towers:,node,33175,31774,6,
edron|boat~towers:,stand,33175,31775,6,
edron|boat~towers:,node,33181,31777,7,
edron|boat~towers:,node,33188,31779,7,
edron|boat~towers:,node,33191,31784,7,
edron|boat~towers:,node,33194,31790,7,
edron|boat~towers:,node,33200,31792,7,
edron|boat~towers:,node,33200,31799,7,
edron|boat~towers:,node,33200,31806,7,
edron|boat~towers:,node,33200,31813,7,
edron|boat~towers:,node,33197,31818,7,
edron|boat~towers:,node,33192,31823,7,
edron|boat~towers:,node,33192,31831,7,
edron|boat~towers:,node,33195,31837,7,
edron|boat~towers:,node,33199,31842,7,
edron|boat~towers:,node,33205,31843,7,
edron|boat~towers:,node,33212,31843,7,
edron|boat~towers:,node,33219,31841,7,
edron|boat~towers:,node,33228,31841,7,
edron|boat~towers:,node,33237,31841,7,
edron|boat~towers:,node,33246,31841,7,
edron|boat~towers:,stand,33247,31841,7,
edron|boat~towers:,node,33253,31840,6,
edron|boat~towers:,stand,33255,31838,7,
edron|boat~towers:,node,33257,31834,6,

# --- edron|carpet~towers: (29 waypoints) ---
edron|carpet~towers:,node,33189,31784,3,
edron|carpet~towers:,stand,33189,31785,3,
edron|carpet~towers:,node,33191,31782,4,
edron|carpet~towers:,stand,33191,31781,4,
edron|carpet~towers:,node,33195,31784,5,
edron|carpet~towers:,stand,33195,31785,5,
edron|carpet~towers:,node,33204,31783,6,
edron|carpet~towers:,node,33212,31784,6,
edron|carpet~towers:,node,33208,31788,6,
edron|carpet~towers:,stand,33208,31789,6,
edron|carpet~towers:,node,33204,31792,7,
edron|carpet~towers:,node,33203,31799,7,
edron|carpet~towers:,node,33202,31806,7,
edron|carpet~towers:,node,33200,31813,7,
edron|carpet~towers:,node,33197,31818,7,
edron|carpet~towers:,node,33192,31823,7,
edron|carpet~towers:,node,33192,31831,7,
edron|carpet~towers:,node,33195,31837,7,
edron|carpet~towers:,node,33199,31842,7,
edron|carpet~towers:,node,33205,31843,7,
edron|carpet~towers:,node,33212,31843,7,
edron|carpet~towers:,node,33219,31841,7,
edron|carpet~towers:,node,33228,31841,7,
edron|carpet~towers:,node,33237,31841,7,
edron|carpet~towers:,node,33246,31841,7,
edron|carpet~towers:,stand,33247,31841,7,
edron|carpet~towers:,node,33253,31840,6,
edron|carpet~towers:,stand,33255,31838,7,
edron|carpet~towers:,node,33257,31834,6,

# --- edron|depot~towers: (24 waypoints) ---
edron|depot~towers:,node,33167,31808,10,
edron|depot~towers:,stand,33166,31808,10,
edron|depot~towers:,stand,33167,31808,9,
edron|depot~towers:,node,33166,31808,8,
edron|depot~towers:,node,33166,31812,8,
edron|depot~towers:,stand,33167,31812,8,
edron|depot~towers:,node,33170,31811,7,
edron|depot~towers:,node,33174,31817,7,
edron|depot~towers:,node,33180,31819,7,
edron|depot~towers:,node,33187,31820,7,
edron|depot~towers:,node,33192,31823,7,
edron|depot~towers:,node,33192,31831,7,
edron|depot~towers:,node,33195,31837,7,
edron|depot~towers:,node,33199,31842,7,
edron|depot~towers:,node,33205,31843,7,
edron|depot~towers:,node,33212,31843,7,
edron|depot~towers:,node,33219,31841,7,
edron|depot~towers:,node,33228,31841,7,
edron|depot~towers:,node,33237,31841,7,
edron|depot~towers:,node,33246,31841,7,
edron|depot~towers:,stand,33247,31841,7,
edron|depot~towers:,node,33253,31840,6,
edron|depot~towers:,stand,33255,31838,7,
edron|depot~towers:,node,33257,31834,6,

# --- edron|bank~towers: (19 waypoints) ---
edron|bank~towers:,node,33172,31807,7,
edron|bank~towers:,node,33170,31811,7,
edron|bank~towers:,node,33174,31817,7,
edron|bank~towers:,node,33180,31819,7,
edron|bank~towers:,node,33187,31820,7,
edron|bank~towers:,node,33192,31823,7,
edron|bank~towers:,node,33192,31831,7,
edron|bank~towers:,node,33195,31837,7,
edron|bank~towers:,node,33199,31842,7,
edron|bank~towers:,node,33205,31843,7,
edron|bank~towers:,node,33212,31843,7,
edron|bank~towers:,node,33219,31841,7,
edron|bank~towers:,node,33228,31841,7,
edron|bank~towers:,node,33237,31841,7,
edron|bank~towers:,node,33246,31841,7,
edron|bank~towers:,stand,33247,31841,7,
edron|bank~towers:,node,33253,31840,6,
edron|bank~towers:,stand,33255,31838,7,
edron|bank~towers:,node,33257,31834,6,

# --- edron|loot~towers: (19 waypoints) ---
edron|loot~towers:,node,33209,31799,6,
edron|loot~towers:,node,33209,31808,6,
edron|loot~towers:,node,33209,31817,6,
edron|loot~towers:,stand,33209,31818,6,
edron|loot~towers:,node,33201,31820,7,
edron|loot~towers:,node,33192,31823,7,
edron|loot~towers:,node,33192,31831,7,
edron|loot~towers:,node,33195,31837,7,
edron|loot~towers:,node,33199,31842,7,
edron|loot~towers:,node,33205,31843,7,
edron|loot~towers:,node,33212,31843,7,
edron|loot~towers:,node,33219,31841,7,
edron|loot~towers:,node,33228,31841,7,
edron|loot~towers:,node,33237,31841,7,
edron|loot~towers:,node,33246,31841,7,
edron|loot~towers:,stand,33247,31841,7,
edron|loot~towers:,node,33253,31840,6,
edron|loot~towers:,stand,33255,31838,7,
edron|loot~towers:,node,33257,31834,6,

# --- edron|ammo~towers: (19 waypoints) ---
edron|ammo~towers:,node,33209,31799,6,
edron|ammo~towers:,node,33209,31808,6,
edron|ammo~towers:,node,33209,31817,6,
edron|ammo~towers:,stand,33209,31818,6,
edron|ammo~towers:,node,33201,31820,7,
edron|ammo~towers:,node,33192,31823,7,
edron|ammo~towers:,node,33192,31831,7,
edron|ammo~towers:,node,33195,31837,7,
edron|ammo~towers:,node,33199,31842,7,
edron|ammo~towers:,node,33205,31843,7,
edron|ammo~towers:,node,33212,31843,7,
edron|ammo~towers:,node,33219,31841,7,
edron|ammo~towers:,node,33228,31841,7,
edron|ammo~towers:,node,33237,31841,7,
edron|ammo~towers:,node,33246,31841,7,
edron|ammo~towers:,stand,33247,31841,7,
edron|ammo~towers:,node,33253,31840,6,
edron|ammo~towers:,stand,33255,31838,7,
edron|ammo~towers:,node,33257,31834,6,

# --- edron|temple~towers: (18 waypoints) ---
edron|temple~towers:,node,33210,31815,8,
edron|temple~towers:,stand,33210,31814,8,
edron|temple~towers:,node,33204,31815,7,
edron|temple~towers:,node,33199,31819,7,
edron|temple~towers:,node,33192,31823,7,
edron|temple~towers:,node,33192,31831,7,
edron|temple~towers:,node,33195,31837,7,
edron|temple~towers:,node,33199,31842,7,
edron|temple~towers:,node,33205,31843,7,
edron|temple~towers:,node,33212,31843,7,
edron|temple~towers:,node,33219,31841,7,
edron|temple~towers:,node,33228,31841,7,
edron|temple~towers:,node,33237,31841,7,
edron|temple~towers:,node,33246,31841,7,
edron|temple~towers:,stand,33247,31841,7,
edron|temple~towers:,node,33253,31840,6,
edron|temple~towers:,stand,33255,31838,7,
edron|temple~towers:,node,33257,31834,6,

# --- edron|potions~towers: (3 waypoints) ---
edron|potions~towers:,node,33255,31839,7,
edron|potions~towers:,stand,33255,31838,7,
edron|potions~towers:,node,33257,31834,6,

# --- edron|runes~towers: (4 waypoints) ---
edron|runes~towers:,stand,33255,31842,3,
edron|runes~towers:,stand,33257,31842,4,
edron|runes~towers:,stand,33258,31840,5,
edron|runes~towers:,node,33257,31834,6,

# --- edron|food~towers: (2 waypoints) ---
edron|food~towers:,stand,33258,31840,5,
edron|food~towers:,node,33257,31834,6,

# --- edron|bridge~towers: (10 waypoints) ---
edron|bridge~towers:,node,33243,31814,7,
edron|bridge~towers:,node,33242,31821,7,
edron|bridge~towers:,node,33238,31825,7,
edron|bridge~towers:,node,33237,31831,7,
edron|bridge~towers:,node,33238,31838,7,
edron|bridge~towers:,node,33246,31841,7,
edron|bridge~towers:,stand,33247,31841,7,
edron|bridge~towers:,node,33253,31840,6,
edron|bridge~towers:,stand,33255,31838,7,
edron|bridge~towers:,node,33257,31834,6,

# --- edron|trainers~towers: (21 waypoints) ---
edron|trainers~towers:,node,33186,31790,7,
edron|trainers~towers:,node,33194,31790,7,
edron|trainers~towers:,node,33200,31792,7,
edron|trainers~towers:,node,33200,31799,7,
edron|trainers~towers:,node,33200,31806,7,
edron|trainers~towers:,node,33200,31813,7,
edron|trainers~towers:,node,33197,31818,7,
edron|trainers~towers:,node,33192,31823,7,
edron|trainers~towers:,node,33192,31831,7,
edron|trainers~towers:,node,33195,31837,7,
edron|trainers~towers:,node,33199,31842,7,
edron|trainers~towers:,node,33205,31843,7,
edron|trainers~towers:,node,33212,31843,7,
edron|trainers~towers:,node,33219,31841,7,
edron|trainers~towers:,node,33228,31841,7,
edron|trainers~towers:,node,33237,31841,7,
edron|trainers~towers:,node,33246,31841,7,
edron|trainers~towers:,stand,33247,31841,7,
edron|trainers~towers:,node,33253,31840,6,
edron|trainers~towers:,stand,33255,31838,7,
edron|trainers~towers:,node,33257,31834,6,

# --- edron|potions~exit-potions: (5 waypoints) ---
edron|potions~exit-potions:,stand,33255,31838,7,
edron|potions~exit-potions:,node,33248,31841,6,
edron|potions~exit-potions:,stand,33247,31841,6,
edron|potions~exit-potions:,node,33236,31841,7,
edron|potions~exit-potions:,stand,33236,31837,7,
