source_name,waypoint_type,pos_x,pos_y,pos_z,action_label

# --- yalahar|bank~tools: (11 waypoints) ---
yalahar|bank~tools:,node,32831,31248,7,
yalahar|bank~tools:,node,32831,31241,7,
yalahar|bank~tools:,node,32831,31234,7,
yalahar|bank~tools:,node,32822,31234,7,
yalahar|bank~tools:,node,32812,31234,7,
yalahar|bank~tools:,node,32802,31234,7,
yalahar|bank~tools:,node,32790,31233,7,
yalahar|bank~tools:,node,32790,31238,7,
yalahar|bank~tools:,stand,32790,31239,7,
yalahar|bank~tools:,node,32790,31238,6,
yalahar|bank~tools:,stand,32790,31238,6,

# --- yalahar|tools~depot: (7 waypoints) ---
yalahar|tools~depot:,stand,32790,31239,6,
yalahar|tools~depot:,node,32790,31233,7,
yalahar|tools~depot:,node,32800,31234,7,
yalahar|tools~depot:,node,32800,31241,7,
yalahar|tools~depot:,node,32798,31246,7,
yalahar|tools~depot:,node,32797,31248,7,
yalahar|tools~depot:,node,32791,31247,7,

# --- yalahar|bank~boat: (14 waypoints) ---
yalahar|bank~boat:,stand,32825,31247,6,
yalahar|bank~boat:,node,32828,31249,7,
yalahar|bank~boat:,node,32830,31254,7,
yalahar|bank~boat:,node,32823,31255,7,
yalahar|bank~boat:,node,32817,31255,7,
yalahar|bank~boat:,node,32810,31255,7,
yalahar|bank~boat:,node,32804,31255,7,
yalahar|bank~boat:,stand,32803,31255,7,
yalahar|bank~boat:,node,32806,31259,6,
yalahar|bank~boat:,node,32811,31265,6,
yalahar|bank~boat:,node,32813,31272,6,
yalahar|bank~boat:,door,32817,31275,6,
yalahar|bank~boat:,ladder,32815,31277,6,
yalahar|bank~boat:,stand,32815,31278,5,

# --- yalahar|depot~boat: (16 waypoints) ---
yalahar|depot~boat:,node,32798,31247,7,
yalahar|depot~boat:,stand,32797,31246,7,
yalahar|depot~boat:,node,32778,31248,5,
yalahar|depot~boat:,stand,32777,31247,5,
yalahar|depot~boat:,node,32785,31249,6,
yalahar|depot~boat:,stand,32786,31248,6,
yalahar|depot~boat:,node,32795,31249,7,
yalahar|depot~boat:,node,32800,31250,7,
yalahar|depot~boat:,node,32802,31254,7,
yalahar|depot~boat:,stand,32802,31255,7,
yalahar|depot~boat:,node,32806,31259,6,
yalahar|depot~boat:,node,32811,31265,6,
yalahar|depot~boat:,node,32813,31272,6,
yalahar|depot~boat:,door,32817,31275,6,
yalahar|depot~boat:,ladder,32815,31277,6,
yalahar|depot~boat:,stand,32815,31278,5,

# --- yalahar|ammo~boat: (17 waypoints) ---
yalahar|ammo~boat:,stand,32789,31239,3,
yalahar|ammo~boat:,stand,32790,31239,4,
yalahar|ammo~boat:,stand,32789,31239,5,
yalahar|ammo~boat:,stand,32790,31239,6,
yalahar|ammo~boat:,node,32790,31233,7,
yalahar|ammo~boat:,node,32795,31233,7,
yalahar|ammo~boat:,node,32800,31234,7,
yalahar|ammo~boat:,node,32801,31239,7,
yalahar|ammo~boat:,node,32802,31246,7,
yalahar|ammo~boat:,node,32802,31254,7,
yalahar|ammo~boat:,stand,32802,31255,7,
yalahar|ammo~boat:,node,32806,31259,6,
yalahar|ammo~boat:,node,32811,31265,6,
yalahar|ammo~boat:,node,32813,31272,6,
yalahar|ammo~boat:,door,32817,31275,6,
yalahar|ammo~boat:,ladder,32815,31277,6,
yalahar|ammo~boat:,stand,32815,31278,5,

# --- yalahar|runes~boat: (15 waypoints) ---
yalahar|runes~boat:,stand,32789,31239,5,
yalahar|runes~boat:,stand,32790,31239,6,
yalahar|runes~boat:,node,32790,31233,7,
yalahar|runes~boat:,node,32795,31233,7,
yalahar|runes~boat:,node,32800,31234,7,
yalahar|runes~boat:,node,32801,31239,7,
yalahar|runes~boat:,node,32802,31246,7,
yalahar|runes~boat:,node,32802,31254,7,
yalahar|runes~boat:,stand,32802,31255,7,
yalahar|runes~boat:,node,32806,31259,6,
yalahar|runes~boat:,node,32811,31265,6,
yalahar|runes~boat:,node,32813,31272,6,
yalahar|runes~boat:,door,32817,31275,6,
yalahar|runes~boat:,ladder,32815,31277,6,
yalahar|runes~boat:,stand,32815,31278,5,

# --- yalahar|potions~boat: (15 waypoints) ---
yalahar|potions~boat:,stand,32789,31239,5,
yalahar|potions~boat:,stand,32790,31239,6,
yalahar|potions~boat:,node,32790,31233,7,
yalahar|potions~boat:,node,32795,31233,7,
yalahar|potions~boat:,node,32800,31234,7,
yalahar|potions~boat:,node,32801,31239,7,
yalahar|potions~boat:,node,32802,31246,7,
yalahar|potions~boat:,node,32802,31254,7,
yalahar|potions~boat:,stand,32802,31255,7,
yalahar|potions~boat:,node,32806,31259,6,
yalahar|potions~boat:,node,32811,31265,6,
yalahar|potions~boat:,node,32813,31272,6,
yalahar|potions~boat:,door,32817,31275,6,
yalahar|potions~boat:,ladder,32815,31277,6,
yalahar|potions~boat:,stand,32815,31278,5,

# --- yalahar|food~boat: (22 waypoints) ---
yalahar|food~boat:,node,32859,31209,7,
yalahar|food~boat:,node,32859,31215,7,
yalahar|food~boat:,node,32858,31221,7,
yalahar|food~boat:,node,32857,31227,7,
yalahar|food~boat:,node,32854,31232,7,
yalahar|food~boat:,node,32851,31236,7,
yalahar|food~boat:,node,32848,31240,7,
yalahar|food~boat:,node,32845,31244,7,
yalahar|food~boat:,node,32841,31248,7,
yalahar|food~boat:,node,32837,31252,7,
yalahar|food~boat:,node,32830,31254,7,
yalahar|food~boat:,node,32823,31255,7,
yalahar|food~boat:,node,32817,31255,7,
yalahar|food~boat:,node,32810,31255,7,
yalahar|food~boat:,node,32804,31255,7,
yalahar|food~boat:,stand,32803,31255,7,
yalahar|food~boat:,node,32806,31259,6,
yalahar|food~boat:,node,32811,31265,6,
yalahar|food~boat:,node,32813,31272,6,
yalahar|food~boat:,door,32817,31275,6,
yalahar|food~boat:,ladder,32815,31277,6,
yalahar|food~boat:,stand,32815,31278,5,

# --- yalahar|loot.morpel~boat: (14 waypoints) ---
yalahar|loot.morpel~boat:,node,32830,31240,7,
yalahar|loot.morpel~boat:,node,32831,31247,7,
yalahar|loot.morpel~boat:,node,32830,31254,7,
yalahar|loot.morpel~boat:,node,32823,31255,7,
yalahar|loot.morpel~boat:,node,32817,31255,7,
yalahar|loot.morpel~boat:,node,32810,31255,7,
yalahar|loot.morpel~boat:,node,32804,31255,7,
yalahar|loot.morpel~boat:,stand,32803,31255,7,
yalahar|loot.morpel~boat:,node,32806,31259,6,
yalahar|loot.morpel~boat:,node,32811,31265,6,
yalahar|loot.morpel~boat:,node,32813,31272,6,
yalahar|loot.morpel~boat:,door,32817,31275,6,
yalahar|loot.morpel~boat:,ladder,32815,31277,6,
yalahar|loot.morpel~boat:,stand,32815,31278,5,

# --- yalahar|loot.oiriz~boat: (13 waypoints) ---
yalahar|loot.oiriz~boat:,node,32790,31233,7,
yalahar|loot.oiriz~boat:,node,32795,31233,7,
yalahar|loot.oiriz~boat:,node,32800,31234,7,
yalahar|loot.oiriz~boat:,node,32801,31239,7,
yalahar|loot.oiriz~boat:,node,32802,31246,7,
yalahar|loot.oiriz~boat:,node,32802,31254,7,
yalahar|loot.oiriz~boat:,stand,32802,31255,7,
yalahar|loot.oiriz~boat:,node,32806,31259,6,
yalahar|loot.oiriz~boat:,node,32811,31265,6,
yalahar|loot.oiriz~boat:,node,32813,31272,6,
yalahar|loot.oiriz~boat:,door,32817,31275,6,
yalahar|loot.oiriz~boat:,ladder,32815,31277,6,
yalahar|loot.oiriz~boat:,stand,32815,31278,5,

# --- yalahar|temple~boat: (13 waypoints) ---
yalahar|temple~boat:,node,32785,31270,7,
yalahar|temple~boat:,stand,32784,31269,7,
yalahar|temple~boat:,node,32782,31265,6,
yalahar|temple~boat:,node,32782,31260,6,
yalahar|temple~boat:,node,32788,31259,6,
yalahar|temple~boat:,node,32794,31259,6,
yalahar|temple~boat:,node,32800,31259,6,
yalahar|temple~boat:,node,32806,31259,6,
yalahar|temple~boat:,node,32811,31265,6,
yalahar|temple~boat:,node,32813,31272,6,
yalahar|temple~boat:,door,32817,31275,6,
yalahar|temple~boat:,ladder,32815,31277,6,
yalahar|temple~boat:,stand,32815,31278,5,

# --- yalahar|trainers~boat: (15 waypoints) ---
yalahar|trainers~boat:,node,32779,31248,5,
yalahar|trainers~boat:,stand,32777,31247,5,
yalahar|trainers~boat:,node,32783,31249,6,
yalahar|trainers~boat:,stand,32786,31248,6,
yalahar|trainers~boat:,node,32790,31249,7,
yalahar|trainers~boat:,node,32795,31249,7,
yalahar|trainers~boat:,node,32800,31250,7,
yalahar|trainers~boat:,node,32802,31254,7,
yalahar|trainers~boat:,stand,32802,31255,7,
yalahar|trainers~boat:,node,32806,31259,6,
yalahar|trainers~boat:,node,32811,31265,6,
yalahar|trainers~boat:,node,32813,31272,6,
yalahar|trainers~boat:,door,32817,31275,6,
yalahar|trainers~boat:,ladder,32815,31277,6,
yalahar|trainers~boat:,stand,32815,31278,5,

# --- yalahar|boat~bank: (1 waypoints) ---
yalahar|boat~bank:,stand,32815,31277,5,

# --- yalahar|bank~bank: (2 waypoints) ---
yalahar|bank~bank:,node,32824,31249,7,
yalahar|bank~bank:,stand,32824,31249,7,

# --- yalahar|depot~bank: (14 waypoints) ---
yalahar|depot~bank:,node,32798,31247,7,
yalahar|depot~bank:,stand,32797,31246,7,
yalahar|depot~bank:,node,32778,31248,5,
yalahar|depot~bank:,stand,32777,31247,5,
yalahar|depot~bank:,node,32796,31246,6,
yalahar|depot~bank:,stand,32797,31246,6,
yalahar|depot~bank:,node,32803,31250,7,
yalahar|depot~bank:,node,32809,31254,7,
yalahar|depot~bank:,node,32817,31254,7,
yalahar|depot~bank:,node,32824,31254,7,
yalahar|depot~bank:,node,32830,31253,7,
yalahar|depot~bank:,node,32829,31249,7,
yalahar|depot~bank:,node,32824,31249,7,
yalahar|depot~bank:,stand,32824,31249,7,

# --- yalahar|ammo~bank: (15 waypoints) ---
yalahar|ammo~bank:,stand,32789,31239,3,
yalahar|ammo~bank:,stand,32790,31239,4,
yalahar|ammo~bank:,stand,32789,31239,5,
yalahar|ammo~bank:,stand,32790,31239,6,
yalahar|ammo~bank:,node,32790,31233,7,
yalahar|ammo~bank:,node,32798,31233,7,
yalahar|ammo~bank:,node,32806,31233,7,
yalahar|ammo~bank:,node,32814,31233,7,
yalahar|ammo~bank:,node,32822,31233,7,
yalahar|ammo~bank:,node,32829,31234,7,
yalahar|ammo~bank:,node,32831,31239,7,
yalahar|ammo~bank:,node,32831,31244,7,
yalahar|ammo~bank:,node,32829,31248,7,
yalahar|ammo~bank:,node,32824,31249,7,
yalahar|ammo~bank:,stand,32824,31249,7,

# --- yalahar|runes~bank: (13 waypoints) ---
yalahar|runes~bank:,stand,32789,31239,5,
yalahar|runes~bank:,stand,32790,31239,6,
yalahar|runes~bank:,node,32790,31233,7,
yalahar|runes~bank:,node,32798,31233,7,
yalahar|runes~bank:,node,32806,31233,7,
yalahar|runes~bank:,node,32814,31233,7,
yalahar|runes~bank:,node,32822,31233,7,
yalahar|runes~bank:,node,32829,31234,7,
yalahar|runes~bank:,node,32831,31239,7,
yalahar|runes~bank:,node,32831,31244,7,
yalahar|runes~bank:,node,32829,31248,7,
yalahar|runes~bank:,node,32824,31249,7,
yalahar|runes~bank:,stand,32824,31249,7,

# --- yalahar|potions~bank: (13 waypoints) ---
yalahar|potions~bank:,stand,32789,31239,5,
yalahar|potions~bank:,stand,32790,31239,6,
yalahar|potions~bank:,node,32790,31233,7,
yalahar|potions~bank:,node,32798,31233,7,
yalahar|potions~bank:,node,32806,31233,7,
yalahar|potions~bank:,node,32814,31233,7,
yalahar|potions~bank:,node,32822,31233,7,
yalahar|potions~bank:,node,32829,31234,7,
yalahar|potions~bank:,node,32831,31239,7,
yalahar|potions~bank:,node,32831,31244,7,
yalahar|potions~bank:,node,32829,31248,7,
yalahar|potions~bank:,node,32824,31249,7,
yalahar|potions~bank:,stand,32824,31249,7,

# --- yalahar|food~bank: (11 waypoints) ---
yalahar|food~bank:,node,32859,31210,7,
yalahar|food~bank:,node,32858,31217,7,
yalahar|food~bank:,node,32857,31224,7,
yalahar|food~bank:,node,32855,31230,7,
yalahar|food~bank:,node,32852,31236,7,
yalahar|food~bank:,node,32848,31242,7,
yalahar|food~bank:,node,32843,31247,7,
yalahar|food~bank:,node,32836,31249,7,
yalahar|food~bank:,node,32829,31249,7,
yalahar|food~bank:,node,32824,31249,7,
yalahar|food~bank:,stand,32824,31249,7,

# --- yalahar|loot.morpel~bank: (5 waypoints) ---
yalahar|loot.morpel~bank:,node,32830,31240,7,
yalahar|loot.morpel~bank:,node,32831,31244,7,
yalahar|loot.morpel~bank:,node,32829,31248,7,
yalahar|loot.morpel~bank:,node,32824,31249,7,
yalahar|loot.morpel~bank:,stand,32824,31249,7,

# --- yalahar|loot.oiriz~bank: (11 waypoints) ---
yalahar|loot.oiriz~bank:,node,32790,31233,7,
yalahar|loot.oiriz~bank:,node,32798,31233,7,
yalahar|loot.oiriz~bank:,node,32806,31233,7,
yalahar|loot.oiriz~bank:,node,32814,31233,7,
yalahar|loot.oiriz~bank:,node,32822,31233,7,
yalahar|loot.oiriz~bank:,node,32829,31234,7,
yalahar|loot.oiriz~bank:,node,32831,31239,7,
yalahar|loot.oiriz~bank:,node,32831,31244,7,
yalahar|loot.oiriz~bank:,node,32829,31248,7,
yalahar|loot.oiriz~bank:,node,32824,31249,7,
yalahar|loot.oiriz~bank:,stand,32824,31249,7,

# --- yalahar|temple~bank: (14 waypoints) ---
yalahar|temple~bank:,node,32785,31270,7,
yalahar|temple~bank:,stand,32784,31269,7,
yalahar|temple~bank:,node,32782,31262,6,
yalahar|temple~bank:,node,32788,31259,6,
yalahar|temple~bank:,node,32796,31259,6,
yalahar|temple~bank:,node,32803,31257,6,
yalahar|temple~bank:,stand,32803,31256,6,
yalahar|temple~bank:,node,32809,31254,7,
yalahar|temple~bank:,node,32817,31254,7,
yalahar|temple~bank:,node,32824,31254,7,
yalahar|temple~bank:,node,32830,31253,7,
yalahar|temple~bank:,node,32829,31249,7,
yalahar|temple~bank:,node,32824,31249,7,
yalahar|temple~bank:,stand,32824,31249,7,

# --- yalahar|trainers~bank: (14 waypoints) ---
yalahar|trainers~bank:,node,32779,31248,5,
yalahar|trainers~bank:,stand,32777,31247,5,
yalahar|trainers~bank:,node,32785,31249,6,
yalahar|trainers~bank:,stand,32786,31248,6,
yalahar|trainers~bank:,node,32792,31249,7,
yalahar|trainers~bank:,node,32798,31249,7,
yalahar|trainers~bank:,node,32803,31250,7,
yalahar|trainers~bank:,node,32809,31254,7,
yalahar|trainers~bank:,node,32817,31254,7,
yalahar|trainers~bank:,node,32824,31254,7,
yalahar|trainers~bank:,node,32830,31253,7,
yalahar|trainers~bank:,node,32829,31249,7,
yalahar|trainers~bank:,node,32824,31249,7,
yalahar|trainers~bank:,stand,32824,31249,7,

# --- yalahar|boat~depot: (9 waypoints) ---
yalahar|boat~depot:,node,32811,31269,6,
yalahar|boat~depot:,node,32811,31263,6,
yalahar|boat~depot:,node,32808,31259,6,
yalahar|boat~depot:,node,32803,31257,6,
yalahar|boat~depot:,stand,32802,31256,6,
yalahar|boat~depot:,node,32801,31251,7,
yalahar|boat~depot:,node,32798,31247,7,
yalahar|boat~depot:,node,32797,31248,7,
yalahar|boat~depot:,node,32791,31247,7,

# --- yalahar|boat~ammo: (17 waypoints) ---
yalahar|boat~ammo:,node,32811,31269,6,
yalahar|boat~ammo:,node,32811,31263,6,
yalahar|boat~ammo:,node,32808,31259,6,
yalahar|boat~ammo:,node,32803,31257,6,
yalahar|boat~ammo:,stand,32802,31256,6,
yalahar|boat~ammo:,node,32802,31251,7,
yalahar|boat~ammo:,node,32802,31244,7,
yalahar|boat~ammo:,node,32801,31236,7,
yalahar|boat~ammo:,node,32798,31233,7,
yalahar|boat~ammo:,node,32790,31233,7,
yalahar|boat~ammo:,node,32790,31238,7,
yalahar|boat~ammo:,stand,32790,31239,7,
yalahar|boat~ammo:,stand,32789,31239,6,
yalahar|boat~ammo:,stand,32790,31239,5,
yalahar|boat~ammo:,stand,32789,31239,4,
yalahar|boat~ammo:,node,32789,31238,3,
yalahar|boat~ammo:,stand,32789,31238,3,

# --- yalahar|boat~runes: (14 waypoints) ---
yalahar|boat~runes:,node,32811,31269,6,
yalahar|boat~runes:,node,32811,31263,6,
yalahar|boat~runes:,node,32808,31259,6,
yalahar|boat~runes:,node,32803,31257,6,
yalahar|boat~runes:,stand,32802,31256,6,
yalahar|boat~runes:,node,32802,31251,7,
yalahar|boat~runes:,node,32802,31244,7,
yalahar|boat~runes:,node,32801,31236,7,
yalahar|boat~runes:,node,32798,31233,7,
yalahar|boat~runes:,node,32790,31233,7,
yalahar|boat~runes:,node,32790,31238,7,
yalahar|boat~runes:,stand,32790,31239,7,
yalahar|boat~runes:,stand,32789,31239,6,
yalahar|boat~runes:,stand,32789,31238,5,

# --- yalahar|boat~potions: (14 waypoints) ---
yalahar|boat~potions:,node,32811,31269,6,
yalahar|boat~potions:,node,32811,31263,6,
yalahar|boat~potions:,node,32808,31259,6,
yalahar|boat~potions:,node,32803,31257,6,
yalahar|boat~potions:,stand,32802,31256,6,
yalahar|boat~potions:,node,32802,31251,7,
yalahar|boat~potions:,node,32802,31244,7,
yalahar|boat~potions:,node,32801,31236,7,
yalahar|boat~potions:,node,32798,31233,7,
yalahar|boat~potions:,node,32790,31233,7,
yalahar|boat~potions:,node,32790,31238,7,
yalahar|boat~potions:,stand,32790,31239,7,
yalahar|boat~potions:,stand,32789,31239,6,
yalahar|boat~potions:,stand,32789,31238,5,

# --- yalahar|boat~food: (19 waypoints) ---
yalahar|boat~food:,node,32811,31269,6,
yalahar|boat~food:,node,32811,31263,6,
yalahar|boat~food:,node,32808,31259,6,
yalahar|boat~food:,node,32803,31257,6,
yalahar|boat~food:,stand,32803,31256,6,
yalahar|boat~food:,node,32810,31254,7,
yalahar|boat~food:,node,32817,31254,7,
yalahar|boat~food:,node,32825,31254,7,
yalahar|boat~food:,node,32833,31254,7,
yalahar|boat~food:,node,32838,31252,7,
yalahar|boat~food:,node,32843,31248,7,
yalahar|boat~food:,node,32847,31243,7,
yalahar|boat~food:,node,32852,31237,7,
yalahar|boat~food:,node,32855,31232,7,
yalahar|boat~food:,node,32857,31225,7,
yalahar|boat~food:,node,32858,31218,7,
yalahar|boat~food:,node,32858,31211,7,
yalahar|boat~food:,node,32854,31209,7,
yalahar|boat~food:,stand,32854,31209,7,

# --- yalahar|boat~loot.morpel: (14 waypoints) ---
yalahar|boat~loot.morpel:,node,32811,31269,6,
yalahar|boat~loot.morpel:,node,32811,31263,6,
yalahar|boat~loot.morpel:,node,32808,31259,6,
yalahar|boat~loot.morpel:,node,32803,31257,6,
yalahar|boat~loot.morpel:,stand,32803,31256,6,
yalahar|boat~loot.morpel:,node,32803,31251,7,
yalahar|boat~loot.morpel:,node,32803,31242,7,
yalahar|boat~loot.morpel:,node,32803,31233,7,
yalahar|boat~loot.morpel:,node,32811,31233,7,
yalahar|boat~loot.morpel:,node,32819,31233,7,
yalahar|boat~loot.morpel:,node,32826,31233,7,
yalahar|boat~loot.morpel:,node,32830,31237,7,
yalahar|boat~loot.morpel:,node,32824,31239,7,
yalahar|boat~loot.morpel:,stand,32824,31239,7,

# --- yalahar|boat~loot.oiriz: (12 waypoints) ---
yalahar|boat~loot.oiriz:,node,32811,31269,6,
yalahar|boat~loot.oiriz:,node,32811,31263,6,
yalahar|boat~loot.oiriz:,node,32808,31259,6,
yalahar|boat~loot.oiriz:,node,32803,31257,6,
yalahar|boat~loot.oiriz:,stand,32802,31256,6,
yalahar|boat~loot.oiriz:,node,32802,31251,7,
yalahar|boat~loot.oiriz:,node,32802,31244,7,
yalahar|boat~loot.oiriz:,node,32801,31236,7,
yalahar|boat~loot.oiriz:,node,32798,31233,7,
yalahar|boat~loot.oiriz:,node,32790,31233,7,
yalahar|boat~loot.oiriz:,node,32789,31237,7,
yalahar|boat~loot.oiriz:,stand,32789,31237,7,

# --- yalahar|boat~temple: (11 waypoints) ---
yalahar|boat~temple:,node,32811,31269,6,
yalahar|boat~temple:,node,32811,31263,6,
yalahar|boat~temple:,node,32808,31259,6,
yalahar|boat~temple:,node,32801,31259,6,
yalahar|boat~temple:,node,32794,31259,6,
yalahar|boat~temple:,node,32786,31259,6,
yalahar|boat~temple:,node,32782,31263,6,
yalahar|boat~temple:,node,32783,31268,6,
yalahar|boat~temple:,stand,32784,31269,6,
yalahar|boat~temple:,node,32787,31276,7,
yalahar|boat~temple:,stand,32787,31276,7,

# --- yalahar|boat~trainers: (16 waypoints) ---
yalahar|boat~trainers:,node,32811,31269,6,
yalahar|boat~trainers:,node,32811,31263,6,
yalahar|boat~trainers:,node,32808,31259,6,
yalahar|boat~trainers:,node,32802,31257,6,
yalahar|boat~trainers:,stand,32801,31256,6,
yalahar|boat~trainers:,node,32800,31251,7,
yalahar|boat~trainers:,node,32797,31249,7,
yalahar|boat~trainers:,node,32792,31249,7,
yalahar|boat~trainers:,node,32787,31249,7,
yalahar|boat~trainers:,stand,32786,31248,7,
yalahar|boat~trainers:,node,32782,31247,6,
yalahar|boat~trainers:,node,32778,31247,6,
yalahar|boat~trainers:,stand,32777,31247,6,
yalahar|boat~trainers:,node,32781,31248,5,
yalahar|boat~trainers:,node,32786,31250,5,
yalahar|boat~trainers:,stand,32786,31250,5,

# --- depot|yalahar|1: (1 waypoints) ---
depot|yalahar|1:,node,32782,31247,6,

# --- depot|yalahar|2: (1 waypoints) ---
depot|yalahar|2:,node,32790,31247,6,

# --- yalahar|bank~depot: (9 waypoints) ---
yalahar|bank~depot:,node,32830,31249,7,
yalahar|bank~depot:,node,32830,31254,7,
yalahar|bank~depot:,node,32823,31254,7,
yalahar|bank~depot:,node,32816,31254,7,
yalahar|bank~depot:,node,32809,31254,7,
yalahar|bank~depot:,node,32802,31251,7,
yalahar|bank~depot:,node,32798,31247,7,
yalahar|bank~depot:,node,32797,31248,7,
yalahar|bank~depot:,node,32791,31247,7,

# --- yalahar|bank~ammo: (15 waypoints) ---
yalahar|bank~ammo:,node,32830,31248,7,
yalahar|bank~ammo:,node,32830,31243,7,
yalahar|bank~ammo:,node,32830,31237,7,
yalahar|bank~ammo:,node,32827,31233,7,
yalahar|bank~ammo:,node,32817,31233,7,
yalahar|bank~ammo:,node,32808,31233,7,
yalahar|bank~ammo:,node,32799,31233,7,
yalahar|bank~ammo:,node,32790,31233,7,
yalahar|bank~ammo:,node,32790,31238,7,
yalahar|bank~ammo:,stand,32790,31239,7,
yalahar|bank~ammo:,stand,32789,31239,6,
yalahar|bank~ammo:,stand,32790,31239,5,
yalahar|bank~ammo:,stand,32789,31239,4,
yalahar|bank~ammo:,node,32789,31238,3,
yalahar|bank~ammo:,stand,32789,31238,3,

# --- yalahar|bank~runes: (12 waypoints) ---
yalahar|bank~runes:,node,32830,31248,7,
yalahar|bank~runes:,node,32830,31243,7,
yalahar|bank~runes:,node,32830,31237,7,
yalahar|bank~runes:,node,32827,31233,7,
yalahar|bank~runes:,node,32817,31233,7,
yalahar|bank~runes:,node,32808,31233,7,
yalahar|bank~runes:,node,32799,31233,7,
yalahar|bank~runes:,node,32790,31233,7,
yalahar|bank~runes:,node,32790,31238,7,
yalahar|bank~runes:,stand,32790,31239,7,
yalahar|bank~runes:,stand,32789,31239,6,
yalahar|bank~runes:,stand,32789,31238,5,

# --- yalahar|bank~potions: (12 waypoints) ---
yalahar|bank~potions:,node,32830,31248,7,
yalahar|bank~potions:,node,32830,31243,7,
yalahar|bank~potions:,node,32830,31237,7,
yalahar|bank~potions:,node,32827,31233,7,
yalahar|bank~potions:,node,32817,31233,7,
yalahar|bank~potions:,node,32808,31233,7,
yalahar|bank~potions:,node,32799,31233,7,
yalahar|bank~potions:,node,32790,31233,7,
yalahar|bank~potions:,node,32790,31238,7,
yalahar|bank~potions:,stand,32790,31239,7,
yalahar|bank~potions:,stand,32789,31239,6,
yalahar|bank~potions:,stand,32789,31238,5,

# --- yalahar|bank~food: (10 waypoints) ---
yalahar|bank~food:,node,32830,31249,7,
yalahar|bank~food:,node,32838,31249,7,
yalahar|bank~food:,node,32844,31246,7,
yalahar|bank~food:,node,32849,31240,7,
yalahar|bank~food:,node,32853,31234,7,
yalahar|bank~food:,node,32856,31228,7,
yalahar|bank~food:,node,32858,31220,7,
yalahar|bank~food:,node,32858,31212,7,
yalahar|bank~food:,node,32854,31209,7,
yalahar|bank~food:,stand,32854,31209,7,

# --- yalahar|bank~loot.morpel: (4 waypoints) ---
yalahar|bank~loot.morpel:,node,32830,31248,7,
yalahar|bank~loot.morpel:,node,32830,31243,7,
yalahar|bank~loot.morpel:,node,32824,31239,7,
yalahar|bank~loot.morpel:,stand,32824,31239,7,

# --- yalahar|bank~loot.oiriz: (10 waypoints) ---
yalahar|bank~loot.oiriz:,node,32830,31248,7,
yalahar|bank~loot.oiriz:,node,32830,31243,7,
yalahar|bank~loot.oiriz:,node,32830,31237,7,
yalahar|bank~loot.oiriz:,node,32827,31233,7,
yalahar|bank~loot.oiriz:,node,32817,31233,7,
yalahar|bank~loot.oiriz:,node,32808,31233,7,
yalahar|bank~loot.oiriz:,node,32799,31233,7,
yalahar|bank~loot.oiriz:,node,32790,31233,7,
yalahar|bank~loot.oiriz:,node,32789,31237,7,
yalahar|bank~loot.oiriz:,stand,32789,31237,7,

# --- yalahar|bank~temple: (14 waypoints) ---
yalahar|bank~temple:,node,32830,31249,7,
yalahar|bank~temple:,node,32830,31254,7,
yalahar|bank~temple:,node,32823,31254,7,
yalahar|bank~temple:,node,32816,31254,7,
yalahar|bank~temple:,node,32809,31254,7,
yalahar|bank~temple:,node,32804,31255,7,
yalahar|bank~temple:,stand,32803,31255,7,
yalahar|bank~temple:,node,32799,31259,6,
yalahar|bank~temple:,node,32788,31259,6,
yalahar|bank~temple:,node,32782,31262,6,
yalahar|bank~temple:,node,32783,31268,6,
yalahar|bank~temple:,stand,32784,31269,6,
yalahar|bank~temple:,node,32787,31275,7,
yalahar|bank~temple:,stand,32787,31275,7,

# --- yalahar|bank~trainers: (16 waypoints) ---
yalahar|bank~trainers:,node,32830,31249,7,
yalahar|bank~trainers:,node,32830,31254,7,
yalahar|bank~trainers:,node,32823,31254,7,
yalahar|bank~trainers:,node,32816,31254,7,
yalahar|bank~trainers:,node,32809,31254,7,
yalahar|bank~trainers:,node,32802,31251,7,
yalahar|bank~trainers:,node,32796,31249,7,
yalahar|bank~trainers:,node,32791,31249,7,
yalahar|bank~trainers:,node,32787,31249,7,
yalahar|bank~trainers:,stand,32786,31248,7,
yalahar|bank~trainers:,node,32782,31247,6,
yalahar|bank~trainers:,node,32778,31247,6,
yalahar|bank~trainers:,stand,32777,31247,6,
yalahar|bank~trainers:,node,32782,31248,5,
yalahar|bank~trainers:,node,32786,31250,5,
yalahar|bank~trainers:,stand,32786,31250,5,

# --- yalahar|depot~depot: (4 waypoints) ---
yalahar|depot~depot:,node,32798,31247,7,
yalahar|depot~depot:,stand,32797,31246,7,
yalahar|depot~depot:,node,32778,31248,5,
yalahar|depot~depot:,stand,32777,31247,5,

# --- yalahar|depot~ammo: (16 waypoints) ---
yalahar|depot~ammo:,node,32798,31247,7,
yalahar|depot~ammo:,stand,32797,31246,7,
yalahar|depot~ammo:,node,32778,31248,5,
yalahar|depot~ammo:,stand,32777,31247,5,
yalahar|depot~ammo:,node,32796,31246,6,
yalahar|depot~ammo:,stand,32797,31246,6,
yalahar|depot~ammo:,node,32800,31243,7,
yalahar|depot~ammo:,node,32800,31234,7,
yalahar|depot~ammo:,node,32790,31233,7,
yalahar|depot~ammo:,node,32790,31238,7,
yalahar|depot~ammo:,stand,32790,31239,7,
yalahar|depot~ammo:,stand,32789,31239,6,
yalahar|depot~ammo:,stand,32790,31239,5,
yalahar|depot~ammo:,stand,32789,31239,4,
yalahar|depot~ammo:,node,32789,31238,3,
yalahar|depot~ammo:,stand,32789,31238,3,

# --- yalahar|depot~runes: (13 waypoints) ---
yalahar|depot~runes:,node,32798,31247,7,
yalahar|depot~runes:,stand,32797,31246,7,
yalahar|depot~runes:,node,32778,31248,5,
yalahar|depot~runes:,stand,32777,31247,5,
yalahar|depot~runes:,node,32796,31246,6,
yalahar|depot~runes:,stand,32797,31246,6,
yalahar|depot~runes:,node,32800,31243,7,
yalahar|depot~runes:,node,32800,31234,7,
yalahar|depot~runes:,node,32790,31233,7,
yalahar|depot~runes:,node,32790,31238,7,
yalahar|depot~runes:,stand,32790,31239,7,
yalahar|depot~runes:,stand,32789,31239,6,
yalahar|depot~runes:,stand,32789,31238,5,

# --- yalahar|depot~potions: (13 waypoints) ---
yalahar|depot~potions:,node,32798,31247,7,
yalahar|depot~potions:,stand,32797,31246,7,
yalahar|depot~potions:,node,32778,31248,5,
yalahar|depot~potions:,stand,32777,31247,5,
yalahar|depot~potions:,node,32796,31246,6,
yalahar|depot~potions:,stand,32797,31246,6,
yalahar|depot~potions:,node,32800,31243,7,
yalahar|depot~potions:,node,32800,31234,7,
yalahar|depot~potions:,node,32790,31233,7,
yalahar|depot~potions:,node,32790,31238,7,
yalahar|depot~potions:,stand,32790,31239,7,
yalahar|depot~potions:,stand,32789,31239,6,
yalahar|depot~potions:,stand,32789,31238,5,

# --- yalahar|depot~food: (20 waypoints) ---
yalahar|depot~food:,node,32798,31247,7,
yalahar|depot~food:,stand,32797,31246,7,
yalahar|depot~food:,node,32778,31248,5,
yalahar|depot~food:,stand,32777,31247,5,
yalahar|depot~food:,node,32796,31246,6,
yalahar|depot~food:,stand,32797,31246,6,
yalahar|depot~food:,node,32802,31250,7,
yalahar|depot~food:,node,32805,31254,7,
yalahar|depot~food:,node,32813,31254,7,
yalahar|depot~food:,node,32821,31254,7,
yalahar|depot~food:,node,32829,31254,7,
yalahar|depot~food:,node,32837,31253,7,
yalahar|depot~food:,node,32842,31248,7,
yalahar|depot~food:,node,32847,31242,7,
yalahar|depot~food:,node,32852,31236,7,
yalahar|depot~food:,node,32856,31230,7,
yalahar|depot~food:,node,32858,31222,7,
yalahar|depot~food:,node,32858,31214,7,
yalahar|depot~food:,node,32854,31209,7,
yalahar|depot~food:,stand,32854,31209,7,

# --- yalahar|depot~loot.morpel: (14 waypoints) ---
yalahar|depot~loot.morpel:,node,32798,31247,7,
yalahar|depot~loot.morpel:,stand,32797,31246,7,
yalahar|depot~loot.morpel:,node,32778,31248,5,
yalahar|depot~loot.morpel:,stand,32777,31247,5,
yalahar|depot~loot.morpel:,node,32796,31246,6,
yalahar|depot~loot.morpel:,stand,32797,31246,6,
yalahar|depot~loot.morpel:,node,32801,31243,7,
yalahar|depot~loot.morpel:,node,32803,31234,7,
yalahar|depot~loot.morpel:,node,32811,31234,7,
yalahar|depot~loot.morpel:,node,32820,31234,7,
yalahar|depot~loot.morpel:,node,32829,31234,7,
yalahar|depot~loot.morpel:,node,32829,31239,7,
yalahar|depot~loot.morpel:,node,32824,31239,7,
yalahar|depot~loot.morpel:,stand,32824,31239,7,

# --- yalahar|depot~loot.oiriz: (11 waypoints) ---
yalahar|depot~loot.oiriz:,node,32798,31247,7,
yalahar|depot~loot.oiriz:,stand,32797,31246,7,
yalahar|depot~loot.oiriz:,node,32778,31248,5,
yalahar|depot~loot.oiriz:,stand,32777,31247,5,
yalahar|depot~loot.oiriz:,node,32796,31246,6,
yalahar|depot~loot.oiriz:,stand,32797,31246,6,
yalahar|depot~loot.oiriz:,node,32800,31243,7,
yalahar|depot~loot.oiriz:,node,32800,31234,7,
yalahar|depot~loot.oiriz:,node,32790,31233,7,
yalahar|depot~loot.oiriz:,node,32789,31237,7,
yalahar|depot~loot.oiriz:,stand,32789,31237,7,

# --- yalahar|depot~temple: (16 waypoints) ---
yalahar|depot~temple:,node,32798,31247,7,
yalahar|depot~temple:,stand,32797,31246,7,
yalahar|depot~temple:,node,32778,31248,5,
yalahar|depot~temple:,stand,32777,31247,5,
yalahar|depot~temple:,node,32796,31246,6,
yalahar|depot~temple:,stand,32797,31246,6,
yalahar|depot~temple:,node,32800,31250,7,
yalahar|depot~temple:,node,32800,31254,7,
yalahar|depot~temple:,stand,32800,31255,7,
yalahar|depot~temple:,node,32796,31259,6,
yalahar|depot~temple:,node,32788,31259,6,
yalahar|depot~temple:,node,32782,31261,6,
yalahar|depot~temple:,node,32783,31268,6,
yalahar|depot~temple:,stand,32784,31269,6,
yalahar|depot~temple:,node,32787,31275,7,
yalahar|depot~temple:,stand,32787,31275,7,

# --- yalahar|depot~trainer: (6 waypoints) ---
yalahar|depot~trainer:,node,32798,31247,7,
yalahar|depot~trainer:,stand,32797,31246,7,
yalahar|depot~trainer:,node,32778,31247,6,
yalahar|depot~trainer:,stand,32777,31247,6,
yalahar|depot~trainer:,node,32786,31250,5,
yalahar|depot~trainer:,stand,32786,31250,5,

# --- yalahar|ammo~depot: (10 waypoints) ---
yalahar|ammo~depot:,stand,32789,31239,3,
yalahar|ammo~depot:,stand,32790,31239,4,
yalahar|ammo~depot:,stand,32789,31239,5,
yalahar|ammo~depot:,stand,32790,31239,6,
yalahar|ammo~depot:,node,32790,31233,7,
yalahar|ammo~depot:,node,32800,31234,7,
yalahar|ammo~depot:,node,32800,31241,7,
yalahar|ammo~depot:,node,32798,31246,7,
yalahar|ammo~depot:,node,32797,31248,7,
yalahar|ammo~depot:,node,32791,31247,7,

# --- yalahar|runes~depot: (8 waypoints) ---
yalahar|runes~depot:,stand,32789,31239,5,
yalahar|runes~depot:,stand,32790,31239,6,
yalahar|runes~depot:,node,32790,31233,7,
yalahar|runes~depot:,node,32800,31234,7,
yalahar|runes~depot:,node,32800,31241,7,
yalahar|runes~depot:,node,32798,31246,7,
yalahar|runes~depot:,node,32797,31248,7,
yalahar|runes~depot:,node,32791,31247,7,

# --- yalahar|potions~depot: (8 waypoints) ---
yalahar|potions~depot:,stand,32789,31239,5,
yalahar|potions~depot:,stand,32790,31239,6,
yalahar|potions~depot:,node,32790,31233,7,
yalahar|potions~depot:,node,32800,31234,7,
yalahar|potions~depot:,node,32800,31241,7,
yalahar|potions~depot:,node,32798,31246,7,
yalahar|potions~depot:,node,32797,31248,7,
yalahar|potions~depot:,node,32791,31247,7,

# --- yalahar|food~depot: (14 waypoints) ---
yalahar|food~depot:,node,32859,31213,7,
yalahar|food~depot:,node,32858,31221,7,
yalahar|food~depot:,node,32856,31229,7,
yalahar|food~depot:,node,32852,31236,7,
yalahar|food~depot:,node,32847,31244,7,
yalahar|food~depot:,node,32840,31250,7,
yalahar|food~depot:,node,32833,31254,7,
yalahar|food~depot:,node,32824,31254,7,
yalahar|food~depot:,node,32815,31254,7,
yalahar|food~depot:,node,32806,31254,7,
yalahar|food~depot:,node,32801,31250,7,
yalahar|food~depot:,node,32798,31247,7,
yalahar|food~depot:,node,32797,31248,7,
yalahar|food~depot:,node,32791,31247,7,

# --- yalahar|loot.morpel~depot: (9 waypoints) ---
yalahar|loot.morpel~depot:,node,32829,31239,7,
yalahar|loot.morpel~depot:,node,32829,31234,7,
yalahar|loot.morpel~depot:,node,32819,31234,7,
yalahar|loot.morpel~depot:,node,32811,31234,7,
yalahar|loot.morpel~depot:,node,32803,31234,7,
yalahar|loot.morpel~depot:,node,32801,31241,7,
yalahar|loot.morpel~depot:,node,32798,31246,7,
yalahar|loot.morpel~depot:,node,32797,31248,7,
yalahar|loot.morpel~depot:,node,32791,31247,7,

# --- yalahar|loot.oiriz~depot: (6 waypoints) ---
yalahar|loot.oiriz~depot:,node,32790,31233,7,
yalahar|loot.oiriz~depot:,node,32800,31234,7,
yalahar|loot.oiriz~depot:,node,32800,31241,7,
yalahar|loot.oiriz~depot:,node,32798,31246,7,
yalahar|loot.oiriz~depot:,node,32797,31248,7,
yalahar|loot.oiriz~depot:,node,32791,31247,7,

# --- yalahar|temple~depot: (10 waypoints) ---
yalahar|temple~depot:,node,32785,31270,7,
yalahar|temple~depot:,stand,32784,31269,7,
yalahar|temple~depot:,node,32782,31263,6,
yalahar|temple~depot:,node,32787,31259,6,
yalahar|temple~depot:,node,32794,31258,6,
yalahar|temple~depot:,node,32800,31257,6,
yalahar|temple~depot:,stand,32800,31256,6,
yalahar|temple~depot:,node,32798,31247,7,
yalahar|temple~depot:,node,32797,31248,7,
yalahar|temple~depot:,node,32791,31247,7,

# --- yalahar|trainers~depot: (2 waypoints) ---
yalahar|trainers~depot:,node,32778,31248,5,
yalahar|trainers~depot:,stand,32777,31247,5,

# --- yalahar|ammo~runes: (3 waypoints) ---
yalahar|ammo~runes:,stand,32789,31239,3,
yalahar|ammo~runes:,stand,32790,31239,4,
yalahar|ammo~runes:,stand,32790,31238,5,

# --- yalahar|ammo~potions: (3 waypoints) ---
yalahar|ammo~potions:,stand,32789,31239,3,
yalahar|ammo~potions:,stand,32790,31239,4,
yalahar|ammo~potions:,stand,32790,31238,5,

# --- yalahar|ammo~food: (20 waypoints) ---
yalahar|ammo~food:,stand,32789,31239,3,
yalahar|ammo~food:,stand,32790,31239,4,
yalahar|ammo~food:,stand,32789,31239,5,
yalahar|ammo~food:,stand,32790,31239,6,
yalahar|ammo~food:,node,32790,31233,7,
yalahar|ammo~food:,node,32798,31233,7,
yalahar|ammo~food:,node,32807,31233,7,
yalahar|ammo~food:,node,32816,31233,7,
yalahar|ammo~food:,node,32825,31233,7,
yalahar|ammo~food:,node,32830,31235,7,
yalahar|ammo~food:,node,32832,31243,7,
yalahar|ammo~food:,node,32836,31249,7,
yalahar|ammo~food:,node,32843,31247,7,
yalahar|ammo~food:,node,32848,31242,7,
yalahar|ammo~food:,node,32852,31237,7,
yalahar|ammo~food:,node,32856,31230,7,
yalahar|ammo~food:,node,32858,31222,7,
yalahar|ammo~food:,node,32858,31214,7,
yalahar|ammo~food:,node,32854,31209,7,
yalahar|ammo~food:,stand,32854,31209,7,

# --- yalahar|ammo~loot.morpel: (12 waypoints) ---
yalahar|ammo~loot.morpel:,stand,32789,31239,3,
yalahar|ammo~loot.morpel:,stand,32790,31239,4,
yalahar|ammo~loot.morpel:,stand,32789,31239,5,
yalahar|ammo~loot.morpel:,stand,32790,31239,6,
yalahar|ammo~loot.morpel:,node,32790,31233,7,
yalahar|ammo~loot.morpel:,node,32798,31233,7,
yalahar|ammo~loot.morpel:,node,32807,31233,7,
yalahar|ammo~loot.morpel:,node,32816,31233,7,
yalahar|ammo~loot.morpel:,node,32825,31233,7,
yalahar|ammo~loot.morpel:,node,32829,31236,7,
yalahar|ammo~loot.morpel:,node,32824,31239,7,
yalahar|ammo~loot.morpel:,stand,32824,31239,7,

# --- yalahar|ammo~loot.oiriz: (6 waypoints) ---
yalahar|ammo~loot.oiriz:,stand,32789,31239,3,
yalahar|ammo~loot.oiriz:,stand,32790,31239,4,
yalahar|ammo~loot.oiriz:,stand,32789,31239,5,
yalahar|ammo~loot.oiriz:,stand,32790,31239,6,
yalahar|ammo~loot.oiriz:,node,32789,31237,7,
yalahar|ammo~loot.oiriz:,stand,32789,31237,7,

# --- yalahar|ammo~temple: (18 waypoints) ---
yalahar|ammo~temple:,stand,32789,31239,3,
yalahar|ammo~temple:,stand,32790,31239,4,
yalahar|ammo~temple:,stand,32789,31239,5,
yalahar|ammo~temple:,stand,32790,31239,6,
yalahar|ammo~temple:,node,32790,31233,7,
yalahar|ammo~temple:,node,32798,31233,7,
yalahar|ammo~temple:,node,32800,31238,7,
yalahar|ammo~temple:,node,32800,31243,7,
yalahar|ammo~temple:,node,32800,31249,7,
yalahar|ammo~temple:,node,32800,31254,7,
yalahar|ammo~temple:,stand,32800,31255,7,
yalahar|ammo~temple:,node,32796,31259,6,
yalahar|ammo~temple:,node,32788,31259,6,
yalahar|ammo~temple:,node,32782,31262,6,
yalahar|ammo~temple:,node,32783,31268,6,
yalahar|ammo~temple:,stand,32784,31269,6,
yalahar|ammo~temple:,node,32787,31275,7,
yalahar|ammo~temple:,stand,32787,31275,7,

# --- yalahar|ammo~trainers: (16 waypoints) ---
yalahar|ammo~trainers:,stand,32789,31239,3,
yalahar|ammo~trainers:,stand,32790,31239,4,
yalahar|ammo~trainers:,stand,32789,31239,5,
yalahar|ammo~trainers:,stand,32790,31239,6,
yalahar|ammo~trainers:,node,32790,31233,7,
yalahar|ammo~trainers:,node,32798,31233,7,
yalahar|ammo~trainers:,node,32800,31238,7,
yalahar|ammo~trainers:,node,32800,31243,7,
yalahar|ammo~trainers:,node,32798,31246,7,
yalahar|ammo~trainers:,stand,32797,31246,7,
yalahar|ammo~trainers:,node,32790,31246,6,
yalahar|ammo~trainers:,node,32783,31246,6,
yalahar|ammo~trainers:,node,32778,31247,6,
yalahar|ammo~trainers:,stand,32777,31247,6,
yalahar|ammo~trainers:,node,32786,31250,5,
yalahar|ammo~trainers:,stand,32786,31250,5,

# --- yalahar|runes~runes: (1 waypoints) ---
yalahar|runes~runes:,stand,32789,31238,5,

# --- yalahar|potions~potions: (1 waypoints) ---
yalahar|potions~potions:,stand,32789,31238,5,

# --- yalahar|potions~runes: (1 waypoints) ---
yalahar|potions~runes:,stand,32789,31238,5,

# --- yalahar|runes~potions: (1 waypoints) ---
yalahar|runes~potions:,stand,32789,31238,5,

# --- yalahar|trainers~trainers: (2 waypoints) ---
yalahar|trainers~trainers:,node,32786,31250,5,
yalahar|trainers~trainers:,stand,32786,31250,5,

# --- yalahar|food~food: (2 waypoints) ---
yalahar|food~food:,node,32854,31209,7,
yalahar|food~food:,stand,32854,31209,7,

# --- yalahar|loot.morpel~loot.morpel: (2 waypoints) ---
yalahar|loot.morpel~loot.morpel:,node,32824,31239,7,
yalahar|loot.morpel~loot.morpel:,stand,32824,31239,7,

# --- yalahar|loot.oiriz~loot.oiriz: (2 waypoints) ---
yalahar|loot.oiriz~loot.oiriz:,node,32789,31237,7,
yalahar|loot.oiriz~loot.oiriz:,stand,32789,31237,7,

# --- yalahar|temple~temple: (4 waypoints) ---
yalahar|temple~temple:,node,32783,31268,6,
yalahar|temple~temple:,stand,32784,31269,6,
yalahar|temple~temple:,node,32787,31276,7,
yalahar|temple~temple:,stand,32787,31276,7,

# --- yalahar|runes~ammo: (4 waypoints) ---
yalahar|runes~ammo:,stand,32790,31239,5,
yalahar|runes~ammo:,stand,32789,31239,4,
yalahar|runes~ammo:,node,32789,31238,3,
yalahar|runes~ammo:,stand,32789,31238,3,

# --- yalahar|runes~food: (17 waypoints) ---
yalahar|runes~food:,stand,32789,31239,5,
yalahar|runes~food:,stand,32790,31239,6,
yalahar|runes~food:,node,32790,31233,7,
yalahar|runes~food:,node,32800,31233,7,
yalahar|runes~food:,node,32810,31233,7,
yalahar|runes~food:,node,32820,31233,7,
yalahar|runes~food:,node,32829,31234,7,
yalahar|runes~food:,node,32831,31242,7,
yalahar|runes~food:,node,32834,31249,7,
yalahar|runes~food:,node,32841,31249,7,
yalahar|runes~food:,node,32845,31244,7,
yalahar|runes~food:,node,32851,31237,7,
yalahar|runes~food:,node,32855,31231,7,
yalahar|runes~food:,node,32858,31224,7,
yalahar|runes~food:,node,32858,31215,7,
yalahar|runes~food:,node,32854,31209,7,
yalahar|runes~food:,stand,32854,31209,7,

# --- yalahar|runes~loot.morpel: (10 waypoints) ---
yalahar|runes~loot.morpel:,stand,32789,31239,5,
yalahar|runes~loot.morpel:,stand,32790,31239,6,
yalahar|runes~loot.morpel:,node,32790,31233,7,
yalahar|runes~loot.morpel:,node,32800,31233,7,
yalahar|runes~loot.morpel:,node,32810,31233,7,
yalahar|runes~loot.morpel:,node,32820,31233,7,
yalahar|runes~loot.morpel:,node,32829,31234,7,
yalahar|runes~loot.morpel:,node,32829,31239,7,
yalahar|runes~loot.morpel:,node,32824,31239,7,
yalahar|runes~loot.morpel:,stand,32824,31239,7,

# --- yalahar|runes~loot.oiriz: (4 waypoints) ---
yalahar|runes~loot.oiriz:,stand,32789,31239,5,
yalahar|runes~loot.oiriz:,stand,32790,31239,6,
yalahar|runes~loot.oiriz:,node,32789,31237,7,
yalahar|runes~loot.oiriz:,stand,32789,31237,7,

# --- yalahar|runes~temple: (15 waypoints) ---
yalahar|runes~temple:,stand,32789,31239,5,
yalahar|runes~temple:,stand,32790,31239,6,
yalahar|runes~temple:,node,32790,31233,7,
yalahar|runes~temple:,node,32799,31234,7,
yalahar|runes~temple:,node,32800,31240,7,
yalahar|runes~temple:,node,32800,31248,7,
yalahar|runes~temple:,node,32800,31254,7,
yalahar|runes~temple:,stand,32800,31255,7,
yalahar|runes~temple:,node,32796,31259,6,
yalahar|runes~temple:,node,32787,31259,6,
yalahar|runes~temple:,node,32782,31262,6,
yalahar|runes~temple:,node,32783,31268,6,
yalahar|runes~temple:,stand,32784,31269,6,
yalahar|runes~temple:,node,32787,31275,7,
yalahar|runes~temple:,stand,32787,31275,7,

# --- yalahar|runes~trainers: (13 waypoints) ---
yalahar|runes~trainers:,stand,32789,31239,5,
yalahar|runes~trainers:,stand,32790,31239,6,
yalahar|runes~trainers:,node,32790,31233,7,
yalahar|runes~trainers:,node,32799,31234,7,
yalahar|runes~trainers:,node,32800,31240,7,
yalahar|runes~trainers:,node,32798,31246,7,
yalahar|runes~trainers:,stand,32797,31246,7,
yalahar|runes~trainers:,node,32790,31246,6,
yalahar|runes~trainers:,node,32784,31246,6,
yalahar|runes~trainers:,node,32778,31247,6,
yalahar|runes~trainers:,stand,32777,31247,6,
yalahar|runes~trainers:,node,32786,31250,5,
yalahar|runes~trainers:,stand,32786,31250,5,

# --- yalahar|potions~ammo: (4 waypoints) ---
yalahar|potions~ammo:,stand,32790,31239,5,
yalahar|potions~ammo:,stand,32789,31239,4,
yalahar|potions~ammo:,node,32789,31238,3,
yalahar|potions~ammo:,stand,32789,31238,3,

# --- yalahar|potions~food: (17 waypoints) ---
yalahar|potions~food:,stand,32789,31239,5,
yalahar|potions~food:,stand,32790,31239,6,
yalahar|potions~food:,node,32790,31233,7,
yalahar|potions~food:,node,32800,31233,7,
yalahar|potions~food:,node,32810,31233,7,
yalahar|potions~food:,node,32820,31233,7,
yalahar|potions~food:,node,32829,31234,7,
yalahar|potions~food:,node,32831,31242,7,
yalahar|potions~food:,node,32834,31249,7,
yalahar|potions~food:,node,32841,31249,7,
yalahar|potions~food:,node,32845,31244,7,
yalahar|potions~food:,node,32851,31237,7,
yalahar|potions~food:,node,32855,31231,7,
yalahar|potions~food:,node,32858,31224,7,
yalahar|potions~food:,node,32858,31215,7,
yalahar|potions~food:,node,32854,31209,7,
yalahar|potions~food:,stand,32854,31209,7,

# --- yalahar|potions~loot.morpel: (10 waypoints) ---
yalahar|potions~loot.morpel:,stand,32789,31239,5,
yalahar|potions~loot.morpel:,stand,32790,31239,6,
yalahar|potions~loot.morpel:,node,32790,31233,7,
yalahar|potions~loot.morpel:,node,32800,31233,7,
yalahar|potions~loot.morpel:,node,32810,31233,7,
yalahar|potions~loot.morpel:,node,32820,31233,7,
yalahar|potions~loot.morpel:,node,32829,31234,7,
yalahar|potions~loot.morpel:,node,32829,31239,7,
yalahar|potions~loot.morpel:,node,32824,31239,7,
yalahar|potions~loot.morpel:,stand,32824,31239,7,

# --- yalahar|potions~loot.oiriz: (4 waypoints) ---
yalahar|potions~loot.oiriz:,stand,32789,31239,5,
yalahar|potions~loot.oiriz:,stand,32790,31239,6,
yalahar|potions~loot.oiriz:,node,32789,31237,7,
yalahar|potions~loot.oiriz:,stand,32789,31237,7,

# --- yalahar|potions~temple: (15 waypoints) ---
yalahar|potions~temple:,stand,32789,31239,5,
yalahar|potions~temple:,stand,32790,31239,6,
yalahar|potions~temple:,node,32790,31233,7,
yalahar|potions~temple:,node,32799,31234,7,
yalahar|potions~temple:,node,32800,31240,7,
yalahar|potions~temple:,node,32800,31248,7,
yalahar|potions~temple:,node,32800,31254,7,
yalahar|potions~temple:,stand,32800,31255,7,
yalahar|potions~temple:,node,32796,31259,6,
yalahar|potions~temple:,node,32787,31259,6,
yalahar|potions~temple:,node,32782,31262,6,
yalahar|potions~temple:,node,32783,31268,6,
yalahar|potions~temple:,stand,32784,31269,6,
yalahar|potions~temple:,node,32787,31275,7,
yalahar|potions~temple:,stand,32787,31275,7,

# --- yalahar|potions~trainers: (13 waypoints) ---
yalahar|potions~trainers:,stand,32789,31239,5,
yalahar|potions~trainers:,stand,32790,31239,6,
yalahar|potions~trainers:,node,32790,31233,7,
yalahar|potions~trainers:,node,32799,31234,7,
yalahar|potions~trainers:,node,32800,31240,7,
yalahar|potions~trainers:,node,32798,31246,7,
yalahar|potions~trainers:,stand,32797,31246,7,
yalahar|potions~trainers:,node,32790,31246,6,
yalahar|potions~trainers:,node,32784,31246,6,
yalahar|potions~trainers:,node,32778,31247,6,
yalahar|potions~trainers:,stand,32777,31247,6,
yalahar|potions~trainers:,node,32786,31250,5,
yalahar|potions~trainers:,stand,32786,31250,5,

# --- yalahar|food~ammo: (17 waypoints) ---
yalahar|food~ammo:,node,32859,31217,7,
yalahar|food~ammo:,node,32857,31227,7,
yalahar|food~ammo:,node,32853,31235,7,
yalahar|food~ammo:,node,32847,31242,7,
yalahar|food~ammo:,node,32840,31249,7,
yalahar|food~ammo:,node,32833,31247,7,
yalahar|food~ammo:,node,32830,31238,7,
yalahar|food~ammo:,node,32824,31233,7,
yalahar|food~ammo:,node,32813,31233,7,
yalahar|food~ammo:,node,32802,31233,7,
yalahar|food~ammo:,node,32790,31233,7,
yalahar|food~ammo:,node,32790,31238,7,
yalahar|food~ammo:,stand,32790,31239,7,
yalahar|food~ammo:,stand,32789,31239,6,
yalahar|food~ammo:,stand,32790,31239,5,
yalahar|food~ammo:,stand,32789,31239,4,
yalahar|food~ammo:,stand,32789,31238,3,

# --- yalahar|food~potions: (15 waypoints) ---
yalahar|food~potions:,node,32859,31217,7,
yalahar|food~potions:,node,32857,31227,7,
yalahar|food~potions:,node,32853,31235,7,
yalahar|food~potions:,node,32847,31242,7,
yalahar|food~potions:,node,32840,31249,7,
yalahar|food~potions:,node,32833,31247,7,
yalahar|food~potions:,node,32830,31238,7,
yalahar|food~potions:,node,32824,31233,7,
yalahar|food~potions:,node,32813,31233,7,
yalahar|food~potions:,node,32802,31233,7,
yalahar|food~potions:,node,32790,31233,7,
yalahar|food~potions:,node,32790,31238,7,
yalahar|food~potions:,stand,32790,31239,7,
yalahar|food~potions:,stand,32789,31239,6,
yalahar|food~potions:,stand,32789,31238,5,

# --- yalahar|food~runes: (15 waypoints) ---
yalahar|food~runes:,node,32859,31217,7,
yalahar|food~runes:,node,32857,31227,7,
yalahar|food~runes:,node,32853,31235,7,
yalahar|food~runes:,node,32847,31242,7,
yalahar|food~runes:,node,32840,31249,7,
yalahar|food~runes:,node,32833,31247,7,
yalahar|food~runes:,node,32830,31238,7,
yalahar|food~runes:,node,32824,31233,7,
yalahar|food~runes:,node,32813,31233,7,
yalahar|food~runes:,node,32802,31233,7,
yalahar|food~runes:,node,32790,31233,7,
yalahar|food~runes:,node,32790,31238,7,
yalahar|food~runes:,stand,32790,31239,7,
yalahar|food~runes:,stand,32789,31239,6,
yalahar|food~runes:,stand,32789,31238,5,

# --- yalahar|food~loot.morpel: (9 waypoints) ---
yalahar|food~loot.morpel:,node,32859,31217,7,
yalahar|food~loot.morpel:,node,32857,31227,7,
yalahar|food~loot.morpel:,node,32853,31235,7,
yalahar|food~loot.morpel:,node,32847,31242,7,
yalahar|food~loot.morpel:,node,32840,31249,7,
yalahar|food~loot.morpel:,node,32833,31247,7,
yalahar|food~loot.morpel:,node,32830,31240,7,
yalahar|food~loot.morpel:,node,32824,31240,7,
yalahar|food~loot.morpel:,stand,32824,31240,7,

# --- yalahar|food~loot.oiriz: (13 waypoints) ---
yalahar|food~loot.oiriz:,node,32859,31217,7,
yalahar|food~loot.oiriz:,node,32857,31227,7,
yalahar|food~loot.oiriz:,node,32853,31235,7,
yalahar|food~loot.oiriz:,node,32847,31242,7,
yalahar|food~loot.oiriz:,node,32840,31249,7,
yalahar|food~loot.oiriz:,node,32833,31247,7,
yalahar|food~loot.oiriz:,node,32830,31238,7,
yalahar|food~loot.oiriz:,node,32824,31233,7,
yalahar|food~loot.oiriz:,node,32813,31233,7,
yalahar|food~loot.oiriz:,node,32802,31233,7,
yalahar|food~loot.oiriz:,node,32790,31233,7,
yalahar|food~loot.oiriz:,node,32789,31237,7,
yalahar|food~loot.oiriz:,stand,32789,31237,7,

# --- yalahar|food~temple: (18 waypoints) ---
yalahar|food~temple:,node,32859,31217,7,
yalahar|food~temple:,node,32857,31227,7,
yalahar|food~temple:,node,32853,31235,7,
yalahar|food~temple:,node,32847,31242,7,
yalahar|food~temple:,node,32840,31249,7,
yalahar|food~temple:,node,32835,31254,7,
yalahar|food~temple:,node,32826,31254,7,
yalahar|food~temple:,node,32817,31254,7,
yalahar|food~temple:,node,32809,31254,7,
yalahar|food~temple:,node,32804,31255,7,
yalahar|food~temple:,stand,32803,31255,7,
yalahar|food~temple:,node,32797,31259,6,
yalahar|food~temple:,node,32787,31259,6,
yalahar|food~temple:,node,32782,31261,6,
yalahar|food~temple:,node,32783,31268,6,
yalahar|food~temple:,stand,32784,31269,6,
yalahar|food~temple:,node,32787,31275,7,
yalahar|food~temple:,stand,32787,31275,7,

# --- yalahar|food~trainers: (18 waypoints) ---
yalahar|food~trainers:,node,32859,31217,7,
yalahar|food~trainers:,node,32857,31227,7,
yalahar|food~trainers:,node,32853,31235,7,
yalahar|food~trainers:,node,32847,31242,7,
yalahar|food~trainers:,node,32840,31249,7,
yalahar|food~trainers:,node,32835,31254,7,
yalahar|food~trainers:,node,32826,31254,7,
yalahar|food~trainers:,node,32817,31254,7,
yalahar|food~trainers:,node,32809,31254,7,
yalahar|food~trainers:,node,32802,31252,7,
yalahar|food~trainers:,node,32798,31247,7,
yalahar|food~trainers:,stand,32797,31246,7,
yalahar|food~trainers:,node,32790,31246,6,
yalahar|food~trainers:,node,32783,31246,6,
yalahar|food~trainers:,node,32778,31247,6,
yalahar|food~trainers:,stand,32777,31247,6,
yalahar|food~trainers:,node,32786,31250,5,
yalahar|food~trainers:,stand,32786,31250,5,

# --- yalahar|loot.morpel~ammo: (12 waypoints) ---
yalahar|loot.morpel~ammo:,node,32829,31239,7,
yalahar|loot.morpel~ammo:,node,32829,31234,7,
yalahar|loot.morpel~ammo:,node,32818,31234,7,
yalahar|loot.morpel~ammo:,node,32807,31234,7,
yalahar|loot.morpel~ammo:,node,32799,31233,7,
yalahar|loot.morpel~ammo:,node,32790,31233,7,
yalahar|loot.morpel~ammo:,node,32790,31238,7,
yalahar|loot.morpel~ammo:,stand,32790,31239,7,
yalahar|loot.morpel~ammo:,stand,32789,31239,6,
yalahar|loot.morpel~ammo:,stand,32790,31239,5,
yalahar|loot.morpel~ammo:,stand,32789,31239,4,
yalahar|loot.morpel~ammo:,stand,32789,31238,3,

# --- yalahar|loot.morpel~runes: (10 waypoints) ---
yalahar|loot.morpel~runes:,node,32829,31239,7,
yalahar|loot.morpel~runes:,node,32829,31234,7,
yalahar|loot.morpel~runes:,node,32818,31234,7,
yalahar|loot.morpel~runes:,node,32807,31234,7,
yalahar|loot.morpel~runes:,node,32799,31233,7,
yalahar|loot.morpel~runes:,node,32790,31233,7,
yalahar|loot.morpel~runes:,node,32790,31238,7,
yalahar|loot.morpel~runes:,stand,32790,31239,7,
yalahar|loot.morpel~runes:,stand,32789,31239,6,
yalahar|loot.morpel~runes:,stand,32789,31238,5,

# --- yalahar|loot.morpel~potions: (10 waypoints) ---
yalahar|loot.morpel~potions:,node,32829,31239,7,
yalahar|loot.morpel~potions:,node,32829,31234,7,
yalahar|loot.morpel~potions:,node,32818,31234,7,
yalahar|loot.morpel~potions:,node,32807,31234,7,
yalahar|loot.morpel~potions:,node,32799,31233,7,
yalahar|loot.morpel~potions:,node,32790,31233,7,
yalahar|loot.morpel~potions:,node,32790,31238,7,
yalahar|loot.morpel~potions:,stand,32790,31239,7,
yalahar|loot.morpel~potions:,stand,32789,31239,6,
yalahar|loot.morpel~potions:,stand,32789,31238,5,

# --- yalahar|loot.morpel~food: (11 waypoints) ---
yalahar|loot.morpel~food:,node,32829,31240,7,
yalahar|loot.morpel~food:,node,32832,31246,7,
yalahar|loot.morpel~food:,node,32838,31249,7,
yalahar|loot.morpel~food:,node,32843,31246,7,
yalahar|loot.morpel~food:,node,32848,31241,7,
yalahar|loot.morpel~food:,node,32852,31235,7,
yalahar|loot.morpel~food:,node,32856,31229,7,
yalahar|loot.morpel~food:,node,32858,31221,7,
yalahar|loot.morpel~food:,node,32858,31213,7,
yalahar|loot.morpel~food:,node,32854,31209,7,
yalahar|loot.morpel~food:,stand,32854,31209,7,

# --- yalahar|loot.morpel~loot.oiriz: (8 waypoints) ---
yalahar|loot.morpel~loot.oiriz:,node,32829,31239,7,
yalahar|loot.morpel~loot.oiriz:,node,32829,31234,7,
yalahar|loot.morpel~loot.oiriz:,node,32818,31234,7,
yalahar|loot.morpel~loot.oiriz:,node,32807,31234,7,
yalahar|loot.morpel~loot.oiriz:,node,32799,31233,7,
yalahar|loot.morpel~loot.oiriz:,node,32790,31233,7,
yalahar|loot.morpel~loot.oiriz:,node,32789,31237,7,
yalahar|loot.morpel~loot.oiriz:,stand,32789,31237,7,

# --- yalahar|loot.morpel~temple: (14 waypoints) ---
yalahar|loot.morpel~temple:,node,32829,31240,7,
yalahar|loot.morpel~temple:,node,32831,31246,7,
yalahar|loot.morpel~temple:,node,32831,31253,7,
yalahar|loot.morpel~temple:,node,32823,31254,7,
yalahar|loot.morpel~temple:,node,32813,31254,7,
yalahar|loot.morpel~temple:,node,32804,31255,7,
yalahar|loot.morpel~temple:,stand,32803,31255,7,
yalahar|loot.morpel~temple:,node,32797,31259,6,
yalahar|loot.morpel~temple:,node,32786,31259,6,
yalahar|loot.morpel~temple:,node,32782,31262,6,
yalahar|loot.morpel~temple:,node,32783,31268,6,
yalahar|loot.morpel~temple:,stand,32784,31269,6,
yalahar|loot.morpel~temple:,node,32787,31275,7,
yalahar|loot.morpel~temple:,stand,32787,31275,7,

# --- yalahar|loot.morpel~trainers: (14 waypoints) ---
yalahar|loot.morpel~trainers:,node,32829,31240,7,
yalahar|loot.morpel~trainers:,node,32831,31246,7,
yalahar|loot.morpel~trainers:,node,32831,31253,7,
yalahar|loot.morpel~trainers:,node,32823,31254,7,
yalahar|loot.morpel~trainers:,node,32813,31254,7,
yalahar|loot.morpel~trainers:,node,32803,31253,7,
yalahar|loot.morpel~trainers:,node,32798,31247,7,
yalahar|loot.morpel~trainers:,stand,32797,31246,7,
yalahar|loot.morpel~trainers:,node,32790,31246,6,
yalahar|loot.morpel~trainers:,node,32783,31246,6,
yalahar|loot.morpel~trainers:,node,32778,31247,6,
yalahar|loot.morpel~trainers:,stand,32777,31247,6,
yalahar|loot.morpel~trainers:,node,32786,31250,5,
yalahar|loot.morpel~trainers:,stand,32786,31250,5,

# --- yalahar|loot.oiriz~ammo: (6 waypoints) ---
yalahar|loot.oiriz~ammo:,node,32789,31238,7,
yalahar|loot.oiriz~ammo:,stand,32790,31239,7,
yalahar|loot.oiriz~ammo:,stand,32789,31239,6,
yalahar|loot.oiriz~ammo:,stand,32790,31239,5,
yalahar|loot.oiriz~ammo:,stand,32789,31239,4,
yalahar|loot.oiriz~ammo:,stand,32789,31238,3,

# --- yalahar|loot.oiriz~potions: (4 waypoints) ---
yalahar|loot.oiriz~potions:,node,32789,31238,7,
yalahar|loot.oiriz~potions:,stand,32790,31239,7,
yalahar|loot.oiriz~potions:,stand,32789,31239,6,
yalahar|loot.oiriz~potions:,stand,32789,31238,5,

# --- yalahar|loot.oiriz~runes: (4 waypoints) ---
yalahar|loot.oiriz~runes:,node,32789,31238,7,
yalahar|loot.oiriz~runes:,stand,32790,31239,7,
yalahar|loot.oiriz~runes:,stand,32789,31239,6,
yalahar|loot.oiriz~runes:,stand,32789,31238,5,

# --- yalahar|loot.oiriz~food: (17 waypoints) ---
yalahar|loot.oiriz~food:,node,32790,31233,7,
yalahar|loot.oiriz~food:,node,32798,31233,7,
yalahar|loot.oiriz~food:,node,32806,31233,7,
yalahar|loot.oiriz~food:,node,32814,31233,7,
yalahar|loot.oiriz~food:,node,32822,31233,7,
yalahar|loot.oiriz~food:,node,32829,31234,7,
yalahar|loot.oiriz~food:,node,32831,31241,7,
yalahar|loot.oiriz~food:,node,32833,31248,7,
yalahar|loot.oiriz~food:,node,32839,31249,7,
yalahar|loot.oiriz~food:,node,32844,31245,7,
yalahar|loot.oiriz~food:,node,32849,31239,7,
yalahar|loot.oiriz~food:,node,32854,31233,7,
yalahar|loot.oiriz~food:,node,32857,31226,7,
yalahar|loot.oiriz~food:,node,32858,31219,7,
yalahar|loot.oiriz~food:,node,32859,31211,7,
yalahar|loot.oiriz~food:,node,32854,31209,7,
yalahar|loot.oiriz~food:,stand,32854,31209,7,

# --- yalahar|loot.oiriz~loot.morpel: (9 waypoints) ---
yalahar|loot.oiriz~loot.morpel:,node,32790,31233,7,
yalahar|loot.oiriz~loot.morpel:,node,32798,31233,7,
yalahar|loot.oiriz~loot.morpel:,node,32806,31233,7,
yalahar|loot.oiriz~loot.morpel:,node,32814,31233,7,
yalahar|loot.oiriz~loot.morpel:,node,32822,31233,7,
yalahar|loot.oiriz~loot.morpel:,node,32829,31234,7,
yalahar|loot.oiriz~loot.morpel:,node,32829,31239,7,
yalahar|loot.oiriz~loot.morpel:,node,32824,31239,7,
yalahar|loot.oiriz~loot.morpel:,stand,32824,31239,7,

# --- yalahar|loot.oiriz~temple: (14 waypoints) ---
yalahar|loot.oiriz~temple:,node,32790,31233,7,
yalahar|loot.oiriz~temple:,node,32798,31233,7,
yalahar|loot.oiriz~temple:,node,32800,31237,7,
yalahar|loot.oiriz~temple:,node,32800,31243,7,
yalahar|loot.oiriz~temple:,node,32800,31248,7,
yalahar|loot.oiriz~temple:,node,32800,31254,7,
yalahar|loot.oiriz~temple:,stand,32800,31255,7,
yalahar|loot.oiriz~temple:,node,32795,31259,6,
yalahar|loot.oiriz~temple:,node,32786,31259,6,
yalahar|loot.oiriz~temple:,node,32782,31261,6,
yalahar|loot.oiriz~temple:,node,32783,31268,6,
yalahar|loot.oiriz~temple:,stand,32784,31269,6,
yalahar|loot.oiriz~temple:,node,32787,31275,7,
yalahar|loot.oiriz~temple:,stand,32787,31275,7,

# --- yalahar|loot.oiriz~trainers: (12 waypoints) ---
yalahar|loot.oiriz~trainers:,node,32790,31233,7,
yalahar|loot.oiriz~trainers:,node,32798,31233,7,
yalahar|loot.oiriz~trainers:,node,32800,31237,7,
yalahar|loot.oiriz~trainers:,node,32800,31243,7,
yalahar|loot.oiriz~trainers:,node,32798,31246,7,
yalahar|loot.oiriz~trainers:,stand,32797,31246,7,
yalahar|loot.oiriz~trainers:,node,32790,31246,6,
yalahar|loot.oiriz~trainers:,node,32784,31246,6,
yalahar|loot.oiriz~trainers:,node,32778,31247,6,
yalahar|loot.oiriz~trainers:,stand,32777,31247,6,
yalahar|loot.oiriz~trainers:,node,32786,31250,5,
yalahar|loot.oiriz~trainers:,stand,32786,31250,5,

# --- yalahar|temple~ammo: (16 waypoints) ---
yalahar|temple~ammo:,node,32785,31270,7,
yalahar|temple~ammo:,stand,32784,31269,7,
yalahar|temple~ammo:,node,32782,31262,6,
yalahar|temple~ammo:,node,32790,31259,6,
yalahar|temple~ammo:,node,32800,31257,6,
yalahar|temple~ammo:,stand,32800,31256,6,
yalahar|temple~ammo:,node,32800,31248,7,
yalahar|temple~ammo:,node,32800,31241,7,
yalahar|temple~ammo:,node,32800,31234,7,
yalahar|temple~ammo:,node,32790,31233,7,
yalahar|temple~ammo:,node,32790,31238,7,
yalahar|temple~ammo:,stand,32790,31239,7,
yalahar|temple~ammo:,stand,32789,31239,6,
yalahar|temple~ammo:,stand,32790,31239,5,
yalahar|temple~ammo:,stand,32789,31239,4,
yalahar|temple~ammo:,stand,32789,31238,3,

# --- yalahar|temple~runes: (14 waypoints) ---
yalahar|temple~runes:,node,32785,31270,7,
yalahar|temple~runes:,stand,32784,31269,7,
yalahar|temple~runes:,node,32782,31262,6,
yalahar|temple~runes:,node,32790,31259,6,
yalahar|temple~runes:,node,32800,31257,6,
yalahar|temple~runes:,stand,32800,31256,6,
yalahar|temple~runes:,node,32800,31248,7,
yalahar|temple~runes:,node,32800,31241,7,
yalahar|temple~runes:,node,32800,31234,7,
yalahar|temple~runes:,node,32790,31233,7,
yalahar|temple~runes:,node,32790,31238,7,
yalahar|temple~runes:,stand,32790,31239,7,
yalahar|temple~runes:,stand,32789,31239,6,
yalahar|temple~runes:,stand,32789,31238,5,

# --- yalahar|temple~potions: (14 waypoints) ---
yalahar|temple~potions:,node,32785,31270,7,
yalahar|temple~potions:,stand,32784,31269,7,
yalahar|temple~potions:,node,32782,31262,6,
yalahar|temple~potions:,node,32790,31259,6,
yalahar|temple~potions:,node,32800,31257,6,
yalahar|temple~potions:,stand,32800,31256,6,
yalahar|temple~potions:,node,32800,31248,7,
yalahar|temple~potions:,node,32800,31241,7,
yalahar|temple~potions:,node,32800,31234,7,
yalahar|temple~potions:,node,32790,31233,7,
yalahar|temple~potions:,node,32790,31238,7,
yalahar|temple~potions:,stand,32790,31239,7,
yalahar|temple~potions:,stand,32789,31239,6,
yalahar|temple~potions:,stand,32789,31238,5,

# --- yalahar|temple~food: (23 waypoints) ---
yalahar|temple~food:,node,32785,31270,7,
yalahar|temple~food:,stand,32784,31269,7,
yalahar|temple~food:,node,32782,31262,6,
yalahar|temple~food:,node,32790,31259,6,
yalahar|temple~food:,node,32801,31257,6,
yalahar|temple~food:,stand,32801,31256,6,
yalahar|temple~food:,node,32801,31248,7,
yalahar|temple~food:,node,32802,31241,7,
yalahar|temple~food:,node,32803,31234,7,
yalahar|temple~food:,node,32811,31234,7,
yalahar|temple~food:,node,32819,31234,7,
yalahar|temple~food:,node,32828,31234,7,
yalahar|temple~food:,node,32831,31242,7,
yalahar|temple~food:,node,32834,31249,7,
yalahar|temple~food:,node,32840,31249,7,
yalahar|temple~food:,node,32845,31244,7,
yalahar|temple~food:,node,32850,31239,7,
yalahar|temple~food:,node,32854,31233,7,
yalahar|temple~food:,node,32857,31226,7,
yalahar|temple~food:,node,32858,31218,7,
yalahar|temple~food:,node,32858,31210,7,
yalahar|temple~food:,node,32854,31209,7,
yalahar|temple~food:,stand,32854,31209,7,

# --- yalahar|temple~loot.morpel: (15 waypoints) ---
yalahar|temple~loot.morpel:,node,32785,31270,7,
yalahar|temple~loot.morpel:,stand,32784,31269,7,
yalahar|temple~loot.morpel:,node,32782,31262,6,
yalahar|temple~loot.morpel:,node,32790,31259,6,
yalahar|temple~loot.morpel:,node,32801,31257,6,
yalahar|temple~loot.morpel:,stand,32801,31256,6,
yalahar|temple~loot.morpel:,node,32801,31248,7,
yalahar|temple~loot.morpel:,node,32802,31241,7,
yalahar|temple~loot.morpel:,node,32803,31234,7,
yalahar|temple~loot.morpel:,node,32811,31234,7,
yalahar|temple~loot.morpel:,node,32819,31234,7,
yalahar|temple~loot.morpel:,node,32828,31234,7,
yalahar|temple~loot.morpel:,node,32829,31239,7,
yalahar|temple~loot.morpel:,node,32824,31239,7,
yalahar|temple~loot.morpel:,stand,32824,31239,7,

# --- yalahar|temple~loot.oiriz: (12 waypoints) ---
yalahar|temple~loot.oiriz:,node,32785,31270,7,
yalahar|temple~loot.oiriz:,stand,32784,31269,7,
yalahar|temple~loot.oiriz:,node,32782,31262,6,
yalahar|temple~loot.oiriz:,node,32790,31259,6,
yalahar|temple~loot.oiriz:,node,32800,31257,6,
yalahar|temple~loot.oiriz:,stand,32800,31256,6,
yalahar|temple~loot.oiriz:,node,32800,31248,7,
yalahar|temple~loot.oiriz:,node,32800,31241,7,
yalahar|temple~loot.oiriz:,node,32800,31234,7,
yalahar|temple~loot.oiriz:,node,32790,31233,7,
yalahar|temple~loot.oiriz:,node,32789,31237,7,
yalahar|temple~loot.oiriz:,stand,32789,31237,7,

# --- yalahar|temple~trainers: (15 waypoints) ---
yalahar|temple~trainers:,node,32785,31270,7,
yalahar|temple~trainers:,stand,32784,31269,7,
yalahar|temple~trainers:,node,32782,31262,6,
yalahar|temple~trainers:,node,32790,31259,6,
yalahar|temple~trainers:,node,32800,31257,6,
yalahar|temple~trainers:,stand,32800,31256,6,
yalahar|temple~trainers:,node,32800,31248,7,
yalahar|temple~trainers:,node,32798,31247,7,
yalahar|temple~trainers:,stand,32797,31246,7,
yalahar|temple~trainers:,node,32790,31246,6,
yalahar|temple~trainers:,node,32784,31246,6,
yalahar|temple~trainers:,node,32778,31247,6,
yalahar|temple~trainers:,stand,32777,31247,6,
yalahar|temple~trainers:,node,32786,31250,5,
yalahar|temple~trainers:,stand,32786,31250,5,

# --- yalahar|trainers~ammo: (15 waypoints) ---
yalahar|trainers~ammo:,node,32778,31248,5,
yalahar|trainers~ammo:,stand,32777,31247,5,
yalahar|trainers~ammo:,node,32784,31246,6,
yalahar|trainers~ammo:,node,32790,31246,6,
yalahar|trainers~ammo:,node,32796,31246,6,
yalahar|trainers~ammo:,stand,32797,31246,6,
yalahar|trainers~ammo:,node,32800,31243,7,
yalahar|trainers~ammo:,node,32800,31234,7,
yalahar|trainers~ammo:,node,32790,31233,7,
yalahar|trainers~ammo:,node,32790,31238,7,
yalahar|trainers~ammo:,stand,32790,31239,7,
yalahar|trainers~ammo:,stand,32789,31239,6,
yalahar|trainers~ammo:,stand,32790,31239,5,
yalahar|trainers~ammo:,stand,32789,31239,4,
yalahar|trainers~ammo:,stand,32789,31238,3,

# --- yalahar|trainers~runes: (13 waypoints) ---
yalahar|trainers~runes:,node,32778,31248,5,
yalahar|trainers~runes:,stand,32777,31247,5,
yalahar|trainers~runes:,node,32784,31246,6,
yalahar|trainers~runes:,node,32790,31246,6,
yalahar|trainers~runes:,node,32796,31246,6,
yalahar|trainers~runes:,stand,32797,31246,6,
yalahar|trainers~runes:,node,32800,31243,7,
yalahar|trainers~runes:,node,32800,31234,7,
yalahar|trainers~runes:,node,32790,31233,7,
yalahar|trainers~runes:,node,32790,31238,7,
yalahar|trainers~runes:,stand,32790,31239,7,
yalahar|trainers~runes:,stand,32789,31239,6,
yalahar|trainers~runes:,stand,32789,31238,5,

# --- yalahar|trainers~potions: (13 waypoints) ---
yalahar|trainers~potions:,node,32778,31248,5,
yalahar|trainers~potions:,stand,32777,31247,5,
yalahar|trainers~potions:,node,32784,31246,6,
yalahar|trainers~potions:,node,32790,31246,6,
yalahar|trainers~potions:,node,32796,31246,6,
yalahar|trainers~potions:,stand,32797,31246,6,
yalahar|trainers~potions:,node,32800,31243,7,
yalahar|trainers~potions:,node,32800,31234,7,
yalahar|trainers~potions:,node,32790,31233,7,
yalahar|trainers~potions:,node,32790,31238,7,
yalahar|trainers~potions:,stand,32790,31239,7,
yalahar|trainers~potions:,stand,32789,31239,6,
yalahar|trainers~potions:,stand,32789,31238,5,

# --- yalahar|trainers~food: (22 waypoints) ---
yalahar|trainers~food:,node,32778,31248,5,
yalahar|trainers~food:,stand,32777,31247,5,
yalahar|trainers~food:,node,32784,31246,6,
yalahar|trainers~food:,node,32790,31246,6,
yalahar|trainers~food:,node,32796,31246,6,
yalahar|trainers~food:,stand,32797,31246,6,
yalahar|trainers~food:,node,32801,31243,7,
yalahar|trainers~food:,node,32803,31234,7,
yalahar|trainers~food:,node,32811,31234,7,
yalahar|trainers~food:,node,32819,31234,7,
yalahar|trainers~food:,node,32827,31234,7,
yalahar|trainers~food:,node,32831,31238,7,
yalahar|trainers~food:,node,32832,31246,7,
yalahar|trainers~food:,node,32837,31250,7,
yalahar|trainers~food:,node,32843,31246,7,
yalahar|trainers~food:,node,32848,31240,7,
yalahar|trainers~food:,node,32853,31234,7,
yalahar|trainers~food:,node,32857,31228,7,
yalahar|trainers~food:,node,32858,31220,7,
yalahar|trainers~food:,node,32859,31213,7,
yalahar|trainers~food:,node,32854,31209,7,
yalahar|trainers~food:,stand,32854,31209,7,

# --- yalahar|trainers~loot.morpel: (14 waypoints) ---
yalahar|trainers~loot.morpel:,node,32778,31248,5,
yalahar|trainers~loot.morpel:,stand,32777,31247,5,
yalahar|trainers~loot.morpel:,node,32784,31246,6,
yalahar|trainers~loot.morpel:,node,32790,31246,6,
yalahar|trainers~loot.morpel:,node,32796,31246,6,
yalahar|trainers~loot.morpel:,stand,32797,31246,6,
yalahar|trainers~loot.morpel:,node,32801,31243,7,
yalahar|trainers~loot.morpel:,node,32803,31234,7,
yalahar|trainers~loot.morpel:,node,32811,31234,7,
yalahar|trainers~loot.morpel:,node,32819,31234,7,
yalahar|trainers~loot.morpel:,node,32827,31234,7,
yalahar|trainers~loot.morpel:,node,32829,31239,7,
yalahar|trainers~loot.morpel:,node,32824,31239,7,
yalahar|trainers~loot.morpel:,stand,32824,31239,7,

# --- yalahar|trainers~loot.oiriz: (11 waypoints) ---
yalahar|trainers~loot.oiriz:,node,32778,31248,5,
yalahar|trainers~loot.oiriz:,stand,32777,31247,5,
yalahar|trainers~loot.oiriz:,node,32784,31246,6,
yalahar|trainers~loot.oiriz:,node,32790,31246,6,
yalahar|trainers~loot.oiriz:,node,32796,31246,6,
yalahar|trainers~loot.oiriz:,stand,32797,31246,6,
yalahar|trainers~loot.oiriz:,node,32800,31243,7,
yalahar|trainers~loot.oiriz:,node,32800,31234,7,
yalahar|trainers~loot.oiriz:,node,32790,31233,7,
yalahar|trainers~loot.oiriz:,node,32789,31237,7,
yalahar|trainers~loot.oiriz:,stand,32789,31237,7,

# --- yalahar|trainers~temple: (16 waypoints) ---
yalahar|trainers~temple:,node,32778,31248,5,
yalahar|trainers~temple:,stand,32777,31247,5,
yalahar|trainers~temple:,node,32784,31246,6,
yalahar|trainers~temple:,node,32790,31246,6,
yalahar|trainers~temple:,node,32796,31246,6,
yalahar|trainers~temple:,stand,32797,31246,6,
yalahar|trainers~temple:,node,32800,31250,7,
yalahar|trainers~temple:,node,32800,31254,7,
yalahar|trainers~temple:,stand,32800,31255,7,
yalahar|trainers~temple:,node,32797,31259,6,
yalahar|trainers~temple:,node,32788,31259,6,
yalahar|trainers~temple:,node,32782,31262,6,
yalahar|trainers~temple:,node,32783,31268,6,
yalahar|trainers~temple:,stand,32784,31269,6,
yalahar|trainers~temple:,node,32787,31275,7,
yalahar|trainers~temple:,stand,32787,31275,7,

# --- yalahar|foreign.quarter~boat: (20 waypoints) ---
yalahar|foreign.quarter~boat:,node,32750,31260,7,
yalahar|foreign.quarter~boat:,stand,32750,31259,7,
yalahar|foreign.quarter~boat:,stand,32751,31257,6,
yalahar|foreign.quarter~boat:,node,32754,31254,5,
yalahar|foreign.quarter~boat:,node,32760,31251,5,
yalahar|foreign.quarter~boat:,stand,32761,31251,5,
yalahar|foreign.quarter~boat:,stand,32763,31251,6,
yalahar|foreign.quarter~boat:,node,32770,31253,7,
yalahar|foreign.quarter~boat:,node,32778,31255,7,
yalahar|foreign.quarter~boat:,node,32785,31255,7,
yalahar|foreign.quarter~boat:,node,32792,31255,7,
yalahar|foreign.quarter~boat:,node,32799,31255,7,
yalahar|foreign.quarter~boat:,stand,32800,31255,7,
yalahar|foreign.quarter~boat:,node,32806,31259,6,
yalahar|foreign.quarter~boat:,node,32811,31264,6,
yalahar|foreign.quarter~boat:,node,32812,31271,6,
yalahar|foreign.quarter~boat:,node,32817,31274,6,
yalahar|foreign.quarter~boat:,door,32817,31275,6,
yalahar|foreign.quarter~boat:,ladder,32815,31277,6,
yalahar|foreign.quarter~boat:,stand,32815,31278,5,

# --- yalahar|foreign.quarter~bank: (18 waypoints) ---
yalahar|foreign.quarter~bank:,node,32750,31260,7,
yalahar|foreign.quarter~bank:,stand,32750,31259,7,
yalahar|foreign.quarter~bank:,stand,32751,31257,6,
yalahar|foreign.quarter~bank:,node,32754,31254,5,
yalahar|foreign.quarter~bank:,node,32760,31251,5,
yalahar|foreign.quarter~bank:,stand,32761,31251,5,
yalahar|foreign.quarter~bank:,stand,32763,31251,6,
yalahar|foreign.quarter~bank:,node,32771,31254,7,
yalahar|foreign.quarter~bank:,node,32778,31254,7,
yalahar|foreign.quarter~bank:,node,32785,31254,7,
yalahar|foreign.quarter~bank:,node,32792,31254,7,
yalahar|foreign.quarter~bank:,node,32798,31252,7,
yalahar|foreign.quarter~bank:,node,32805,31253,7,
yalahar|foreign.quarter~bank:,node,32812,31254,7,
yalahar|foreign.quarter~bank:,node,32820,31254,7,
yalahar|foreign.quarter~bank:,node,32829,31253,7,
yalahar|foreign.quarter~bank:,node,32824,31249,7,
yalahar|foreign.quarter~bank:,stand,32824,31249,7,

# --- yalahar|foreign.quarter~depot: (11 waypoints) ---
yalahar|foreign.quarter~depot:,node,32750,31260,7,
yalahar|foreign.quarter~depot:,stand,32750,31259,7,
yalahar|foreign.quarter~depot:,stand,32751,31257,6,
yalahar|foreign.quarter~depot:,node,32754,31254,5,
yalahar|foreign.quarter~depot:,node,32760,31251,5,
yalahar|foreign.quarter~depot:,stand,32761,31251,5,
yalahar|foreign.quarter~depot:,stand,32763,31251,6,
yalahar|foreign.quarter~depot:,node,32771,31250,7,
yalahar|foreign.quarter~depot:,node,32778,31249,7,
yalahar|foreign.quarter~depot:,node,32785,31249,7,
yalahar|foreign.quarter~depot:,stand,32786,31248,7,

# --- yalahar|foreign.quarter~ammo: (19 waypoints) ---
yalahar|foreign.quarter~ammo:,node,32750,31260,7,
yalahar|foreign.quarter~ammo:,stand,32750,31259,7,
yalahar|foreign.quarter~ammo:,stand,32751,31257,6,
yalahar|foreign.quarter~ammo:,node,32754,31254,5,
yalahar|foreign.quarter~ammo:,node,32760,31251,5,
yalahar|foreign.quarter~ammo:,stand,32761,31251,5,
yalahar|foreign.quarter~ammo:,stand,32763,31251,6,
yalahar|foreign.quarter~ammo:,node,32771,31250,7,
yalahar|foreign.quarter~ammo:,node,32772,31244,7,
yalahar|foreign.quarter~ammo:,node,32773,31237,7,
yalahar|foreign.quarter~ammo:,node,32778,31232,7,
yalahar|foreign.quarter~ammo:,node,32789,31232,7,
yalahar|foreign.quarter~ammo:,node,32790,31238,7,
yalahar|foreign.quarter~ammo:,stand,32790,31239,7,
yalahar|foreign.quarter~ammo:,stand,32789,31239,6,
yalahar|foreign.quarter~ammo:,stand,32790,31239,5,
yalahar|foreign.quarter~ammo:,stand,32789,31239,4,
yalahar|foreign.quarter~ammo:,node,32789,31238,3,
yalahar|foreign.quarter~ammo:,stand,32789,31238,3,

# --- yalahar|foreign.quarter~runes: (16 waypoints) ---
yalahar|foreign.quarter~runes:,node,32750,31260,7,
yalahar|foreign.quarter~runes:,stand,32750,31259,7,
yalahar|foreign.quarter~runes:,stand,32751,31257,6,
yalahar|foreign.quarter~runes:,node,32754,31254,5,
yalahar|foreign.quarter~runes:,node,32760,31251,5,
yalahar|foreign.quarter~runes:,stand,32761,31251,5,
yalahar|foreign.quarter~runes:,stand,32763,31251,6,
yalahar|foreign.quarter~runes:,node,32771,31250,7,
yalahar|foreign.quarter~runes:,node,32772,31244,7,
yalahar|foreign.quarter~runes:,node,32773,31237,7,
yalahar|foreign.quarter~runes:,node,32778,31232,7,
yalahar|foreign.quarter~runes:,node,32789,31232,7,
yalahar|foreign.quarter~runes:,node,32790,31238,7,
yalahar|foreign.quarter~runes:,stand,32790,31239,7,
yalahar|foreign.quarter~runes:,stand,32789,31239,6,
yalahar|foreign.quarter~runes:,stand,32789,31238,5,

# --- yalahar|foreign.quarter~potions: (16 waypoints) ---
yalahar|foreign.quarter~potions:,node,32750,31260,7,
yalahar|foreign.quarter~potions:,stand,32750,31259,7,
yalahar|foreign.quarter~potions:,stand,32751,31257,6,
yalahar|foreign.quarter~potions:,node,32754,31254,5,
yalahar|foreign.quarter~potions:,node,32760,31251,5,
yalahar|foreign.quarter~potions:,stand,32761,31251,5,
yalahar|foreign.quarter~potions:,stand,32763,31251,6,
yalahar|foreign.quarter~potions:,node,32771,31250,7,
yalahar|foreign.quarter~potions:,node,32772,31244,7,
yalahar|foreign.quarter~potions:,node,32773,31237,7,
yalahar|foreign.quarter~potions:,node,32778,31232,7,
yalahar|foreign.quarter~potions:,node,32789,31232,7,
yalahar|foreign.quarter~potions:,node,32790,31238,7,
yalahar|foreign.quarter~potions:,stand,32790,31239,7,
yalahar|foreign.quarter~potions:,stand,32789,31239,6,
yalahar|foreign.quarter~potions:,stand,32789,31238,5,

# --- yalahar|foreign.quarter~food: (25 waypoints) ---
yalahar|foreign.quarter~food:,node,32750,31260,7,
yalahar|foreign.quarter~food:,stand,32750,31259,7,
yalahar|foreign.quarter~food:,stand,32751,31257,6,
yalahar|foreign.quarter~food:,node,32754,31254,5,
yalahar|foreign.quarter~food:,node,32760,31251,5,
yalahar|foreign.quarter~food:,stand,32761,31251,5,
yalahar|foreign.quarter~food:,stand,32763,31251,6,
yalahar|foreign.quarter~food:,node,32771,31254,7,
yalahar|foreign.quarter~food:,node,32778,31254,7,
yalahar|foreign.quarter~food:,node,32785,31254,7,
yalahar|foreign.quarter~food:,node,32792,31254,7,
yalahar|foreign.quarter~food:,node,32798,31252,7,
yalahar|foreign.quarter~food:,node,32805,31253,7,
yalahar|foreign.quarter~food:,node,32812,31254,7,
yalahar|foreign.quarter~food:,node,32820,31254,7,
yalahar|foreign.quarter~food:,node,32829,31254,7,
yalahar|foreign.quarter~food:,node,32837,31253,7,
yalahar|foreign.quarter~food:,node,32842,31248,7,
yalahar|foreign.quarter~food:,node,32847,31243,7,
yalahar|foreign.quarter~food:,node,32852,31238,7,
yalahar|foreign.quarter~food:,node,32856,31231,7,
yalahar|foreign.quarter~food:,node,32857,31224,7,
yalahar|foreign.quarter~food:,node,32858,31216,7,
yalahar|foreign.quarter~food:,node,32854,31209,7,
yalahar|foreign.quarter~food:,stand,32854,31209,7,

# --- yalahar|foreign.quarter~loot.morpel: (20 waypoints) ---
yalahar|foreign.quarter~loot.morpel:,node,32750,31260,7,
yalahar|foreign.quarter~loot.morpel:,stand,32750,31259,7,
yalahar|foreign.quarter~loot.morpel:,stand,32751,31257,6,
yalahar|foreign.quarter~loot.morpel:,node,32754,31254,5,
yalahar|foreign.quarter~loot.morpel:,node,32760,31251,5,
yalahar|foreign.quarter~loot.morpel:,stand,32761,31251,5,
yalahar|foreign.quarter~loot.morpel:,stand,32763,31251,6,
yalahar|foreign.quarter~loot.morpel:,node,32771,31250,7,
yalahar|foreign.quarter~loot.morpel:,node,32772,31244,7,
yalahar|foreign.quarter~loot.morpel:,node,32773,31237,7,
yalahar|foreign.quarter~loot.morpel:,node,32778,31232,7,
yalahar|foreign.quarter~loot.morpel:,node,32786,31232,7,
yalahar|foreign.quarter~loot.morpel:,node,32794,31232,7,
yalahar|foreign.quarter~loot.morpel:,node,32801,31232,7,
yalahar|foreign.quarter~loot.morpel:,node,32809,31232,7,
yalahar|foreign.quarter~loot.morpel:,node,32817,31232,7,
yalahar|foreign.quarter~loot.morpel:,node,32825,31233,7,
yalahar|foreign.quarter~loot.morpel:,node,32829,31239,7,
yalahar|foreign.quarter~loot.morpel:,node,32824,31239,7,
yalahar|foreign.quarter~loot.morpel:,stand,32824,31239,7,

# --- yalahar|foreign.quarter~loot.oiriz: (14 waypoints) ---
yalahar|foreign.quarter~loot.oiriz:,node,32750,31260,7,
yalahar|foreign.quarter~loot.oiriz:,stand,32750,31259,7,
yalahar|foreign.quarter~loot.oiriz:,stand,32751,31257,6,
yalahar|foreign.quarter~loot.oiriz:,node,32754,31254,5,
yalahar|foreign.quarter~loot.oiriz:,node,32760,31251,5,
yalahar|foreign.quarter~loot.oiriz:,stand,32761,31251,5,
yalahar|foreign.quarter~loot.oiriz:,stand,32763,31251,6,
yalahar|foreign.quarter~loot.oiriz:,node,32771,31250,7,
yalahar|foreign.quarter~loot.oiriz:,node,32772,31244,7,
yalahar|foreign.quarter~loot.oiriz:,node,32773,31237,7,
yalahar|foreign.quarter~loot.oiriz:,node,32778,31232,7,
yalahar|foreign.quarter~loot.oiriz:,node,32786,31232,7,
yalahar|foreign.quarter~loot.oiriz:,node,32789,31237,7,
yalahar|foreign.quarter~loot.oiriz:,stand,32789,31237,7,

# --- yalahar|foreign.quarter~temple: (20 waypoints) ---
yalahar|foreign.quarter~temple:,node,32750,31260,7,
yalahar|foreign.quarter~temple:,stand,32750,31259,7,
yalahar|foreign.quarter~temple:,stand,32751,31257,6,
yalahar|foreign.quarter~temple:,node,32754,31254,5,
yalahar|foreign.quarter~temple:,node,32760,31251,5,
yalahar|foreign.quarter~temple:,stand,32761,31251,5,
yalahar|foreign.quarter~temple:,stand,32763,31251,6,
yalahar|foreign.quarter~temple:,node,32771,31254,7,
yalahar|foreign.quarter~temple:,node,32778,31254,7,
yalahar|foreign.quarter~temple:,node,32785,31254,7,
yalahar|foreign.quarter~temple:,node,32792,31254,7,
yalahar|foreign.quarter~temple:,node,32799,31255,7,
yalahar|foreign.quarter~temple:,stand,32800,31255,7,
yalahar|foreign.quarter~temple:,node,32796,31259,6,
yalahar|foreign.quarter~temple:,node,32787,31259,6,
yalahar|foreign.quarter~temple:,node,32782,31262,6,
yalahar|foreign.quarter~temple:,node,32783,31268,6,
yalahar|foreign.quarter~temple:,stand,32784,31269,6,
yalahar|foreign.quarter~temple:,node,32787,31275,7,
yalahar|foreign.quarter~temple:,stand,32787,31275,7,

# --- yalahar|foreign.quarter~trainers: (17 waypoints) ---
yalahar|foreign.quarter~trainers:,node,32750,31260,7,
yalahar|foreign.quarter~trainers:,stand,32750,31259,7,
yalahar|foreign.quarter~trainers:,stand,32751,31257,6,
yalahar|foreign.quarter~trainers:,node,32754,31254,5,
yalahar|foreign.quarter~trainers:,node,32760,31251,5,
yalahar|foreign.quarter~trainers:,stand,32761,31251,5,
yalahar|foreign.quarter~trainers:,stand,32763,31251,6,
yalahar|foreign.quarter~trainers:,node,32771,31250,7,
yalahar|foreign.quarter~trainers:,node,32778,31249,7,
yalahar|foreign.quarter~trainers:,node,32785,31249,7,
yalahar|foreign.quarter~trainers:,stand,32786,31248,7,
yalahar|foreign.quarter~trainers:,node,32783,31247,6,
yalahar|foreign.quarter~trainers:,node,32778,31247,6,
yalahar|foreign.quarter~trainers:,stand,32777,31247,6,
yalahar|foreign.quarter~trainers:,node,32781,31248,5,
yalahar|foreign.quarter~trainers:,node,32786,31249,5,
yalahar|foreign.quarter~trainers:,stand,32786,31249,5,

# --- yalahar|foreign.quarter~magician.quarter: (30 waypoints) ---
yalahar|foreign.quarter~magician.quarter:,node,32750,31260,7,
yalahar|foreign.quarter~magician.quarter:,stand,32750,31259,7,
yalahar|foreign.quarter~magician.quarter:,stand,32751,31257,6,
yalahar|foreign.quarter~magician.quarter:,node,32754,31254,5,
yalahar|foreign.quarter~magician.quarter:,node,32760,31251,5,
yalahar|foreign.quarter~magician.quarter:,stand,32761,31251,5,
yalahar|foreign.quarter~magician.quarter:,stand,32763,31251,6,
yalahar|foreign.quarter~magician.quarter:,node,32763,31245,7,
yalahar|foreign.quarter~magician.quarter:,node,32758,31239,7,
yalahar|foreign.quarter~magician.quarter:,node,32753,31232,7,
yalahar|foreign.quarter~magician.quarter:,node,32749,31223,7,
yalahar|foreign.quarter~magician.quarter:,node,32745,31213,7,
yalahar|foreign.quarter~magician.quarter:,node,32744,31203,7,
yalahar|foreign.quarter~magician.quarter:,node,32744,31192,7,
yalahar|foreign.quarter~magician.quarter:,node,32747,31181,7,
yalahar|foreign.quarter~magician.quarter:,node,32754,31172,7,
yalahar|foreign.quarter~magician.quarter:,node,32763,31164,7,
yalahar|foreign.quarter~magician.quarter:,node,32773,31158,7,
yalahar|foreign.quarter~magician.quarter:,node,32781,31153,7,
yalahar|foreign.quarter~magician.quarter:,node,32791,31150,7,
yalahar|foreign.quarter~magician.quarter:,node,32802,31149,7,
yalahar|foreign.quarter~magician.quarter:,node,32813,31150,7,
yalahar|foreign.quarter~magician.quarter:,node,32822,31154,7,
yalahar|foreign.quarter~magician.quarter:,node,32830,31157,7,
yalahar|foreign.quarter~magician.quarter:,node,32833,31156,7,
yalahar|foreign.quarter~magician.quarter:,stand,32833,31155,7,
yalahar|foreign.quarter~magician.quarter:,stand,32833,31153,6,
yalahar|foreign.quarter~magician.quarter:,node,32834,31146,5,
yalahar|foreign.quarter~magician.quarter:,stand,32834,31145,5,
yalahar|foreign.quarter~magician.quarter:,stand,32834,31143,6,

# --- yalahar|foreign.quarter~cemetery.quarter: (23 waypoints) ---
yalahar|foreign.quarter~cemetery.quarter:,node,32750,31260,7,
yalahar|foreign.quarter~cemetery.quarter:,stand,32750,31259,7,
yalahar|foreign.quarter~cemetery.quarter:,stand,32751,31257,6,
yalahar|foreign.quarter~cemetery.quarter:,node,32754,31254,5,
yalahar|foreign.quarter~cemetery.quarter:,node,32760,31251,5,
yalahar|foreign.quarter~cemetery.quarter:,stand,32761,31251,5,
yalahar|foreign.quarter~cemetery.quarter:,stand,32763,31251,6,
yalahar|foreign.quarter~cemetery.quarter:,node,32763,31245,7,
yalahar|foreign.quarter~cemetery.quarter:,node,32758,31239,7,
yalahar|foreign.quarter~cemetery.quarter:,node,32753,31232,7,
yalahar|foreign.quarter~cemetery.quarter:,node,32749,31223,7,
yalahar|foreign.quarter~cemetery.quarter:,node,32745,31213,7,
yalahar|foreign.quarter~cemetery.quarter:,node,32744,31203,7,
yalahar|foreign.quarter~cemetery.quarter:,node,32744,31192,7,
yalahar|foreign.quarter~cemetery.quarter:,node,32747,31181,7,
yalahar|foreign.quarter~cemetery.quarter:,node,32754,31172,7,
yalahar|foreign.quarter~cemetery.quarter:,node,32763,31164,7,
yalahar|foreign.quarter~cemetery.quarter:,node,32773,31158,7,
yalahar|foreign.quarter~cemetery.quarter:,node,32779,31154,7,
yalahar|foreign.quarter~cemetery.quarter:,node,32779,31151,7,
yalahar|foreign.quarter~cemetery.quarter:,stand,32779,31150,7,
yalahar|foreign.quarter~cemetery.quarter:,stand,32779,31148,6,
yalahar|foreign.quarter~cemetery.quarter:,stand,32777,31145,5,

# --- yalahar|foreign.quarter~alchemist.quarter: (19 waypoints) ---
yalahar|foreign.quarter~alchemist.quarter:,node,32750,31260,7,
yalahar|foreign.quarter~alchemist.quarter:,stand,32750,31259,7,
yalahar|foreign.quarter~alchemist.quarter:,stand,32751,31257,6,
yalahar|foreign.quarter~alchemist.quarter:,node,32754,31254,5,
yalahar|foreign.quarter~alchemist.quarter:,node,32760,31251,5,
yalahar|foreign.quarter~alchemist.quarter:,stand,32761,31251,5,
yalahar|foreign.quarter~alchemist.quarter:,stand,32763,31251,6,
yalahar|foreign.quarter~alchemist.quarter:,node,32763,31245,7,
yalahar|foreign.quarter~alchemist.quarter:,node,32758,31239,7,
yalahar|foreign.quarter~alchemist.quarter:,node,32753,31232,7,
yalahar|foreign.quarter~alchemist.quarter:,node,32749,31223,7,
yalahar|foreign.quarter~alchemist.quarter:,node,32745,31213,7,
yalahar|foreign.quarter~alchemist.quarter:,node,32744,31203,7,
yalahar|foreign.quarter~alchemist.quarter:,node,32744,31192,7,
yalahar|foreign.quarter~alchemist.quarter:,node,32747,31181,7,
yalahar|foreign.quarter~alchemist.quarter:,node,32750,31171,7,
yalahar|foreign.quarter~alchemist.quarter:,stand,32750,31170,7,
yalahar|foreign.quarter~alchemist.quarter:,stand,32748,31167,6,
yalahar|foreign.quarter~alchemist.quarter:,stand,32746,31165,5,

# --- yalahar|foreign.quarter~arena.quarter: (16 waypoints) ---
yalahar|foreign.quarter~arena.quarter:,node,32750,31260,7,
yalahar|foreign.quarter~arena.quarter:,stand,32750,31259,7,
yalahar|foreign.quarter~arena.quarter:,stand,32751,31257,6,
yalahar|foreign.quarter~arena.quarter:,node,32754,31254,5,
yalahar|foreign.quarter~arena.quarter:,node,32760,31251,5,
yalahar|foreign.quarter~arena.quarter:,stand,32761,31251,5,
yalahar|foreign.quarter~arena.quarter:,stand,32763,31251,6,
yalahar|foreign.quarter~arena.quarter:,node,32763,31245,7,
yalahar|foreign.quarter~arena.quarter:,node,32758,31239,7,
yalahar|foreign.quarter~arena.quarter:,node,32753,31232,7,
yalahar|foreign.quarter~arena.quarter:,node,32749,31223,7,
yalahar|foreign.quarter~arena.quarter:,node,32745,31213,7,
yalahar|foreign.quarter~arena.quarter:,node,32739,31202,7,
yalahar|foreign.quarter~arena.quarter:,stand,32738,31202,7,
yalahar|foreign.quarter~arena.quarter:,stand,32736,31202,6,
yalahar|foreign.quarter~arena.quarter:,stand,32734,31202,5,

# --- yalahar|foreign.quarter~sunken.quarter: (27 waypoints) ---
yalahar|foreign.quarter~sunken.quarter:,node,32750,31260,7,
yalahar|foreign.quarter~sunken.quarter:,stand,32750,31259,7,
yalahar|foreign.quarter~sunken.quarter:,stand,32751,31257,6,
yalahar|foreign.quarter~sunken.quarter:,node,32754,31254,5,
yalahar|foreign.quarter~sunken.quarter:,node,32760,31251,5,
yalahar|foreign.quarter~sunken.quarter:,stand,32761,31251,5,
yalahar|foreign.quarter~sunken.quarter:,stand,32763,31251,6,
yalahar|foreign.quarter~sunken.quarter:,node,32772,31254,7,
yalahar|foreign.quarter~sunken.quarter:,node,32781,31254,7,
yalahar|foreign.quarter~sunken.quarter:,node,32790,31254,7,
yalahar|foreign.quarter~sunken.quarter:,node,32798,31252,7,
yalahar|foreign.quarter~sunken.quarter:,node,32806,31254,7,
yalahar|foreign.quarter~sunken.quarter:,node,32814,31254,7,
yalahar|foreign.quarter~sunken.quarter:,node,32822,31254,7,
yalahar|foreign.quarter~sunken.quarter:,node,32830,31254,7,
yalahar|foreign.quarter~sunken.quarter:,node,32837,31253,7,
yalahar|foreign.quarter~sunken.quarter:,node,32843,31248,7,
yalahar|foreign.quarter~sunken.quarter:,node,32848,31242,7,
yalahar|foreign.quarter~sunken.quarter:,node,32853,31236,7,
yalahar|foreign.quarter~sunken.quarter:,node,32856,31230,7,
yalahar|foreign.quarter~sunken.quarter:,node,32859,31223,7,
yalahar|foreign.quarter~sunken.quarter:,node,32860,31215,7,
yalahar|foreign.quarter~sunken.quarter:,node,32861,31207,7,
yalahar|foreign.quarter~sunken.quarter:,node,32863,31201,7,
yalahar|foreign.quarter~sunken.quarter:,stand,32864,31201,7,
yalahar|foreign.quarter~sunken.quarter:,stand,32866,31201,6,
yalahar|foreign.quarter~sunken.quarter:,stand,32867,31201,5,

# --- yalahar|foreign.quarter~factory.quarter: (21 waypoints) ---
yalahar|foreign.quarter~factory.quarter:,node,32750,31260,7,
yalahar|foreign.quarter~factory.quarter:,stand,32750,31259,7,
yalahar|foreign.quarter~factory.quarter:,stand,32751,31257,6,
yalahar|foreign.quarter~factory.quarter:,node,32754,31254,5,
yalahar|foreign.quarter~factory.quarter:,node,32760,31251,5,
yalahar|foreign.quarter~factory.quarter:,stand,32761,31251,5,
yalahar|foreign.quarter~factory.quarter:,stand,32763,31251,6,
yalahar|foreign.quarter~factory.quarter:,node,32772,31254,7,
yalahar|foreign.quarter~factory.quarter:,node,32781,31254,7,
yalahar|foreign.quarter~factory.quarter:,node,32790,31254,7,
yalahar|foreign.quarter~factory.quarter:,node,32798,31252,7,
yalahar|foreign.quarter~factory.quarter:,node,32806,31254,7,
yalahar|foreign.quarter~factory.quarter:,node,32814,31254,7,
yalahar|foreign.quarter~factory.quarter:,node,32822,31254,7,
yalahar|foreign.quarter~factory.quarter:,node,32830,31254,7,
yalahar|foreign.quarter~factory.quarter:,node,32837,31253,7,
yalahar|foreign.quarter~factory.quarter:,node,32843,31248,7,
yalahar|foreign.quarter~factory.quarter:,node,32849,31247,7,
yalahar|foreign.quarter~factory.quarter:,stand,32850,31247,7,
yalahar|foreign.quarter~factory.quarter:,stand,32852,31247,6,
yalahar|foreign.quarter~factory.quarter:,stand,32854,31247,5,

# --- yalahar|foreign.quarter~trade.quarter: (19 waypoints) ---
yalahar|foreign.quarter~trade.quarter:,node,32750,31260,7,
yalahar|foreign.quarter~trade.quarter:,stand,32750,31259,7,
yalahar|foreign.quarter~trade.quarter:,stand,32751,31257,6,
yalahar|foreign.quarter~trade.quarter:,node,32754,31254,5,
yalahar|foreign.quarter~trade.quarter:,node,32760,31251,5,
yalahar|foreign.quarter~trade.quarter:,stand,32761,31251,5,
yalahar|foreign.quarter~trade.quarter:,stand,32763,31251,6,
yalahar|foreign.quarter~trade.quarter:,node,32772,31254,7,
yalahar|foreign.quarter~trade.quarter:,node,32781,31254,7,
yalahar|foreign.quarter~trade.quarter:,node,32790,31254,7,
yalahar|foreign.quarter~trade.quarter:,node,32798,31252,7,
yalahar|foreign.quarter~trade.quarter:,node,32806,31254,7,
yalahar|foreign.quarter~trade.quarter:,node,32814,31254,7,
yalahar|foreign.quarter~trade.quarter:,node,32822,31254,7,
yalahar|foreign.quarter~trade.quarter:,node,32830,31254,7,
yalahar|foreign.quarter~trade.quarter:,node,32834,31262,7,
yalahar|foreign.quarter~trade.quarter:,stand,32834,31263,7,
yalahar|foreign.quarter~trade.quarter:,stand,32834,31265,6,
yalahar|foreign.quarter~trade.quarter:,stand,32834,31266,5,

# --- yalahar|boat~foreign.quarter: (16 waypoints) ---
yalahar|boat~foreign.quarter:,node,32811,31271,6,
yalahar|boat~foreign.quarter:,node,32811,31264,6,
yalahar|boat~foreign.quarter:,node,32806,31260,6,
yalahar|boat~foreign.quarter:,node,32801,31257,6,
yalahar|boat~foreign.quarter:,stand,32801,31256,6,
yalahar|boat~foreign.quarter:,node,32793,31254,7,
yalahar|boat~foreign.quarter:,node,32785,31254,7,
yalahar|boat~foreign.quarter:,node,32777,31254,7,
yalahar|boat~foreign.quarter:,node,32770,31253,7,
yalahar|boat~foreign.quarter:,node,32764,31251,7,
yalahar|boat~foreign.quarter:,stand,32763,31251,7,
yalahar|boat~foreign.quarter:,stand,32761,31251,6,
yalahar|boat~foreign.quarter:,node,32755,31252,5,
yalahar|boat~foreign.quarter:,node,32751,31256,5,
yalahar|boat~foreign.quarter:,stand,32750,31256,5,
yalahar|boat~foreign.quarter:,stand,32748,31256,6,

# --- yalahar|bank~foreign.quarter: (16 waypoints) ---
yalahar|bank~foreign.quarter:,node,32830,31252,7,
yalahar|bank~foreign.quarter:,node,32822,31254,7,
yalahar|bank~foreign.quarter:,node,32813,31254,7,
yalahar|bank~foreign.quarter:,node,32805,31254,7,
yalahar|bank~foreign.quarter:,node,32799,31252,7,
yalahar|bank~foreign.quarter:,node,32793,31254,7,
yalahar|bank~foreign.quarter:,node,32785,31254,7,
yalahar|bank~foreign.quarter:,node,32777,31254,7,
yalahar|bank~foreign.quarter:,node,32770,31253,7,
yalahar|bank~foreign.quarter:,node,32764,31251,7,
yalahar|bank~foreign.quarter:,stand,32763,31251,7,
yalahar|bank~foreign.quarter:,stand,32761,31251,6,
yalahar|bank~foreign.quarter:,node,32755,31252,5,
yalahar|bank~foreign.quarter:,node,32751,31256,5,
yalahar|bank~foreign.quarter:,stand,32750,31256,5,
yalahar|bank~foreign.quarter:,stand,32748,31256,6,

# --- yalahar|depot~foreign.quarter: (15 waypoints) ---
yalahar|depot~foreign.quarter:,node,32798,31247,7,
yalahar|depot~foreign.quarter:,stand,32797,31246,7,
yalahar|depot~foreign.quarter:,node,32778,31248,5,
yalahar|depot~foreign.quarter:,stand,32777,31247,5,
yalahar|depot~foreign.quarter:,node,32786,31247,6,
yalahar|depot~foreign.quarter:,stand,32786,31248,6,
yalahar|depot~foreign.quarter:,node,32780,31249,7,
yalahar|depot~foreign.quarter:,node,32772,31249,7,
yalahar|depot~foreign.quarter:,node,32764,31250,7,
yalahar|depot~foreign.quarter:,stand,32763,31250,7,
yalahar|depot~foreign.quarter:,stand,32761,31251,6,
yalahar|depot~foreign.quarter:,node,32755,31252,5,
yalahar|depot~foreign.quarter:,node,32751,31256,5,
yalahar|depot~foreign.quarter:,stand,32750,31256,5,
yalahar|depot~foreign.quarter:,stand,32748,31256,6,

# --- yalahar|ammo~foreign.quarter: (16 waypoints) ---
yalahar|ammo~foreign.quarter:,stand,32789,31239,3,
yalahar|ammo~foreign.quarter:,stand,32790,31239,4,
yalahar|ammo~foreign.quarter:,stand,32789,31239,5,
yalahar|ammo~foreign.quarter:,stand,32790,31239,6,
yalahar|ammo~foreign.quarter:,node,32789,31233,7,
yalahar|ammo~foreign.quarter:,node,32780,31232,7,
yalahar|ammo~foreign.quarter:,node,32773,31236,7,
yalahar|ammo~foreign.quarter:,node,32772,31242,7,
yalahar|ammo~foreign.quarter:,node,32770,31249,7,
yalahar|ammo~foreign.quarter:,node,32764,31250,7,
yalahar|ammo~foreign.quarter:,stand,32763,31250,7,
yalahar|ammo~foreign.quarter:,stand,32761,31251,6,
yalahar|ammo~foreign.quarter:,node,32755,31252,5,
yalahar|ammo~foreign.quarter:,node,32751,31256,5,
yalahar|ammo~foreign.quarter:,stand,32750,31256,5,
yalahar|ammo~foreign.quarter:,stand,32748,31256,6,

# --- yalahar|runes~foreign.quarter: (14 waypoints) ---
yalahar|runes~foreign.quarter:,stand,32789,31239,5,
yalahar|runes~foreign.quarter:,stand,32790,31239,6,
yalahar|runes~foreign.quarter:,node,32789,31233,7,
yalahar|runes~foreign.quarter:,node,32780,31232,7,
yalahar|runes~foreign.quarter:,node,32773,31236,7,
yalahar|runes~foreign.quarter:,node,32772,31242,7,
yalahar|runes~foreign.quarter:,node,32770,31249,7,
yalahar|runes~foreign.quarter:,node,32764,31250,7,
yalahar|runes~foreign.quarter:,stand,32763,31250,7,
yalahar|runes~foreign.quarter:,stand,32761,31251,6,
yalahar|runes~foreign.quarter:,node,32755,31252,5,
yalahar|runes~foreign.quarter:,node,32751,31256,5,
yalahar|runes~foreign.quarter:,stand,32750,31256,5,
yalahar|runes~foreign.quarter:,stand,32748,31256,6,

# --- yalahar|potions~foreign.quarter: (14 waypoints) ---
yalahar|potions~foreign.quarter:,stand,32789,31239,5,
yalahar|potions~foreign.quarter:,stand,32790,31239,6,
yalahar|potions~foreign.quarter:,node,32789,31233,7,
yalahar|potions~foreign.quarter:,node,32780,31232,7,
yalahar|potions~foreign.quarter:,node,32773,31236,7,
yalahar|potions~foreign.quarter:,node,32772,31242,7,
yalahar|potions~foreign.quarter:,node,32770,31249,7,
yalahar|potions~foreign.quarter:,node,32764,31250,7,
yalahar|potions~foreign.quarter:,stand,32763,31250,7,
yalahar|potions~foreign.quarter:,stand,32761,31251,6,
yalahar|potions~foreign.quarter:,node,32755,31252,5,
yalahar|potions~foreign.quarter:,node,32751,31256,5,
yalahar|potions~foreign.quarter:,stand,32750,31256,5,
yalahar|potions~foreign.quarter:,stand,32748,31256,6,

# --- yalahar|food~foreign.quarter: (23 waypoints) ---
yalahar|food~foreign.quarter:,node,32858,31214,7,
yalahar|food~foreign.quarter:,node,32858,31220,7,
yalahar|food~foreign.quarter:,node,32857,31227,7,
yalahar|food~foreign.quarter:,node,32854,31234,7,
yalahar|food~foreign.quarter:,node,32849,31240,7,
yalahar|food~foreign.quarter:,node,32844,31246,7,
yalahar|food~foreign.quarter:,node,32838,31252,7,
yalahar|food~foreign.quarter:,node,32830,31254,7,
yalahar|food~foreign.quarter:,node,32822,31254,7,
yalahar|food~foreign.quarter:,node,32813,31254,7,
yalahar|food~foreign.quarter:,node,32805,31254,7,
yalahar|food~foreign.quarter:,node,32799,31252,7,
yalahar|food~foreign.quarter:,node,32793,31254,7,
yalahar|food~foreign.quarter:,node,32785,31254,7,
yalahar|food~foreign.quarter:,node,32777,31254,7,
yalahar|food~foreign.quarter:,node,32770,31253,7,
yalahar|food~foreign.quarter:,node,32764,31251,7,
yalahar|food~foreign.quarter:,stand,32763,31251,7,
yalahar|food~foreign.quarter:,stand,32761,31251,6,
yalahar|food~foreign.quarter:,node,32755,31252,5,
yalahar|food~foreign.quarter:,node,32751,31256,5,
yalahar|food~foreign.quarter:,stand,32750,31256,5,
yalahar|food~foreign.quarter:,stand,32748,31256,6,

# --- yalahar|loot.morpel~foreign.quarter: (19 waypoints) ---
yalahar|loot.morpel~foreign.quarter:,node,32829,31239,7,
yalahar|loot.morpel~foreign.quarter:,node,32829,31234,7,
yalahar|loot.morpel~foreign.quarter:,node,32822,31234,7,
yalahar|loot.morpel~foreign.quarter:,node,32815,31234,7,
yalahar|loot.morpel~foreign.quarter:,node,32808,31234,7,
yalahar|loot.morpel~foreign.quarter:,node,32801,31234,7,
yalahar|loot.morpel~foreign.quarter:,node,32795,31233,7,
yalahar|loot.morpel~foreign.quarter:,node,32789,31233,7,
yalahar|loot.morpel~foreign.quarter:,node,32780,31232,7,
yalahar|loot.morpel~foreign.quarter:,node,32773,31236,7,
yalahar|loot.morpel~foreign.quarter:,node,32772,31242,7,
yalahar|loot.morpel~foreign.quarter:,node,32770,31249,7,
yalahar|loot.morpel~foreign.quarter:,node,32764,31250,7,
yalahar|loot.morpel~foreign.quarter:,stand,32763,31250,7,
yalahar|loot.morpel~foreign.quarter:,stand,32761,31251,6,
yalahar|loot.morpel~foreign.quarter:,node,32755,31252,5,
yalahar|loot.morpel~foreign.quarter:,node,32751,31256,5,
yalahar|loot.morpel~foreign.quarter:,stand,32750,31256,5,
yalahar|loot.morpel~foreign.quarter:,stand,32748,31256,6,

# --- yalahar|loot.oiriz~foreign.quarter: (12 waypoints) ---
yalahar|loot.oiriz~foreign.quarter:,node,32789,31233,7,
yalahar|loot.oiriz~foreign.quarter:,node,32780,31232,7,
yalahar|loot.oiriz~foreign.quarter:,node,32773,31236,7,
yalahar|loot.oiriz~foreign.quarter:,node,32772,31242,7,
yalahar|loot.oiriz~foreign.quarter:,node,32770,31249,7,
yalahar|loot.oiriz~foreign.quarter:,node,32764,31250,7,
yalahar|loot.oiriz~foreign.quarter:,stand,32763,31250,7,
yalahar|loot.oiriz~foreign.quarter:,stand,32761,31251,6,
yalahar|loot.oiriz~foreign.quarter:,node,32755,31252,5,
yalahar|loot.oiriz~foreign.quarter:,node,32751,31256,5,
yalahar|loot.oiriz~foreign.quarter:,stand,32750,31256,5,
yalahar|loot.oiriz~foreign.quarter:,stand,32748,31256,6,

# --- yalahar|temple~foreign.quarter: (18 waypoints) ---
yalahar|temple~foreign.quarter:,node,32785,31270,7,
yalahar|temple~foreign.quarter:,stand,32784,31269,7,
yalahar|temple~foreign.quarter:,node,32782,31264,6,
yalahar|temple~foreign.quarter:,node,32786,31259,6,
yalahar|temple~foreign.quarter:,node,32794,31259,6,
yalahar|temple~foreign.quarter:,node,32800,31257,6,
yalahar|temple~foreign.quarter:,stand,32800,31256,6,
yalahar|temple~foreign.quarter:,node,32793,31254,7,
yalahar|temple~foreign.quarter:,node,32785,31254,7,
yalahar|temple~foreign.quarter:,node,32777,31254,7,
yalahar|temple~foreign.quarter:,node,32770,31253,7,
yalahar|temple~foreign.quarter:,node,32764,31251,7,
yalahar|temple~foreign.quarter:,stand,32763,31251,7,
yalahar|temple~foreign.quarter:,stand,32761,31251,6,
yalahar|temple~foreign.quarter:,node,32755,31252,5,
yalahar|temple~foreign.quarter:,node,32751,31256,5,
yalahar|temple~foreign.quarter:,stand,32750,31256,5,
yalahar|temple~foreign.quarter:,stand,32748,31256,6,

# --- yalahar|trainers~foreign.quarter: (14 waypoints) ---
yalahar|trainers~foreign.quarter:,node,32778,31248,5,
yalahar|trainers~foreign.quarter:,stand,32777,31247,5,
yalahar|trainers~foreign.quarter:,node,32782,31247,6,
yalahar|trainers~foreign.quarter:,node,32786,31247,6,
yalahar|trainers~foreign.quarter:,stand,32786,31248,6,
yalahar|trainers~foreign.quarter:,node,32780,31249,7,
yalahar|trainers~foreign.quarter:,node,32772,31249,7,
yalahar|trainers~foreign.quarter:,node,32764,31250,7,
yalahar|trainers~foreign.quarter:,stand,32763,31250,7,
yalahar|trainers~foreign.quarter:,stand,32761,31251,6,
yalahar|trainers~foreign.quarter:,node,32755,31252,5,
yalahar|trainers~foreign.quarter:,node,32751,31256,5,
yalahar|trainers~foreign.quarter:,stand,32750,31256,5,
yalahar|trainers~foreign.quarter:,stand,32748,31256,6,

# --- yalahar|magician.quarter~foreign.quarter: (36 waypoints) ---
yalahar|magician.quarter~foreign.quarter:,node,32834,31142,7,
yalahar|magician.quarter~foreign.quarter:,stand,32834,31143,7,
yalahar|magician.quarter~foreign.quarter:,stand,32834,31145,6,
yalahar|magician.quarter~foreign.quarter:,node,32833,31152,5,
yalahar|magician.quarter~foreign.quarter:,stand,32833,31153,5,
yalahar|magician.quarter~foreign.quarter:,stand,32833,31155,6,
yalahar|magician.quarter~foreign.quarter:,node,32828,31157,7,
yalahar|magician.quarter~foreign.quarter:,node,32822,31154,7,
yalahar|magician.quarter~foreign.quarter:,node,32816,31151,7,
yalahar|magician.quarter~foreign.quarter:,node,32809,31150,7,
yalahar|magician.quarter~foreign.quarter:,node,32800,31150,7,
yalahar|magician.quarter~foreign.quarter:,node,32792,31151,7,
yalahar|magician.quarter~foreign.quarter:,node,32784,31153,7,
yalahar|magician.quarter~foreign.quarter:,node,32776,31156,7,
yalahar|magician.quarter~foreign.quarter:,node,32769,31159,7,
yalahar|magician.quarter~foreign.quarter:,node,32763,31163,7,
yalahar|magician.quarter~foreign.quarter:,node,32757,31167,7,
yalahar|magician.quarter~foreign.quarter:,node,32753,31172,7,
yalahar|magician.quarter~foreign.quarter:,node,32749,31177,7,
yalahar|magician.quarter~foreign.quarter:,node,32745,31182,7,
yalahar|magician.quarter~foreign.quarter:,node,32743,31188,7,
yalahar|magician.quarter~foreign.quarter:,node,32743,31195,7,
yalahar|magician.quarter~foreign.quarter:,node,32743,31202,7,
yalahar|magician.quarter~foreign.quarter:,node,32743,31209,7,
yalahar|magician.quarter~foreign.quarter:,node,32745,31216,7,
yalahar|magician.quarter~foreign.quarter:,node,32747,31222,7,
yalahar|magician.quarter~foreign.quarter:,node,32749,31228,7,
yalahar|magician.quarter~foreign.quarter:,node,32752,31234,7,
yalahar|magician.quarter~foreign.quarter:,node,32757,31240,7,
yalahar|magician.quarter~foreign.quarter:,node,32760,31247,7,
yalahar|magician.quarter~foreign.quarter:,stand,32760,31248,7,
yalahar|magician.quarter~foreign.quarter:,stand,32760,31250,6,
yalahar|magician.quarter~foreign.quarter:,node,32755,31252,5,
yalahar|magician.quarter~foreign.quarter:,node,32751,31256,5,
yalahar|magician.quarter~foreign.quarter:,stand,32750,31256,5,
yalahar|magician.quarter~foreign.quarter:,stand,32748,31256,6,

# --- yalahar|cemetery.quarter~foreign.quarter: (4 waypoints) ---
yalahar|cemetery.quarter~foreign.quarter:,node,32777,31136,7,
yalahar|cemetery.quarter~foreign.quarter:,stand,32777,31137,7,
yalahar|cemetery.quarter~foreign.quarter:,stand,32777,31139,6,
yalahar|cemetery.quarter~foreign.quarter:,stand,32777,31141,5,

# --- yalahar|alchemist.quarter~foreign.quarter: (4 waypoints) ---
yalahar|alchemist.quarter~foreign.quarter:,node,32740,31159,7,
yalahar|alchemist.quarter~foreign.quarter:,stand,32741,31159,7,
yalahar|alchemist.quarter~foreign.quarter:,stand,32743,31159,6,
yalahar|alchemist.quarter~foreign.quarter:,stand,32744,31160,5,

# --- yalahar|arena.quarter~foreign.quarter: (4 waypoints) ---
yalahar|arena.quarter~foreign.quarter:,node,32724,31202,7,
yalahar|arena.quarter~foreign.quarter:,stand,32725,31202,7,
yalahar|arena.quarter~foreign.quarter:,stand,32727,31202,6,
yalahar|arena.quarter~foreign.quarter:,stand,32728,31202,5,

# --- yalahar|sunken.quarter~foreign.quarter: (4 waypoints) ---
yalahar|sunken.quarter~foreign.quarter:,node,32879,31201,7,
yalahar|sunken.quarter~foreign.quarter:,stand,32878,31201,7,
yalahar|sunken.quarter~foreign.quarter:,stand,32876,31201,6,
yalahar|sunken.quarter~foreign.quarter:,stand,32875,31201,5,

# --- yalahar|factory.quarter~foreign.quarter: (4 waypoints) ---
yalahar|factory.quarter~foreign.quarter:,node,32861,31259,7,
yalahar|factory.quarter~foreign.quarter:,stand,32861,31258,7,
yalahar|factory.quarter~foreign.quarter:,stand,32858,31255,6,
yalahar|factory.quarter~foreign.quarter:,stand,32855,31252,5,

# --- yalahar|trade.quarter~foreign.quarter: (4 waypoints) ---
yalahar|trade.quarter~foreign.quarter:,node,32835,31273,7,
yalahar|trade.quarter~foreign.quarter:,stand,32835,31272,7,
yalahar|trade.quarter~foreign.quarter:,stand,32835,31270,6,
yalahar|trade.quarter~foreign.quarter:,stand,32834,31269,5,

# --- yalahar|arena.quarter~boat: (6 waypoints) ---
yalahar|arena.quarter~boat:,node,32724,31202,7,
yalahar|arena.quarter~boat:,stand,32725,31202,7,
yalahar|arena.quarter~boat:,stand,32727,31202,6,
yalahar|arena.quarter~boat:,door,32817,31275,6,
yalahar|arena.quarter~boat:,ladder,32815,31277,6,
yalahar|arena.quarter~boat:,stand,32815,31278,5,

# --- yalahar|arena.quarter~bank: (3 waypoints) ---
yalahar|arena.quarter~bank:,node,32724,31202,7,
yalahar|arena.quarter~bank:,stand,32725,31202,7,
yalahar|arena.quarter~bank:,stand,32727,31202,6,

# --- yalahar|arena.quarter~depot: (3 waypoints) ---
yalahar|arena.quarter~depot:,node,32724,31202,7,
yalahar|arena.quarter~depot:,stand,32725,31202,7,
yalahar|arena.quarter~depot:,stand,32727,31202,6,

# --- yalahar|arena.quarter~ammo: (3 waypoints) ---
yalahar|arena.quarter~ammo:,node,32724,31202,7,
yalahar|arena.quarter~ammo:,stand,32725,31202,7,
yalahar|arena.quarter~ammo:,stand,32727,31202,6,

# --- yalahar|arena.quarter~runes: (3 waypoints) ---
yalahar|arena.quarter~runes:,node,32724,31202,7,
yalahar|arena.quarter~runes:,stand,32725,31202,7,
yalahar|arena.quarter~runes:,stand,32727,31202,6,

# --- yalahar|arena.quarter~potions: (3 waypoints) ---
yalahar|arena.quarter~potions:,node,32724,31202,7,
yalahar|arena.quarter~potions:,stand,32725,31202,7,
yalahar|arena.quarter~potions:,stand,32727,31202,6,

# --- yalahar|arena.quarter~food: (3 waypoints) ---
yalahar|arena.quarter~food:,node,32724,31202,7,
yalahar|arena.quarter~food:,stand,32725,31202,7,
yalahar|arena.quarter~food:,stand,32727,31202,6,

# --- yalahar|arena.quarter~loot.morpel: (3 waypoints) ---
yalahar|arena.quarter~loot.morpel:,node,32724,31202,7,
yalahar|arena.quarter~loot.morpel:,stand,32725,31202,7,
yalahar|arena.quarter~loot.morpel:,stand,32727,31202,6,

# --- yalahar|arena.quarter~loot.oiriz: (3 waypoints) ---
yalahar|arena.quarter~loot.oiriz:,node,32724,31202,7,
yalahar|arena.quarter~loot.oiriz:,stand,32725,31202,7,
yalahar|arena.quarter~loot.oiriz:,stand,32727,31202,6,

# --- yalahar|arena.quarter~temple: (3 waypoints) ---
yalahar|arena.quarter~temple:,node,32724,31202,7,
yalahar|arena.quarter~temple:,stand,32725,31202,7,
yalahar|arena.quarter~temple:,stand,32727,31202,6,

# --- yalahar|arena.quarter~trainers: (3 waypoints) ---
yalahar|arena.quarter~trainers:,node,32724,31202,7,
yalahar|arena.quarter~trainers:,stand,32725,31202,7,
yalahar|arena.quarter~trainers:,stand,32727,31202,6,

# --- yalahar|arena.quarter~magician.quarter: (3 waypoints) ---
yalahar|arena.quarter~magician.quarter:,node,32724,31202,7,
yalahar|arena.quarter~magician.quarter:,stand,32725,31202,7,
yalahar|arena.quarter~magician.quarter:,stand,32727,31202,6,

# --- yalahar|arena.quarter~cemetery.quarter: (3 waypoints) ---
yalahar|arena.quarter~cemetery.quarter:,node,32724,31202,7,
yalahar|arena.quarter~cemetery.quarter:,stand,32725,31202,7,
yalahar|arena.quarter~cemetery.quarter:,stand,32727,31202,6,

# --- yalahar|arena.quarter~alchemist.quarter: (3 waypoints) ---
yalahar|arena.quarter~alchemist.quarter:,node,32724,31202,7,
yalahar|arena.quarter~alchemist.quarter:,stand,32725,31202,7,
yalahar|arena.quarter~alchemist.quarter:,stand,32727,31202,6,

# --- yalahar|arena.quarter~sunken.quarter: (3 waypoints) ---
yalahar|arena.quarter~sunken.quarter:,node,32724,31202,7,
yalahar|arena.quarter~sunken.quarter:,stand,32725,31202,7,
yalahar|arena.quarter~sunken.quarter:,stand,32727,31202,6,

# --- yalahar|arena.quarter~factory.quarter: (3 waypoints) ---
yalahar|arena.quarter~factory.quarter:,node,32724,31202,7,
yalahar|arena.quarter~factory.quarter:,stand,32725,31202,7,
yalahar|arena.quarter~factory.quarter:,stand,32727,31202,6,

# --- yalahar|arena.quarter~trade.quarter: (3 waypoints) ---
yalahar|arena.quarter~trade.quarter:,node,32724,31202,7,
yalahar|arena.quarter~trade.quarter:,stand,32725,31202,7,
yalahar|arena.quarter~trade.quarter:,stand,32727,31202,6,

# --- yalahar|boat~arena.quarter: (21 waypoints) ---
yalahar|boat~arena.quarter:,node,32811,31267,6,
yalahar|boat~arena.quarter:,node,32810,31260,6,
yalahar|boat~arena.quarter:,node,32802,31257,6,
yalahar|boat~arena.quarter:,stand,32802,31256,6,
yalahar|boat~arena.quarter:,node,32799,31252,7,
yalahar|boat~arena.quarter:,node,32792,31254,7,
yalahar|boat~arena.quarter:,node,32785,31254,7,
yalahar|boat~arena.quarter:,node,32778,31254,7,
yalahar|boat~arena.quarter:,node,32772,31254,7,
yalahar|boat~arena.quarter:,node,32767,31250,7,
yalahar|boat~arena.quarter:,node,32762,31245,7,
yalahar|boat~arena.quarter:,node,32758,31240,7,
yalahar|boat~arena.quarter:,node,32754,31235,7,
yalahar|boat~arena.quarter:,node,32751,31229,7,
yalahar|boat~arena.quarter:,node,32748,31223,7,
yalahar|boat~arena.quarter:,node,32746,31216,7,
yalahar|boat~arena.quarter:,node,32744,31209,7,
yalahar|boat~arena.quarter:,node,32739,31203,7,
yalahar|boat~arena.quarter:,stand,32738,31203,7,
yalahar|boat~arena.quarter:,stand,32736,31203,6,
yalahar|boat~arena.quarter:,stand,32735,31202,5,

# --- yalahar|bank~arena.quarter: (21 waypoints) ---
yalahar|bank~arena.quarter:,node,32830,31253,7,
yalahar|bank~arena.quarter:,node,32821,31254,7,
yalahar|bank~arena.quarter:,node,32813,31254,7,
yalahar|bank~arena.quarter:,node,32805,31254,7,
yalahar|bank~arena.quarter:,node,32799,31252,7,
yalahar|bank~arena.quarter:,node,32792,31254,7,
yalahar|bank~arena.quarter:,node,32785,31254,7,
yalahar|bank~arena.quarter:,node,32778,31254,7,
yalahar|bank~arena.quarter:,node,32772,31254,7,
yalahar|bank~arena.quarter:,node,32767,31250,7,
yalahar|bank~arena.quarter:,node,32762,31245,7,
yalahar|bank~arena.quarter:,node,32758,31240,7,
yalahar|bank~arena.quarter:,node,32754,31235,7,
yalahar|bank~arena.quarter:,node,32751,31229,7,
yalahar|bank~arena.quarter:,node,32748,31223,7,
yalahar|bank~arena.quarter:,node,32746,31216,7,
yalahar|bank~arena.quarter:,node,32744,31209,7,
yalahar|bank~arena.quarter:,node,32739,31203,7,
yalahar|bank~arena.quarter:,stand,32738,31203,7,
yalahar|bank~arena.quarter:,stand,32736,31203,6,
yalahar|bank~arena.quarter:,stand,32735,31202,5,

# --- yalahar|depot~arena.quarter: (20 waypoints) ---
yalahar|depot~arena.quarter:,node,32798,31247,7,
yalahar|depot~arena.quarter:,stand,32797,31246,7,
yalahar|depot~arena.quarter:,node,32778,31248,5,
yalahar|depot~arena.quarter:,stand,32777,31247,5,
yalahar|depot~arena.quarter:,node,32786,31247,6,
yalahar|depot~arena.quarter:,stand,32786,31248,6,
yalahar|depot~arena.quarter:,node,32780,31249,7,
yalahar|depot~arena.quarter:,node,32774,31249,7,
yalahar|depot~arena.quarter:,node,32768,31249,7,
yalahar|depot~arena.quarter:,node,32762,31245,7,
yalahar|depot~arena.quarter:,node,32758,31240,7,
yalahar|depot~arena.quarter:,node,32754,31235,7,
yalahar|depot~arena.quarter:,node,32751,31229,7,
yalahar|depot~arena.quarter:,node,32748,31223,7,
yalahar|depot~arena.quarter:,node,32746,31216,7,
yalahar|depot~arena.quarter:,node,32744,31209,7,
yalahar|depot~arena.quarter:,node,32739,31203,7,
yalahar|depot~arena.quarter:,stand,32738,31203,7,
yalahar|depot~arena.quarter:,stand,32736,31203,6,
yalahar|depot~arena.quarter:,stand,32735,31202,5,

# --- yalahar|ammo~arena.quarter: (20 waypoints) ---
yalahar|ammo~arena.quarter:,stand,32789,31239,3,
yalahar|ammo~arena.quarter:,stand,32790,31239,4,
yalahar|ammo~arena.quarter:,stand,32789,31239,5,
yalahar|ammo~arena.quarter:,stand,32790,31239,6,
yalahar|ammo~arena.quarter:,node,32789,31233,7,
yalahar|ammo~arena.quarter:,node,32781,31232,7,
yalahar|ammo~arena.quarter:,node,32774,31234,7,
yalahar|ammo~arena.quarter:,node,32772,31239,7,
yalahar|ammo~arena.quarter:,node,32769,31243,7,
yalahar|ammo~arena.quarter:,node,32763,31243,7,
yalahar|ammo~arena.quarter:,node,32758,31240,7,
yalahar|ammo~arena.quarter:,node,32754,31235,7,
yalahar|ammo~arena.quarter:,node,32751,31229,7,
yalahar|ammo~arena.quarter:,node,32748,31223,7,
yalahar|ammo~arena.quarter:,node,32746,31216,7,
yalahar|ammo~arena.quarter:,node,32744,31209,7,
yalahar|ammo~arena.quarter:,node,32739,31203,7,
yalahar|ammo~arena.quarter:,stand,32738,31203,7,
yalahar|ammo~arena.quarter:,stand,32736,31203,6,
yalahar|ammo~arena.quarter:,stand,32735,31202,5,

# --- yalahar|runes~arena.quarter: (18 waypoints) ---
yalahar|runes~arena.quarter:,stand,32789,31239,5,
yalahar|runes~arena.quarter:,stand,32790,31239,6,
yalahar|runes~arena.quarter:,node,32789,31233,7,
yalahar|runes~arena.quarter:,node,32781,31232,7,
yalahar|runes~arena.quarter:,node,32774,31234,7,
yalahar|runes~arena.quarter:,node,32772,31239,7,
yalahar|runes~arena.quarter:,node,32769,31243,7,
yalahar|runes~arena.quarter:,node,32763,31243,7,
yalahar|runes~arena.quarter:,node,32758,31240,7,
yalahar|runes~arena.quarter:,node,32754,31235,7,
yalahar|runes~arena.quarter:,node,32751,31229,7,
yalahar|runes~arena.quarter:,node,32748,31223,7,
yalahar|runes~arena.quarter:,node,32746,31216,7,
yalahar|runes~arena.quarter:,node,32744,31209,7,
yalahar|runes~arena.quarter:,node,32739,31203,7,
yalahar|runes~arena.quarter:,stand,32738,31203,7,
yalahar|runes~arena.quarter:,stand,32736,31203,6,
yalahar|runes~arena.quarter:,stand,32735,31202,5,

# --- yalahar|potions~arena.quarter: (18 waypoints) ---
yalahar|potions~arena.quarter:,stand,32789,31239,5,
yalahar|potions~arena.quarter:,stand,32790,31239,6,
yalahar|potions~arena.quarter:,node,32789,31233,7,
yalahar|potions~arena.quarter:,node,32781,31232,7,
yalahar|potions~arena.quarter:,node,32774,31234,7,
yalahar|potions~arena.quarter:,node,32772,31239,7,
yalahar|potions~arena.quarter:,node,32769,31243,7,
yalahar|potions~arena.quarter:,node,32763,31243,7,
yalahar|potions~arena.quarter:,node,32758,31240,7,
yalahar|potions~arena.quarter:,node,32754,31235,7,
yalahar|potions~arena.quarter:,node,32751,31229,7,
yalahar|potions~arena.quarter:,node,32748,31223,7,
yalahar|potions~arena.quarter:,node,32746,31216,7,
yalahar|potions~arena.quarter:,node,32744,31209,7,
yalahar|potions~arena.quarter:,node,32739,31203,7,
yalahar|potions~arena.quarter:,stand,32738,31203,7,
yalahar|potions~arena.quarter:,stand,32736,31203,6,
yalahar|potions~arena.quarter:,stand,32735,31202,5,

# --- yalahar|food~arena.quarter: (29 waypoints) ---
yalahar|food~arena.quarter:,node,32858,31213,7,
yalahar|food~arena.quarter:,node,32858,31219,7,
yalahar|food~arena.quarter:,node,32857,31226,7,
yalahar|food~arena.quarter:,node,32854,31232,7,
yalahar|food~arena.quarter:,node,32851,31238,7,
yalahar|food~arena.quarter:,node,32847,31243,7,
yalahar|food~arena.quarter:,node,32843,31248,7,
yalahar|food~arena.quarter:,node,32838,31252,7,
yalahar|food~arena.quarter:,node,32830,31254,7,
yalahar|food~arena.quarter:,node,32821,31254,7,
yalahar|food~arena.quarter:,node,32813,31254,7,
yalahar|food~arena.quarter:,node,32805,31254,7,
yalahar|food~arena.quarter:,node,32799,31252,7,
yalahar|food~arena.quarter:,node,32792,31254,7,
yalahar|food~arena.quarter:,node,32785,31254,7,
yalahar|food~arena.quarter:,node,32778,31254,7,
yalahar|food~arena.quarter:,node,32772,31254,7,
yalahar|food~arena.quarter:,node,32767,31250,7,
yalahar|food~arena.quarter:,node,32762,31245,7,
yalahar|food~arena.quarter:,node,32758,31240,7,
yalahar|food~arena.quarter:,node,32754,31235,7,
yalahar|food~arena.quarter:,node,32751,31229,7,
yalahar|food~arena.quarter:,node,32748,31223,7,
yalahar|food~arena.quarter:,node,32746,31216,7,
yalahar|food~arena.quarter:,node,32744,31209,7,
yalahar|food~arena.quarter:,node,32739,31203,7,
yalahar|food~arena.quarter:,stand,32738,31203,7,
yalahar|food~arena.quarter:,stand,32736,31203,6,
yalahar|food~arena.quarter:,stand,32735,31202,5,

# --- yalahar|loot.morpel~arena.quarter: (23 waypoints) ---
yalahar|loot.morpel~arena.quarter:,node,32829,31239,7,
yalahar|loot.morpel~arena.quarter:,node,32829,31234,7,
yalahar|loot.morpel~arena.quarter:,node,32822,31234,7,
yalahar|loot.morpel~arena.quarter:,node,32815,31234,7,
yalahar|loot.morpel~arena.quarter:,node,32808,31234,7,
yalahar|loot.morpel~arena.quarter:,node,32801,31234,7,
yalahar|loot.morpel~arena.quarter:,node,32795,31233,7,
yalahar|loot.morpel~arena.quarter:,node,32789,31233,7,
yalahar|loot.morpel~arena.quarter:,node,32781,31232,7,
yalahar|loot.morpel~arena.quarter:,node,32774,31234,7,
yalahar|loot.morpel~arena.quarter:,node,32772,31239,7,
yalahar|loot.morpel~arena.quarter:,node,32769,31243,7,
yalahar|loot.morpel~arena.quarter:,node,32763,31243,7,
yalahar|loot.morpel~arena.quarter:,node,32758,31240,7,
yalahar|loot.morpel~arena.quarter:,node,32754,31235,7,
yalahar|loot.morpel~arena.quarter:,node,32751,31229,7,
yalahar|loot.morpel~arena.quarter:,node,32748,31223,7,
yalahar|loot.morpel~arena.quarter:,node,32746,31216,7,
yalahar|loot.morpel~arena.quarter:,node,32744,31209,7,
yalahar|loot.morpel~arena.quarter:,node,32739,31203,7,
yalahar|loot.morpel~arena.quarter:,stand,32738,31203,7,
yalahar|loot.morpel~arena.quarter:,stand,32736,31203,6,
yalahar|loot.morpel~arena.quarter:,stand,32735,31202,5,

# --- yalahar|loot.oiriz~arena.quarter: (16 waypoints) ---
yalahar|loot.oiriz~arena.quarter:,node,32789,31233,7,
yalahar|loot.oiriz~arena.quarter:,node,32781,31232,7,
yalahar|loot.oiriz~arena.quarter:,node,32774,31234,7,
yalahar|loot.oiriz~arena.quarter:,node,32772,31239,7,
yalahar|loot.oiriz~arena.quarter:,node,32769,31243,7,
yalahar|loot.oiriz~arena.quarter:,node,32763,31243,7,
yalahar|loot.oiriz~arena.quarter:,node,32758,31240,7,
yalahar|loot.oiriz~arena.quarter:,node,32754,31235,7,
yalahar|loot.oiriz~arena.quarter:,node,32751,31229,7,
yalahar|loot.oiriz~arena.quarter:,node,32748,31223,7,
yalahar|loot.oiriz~arena.quarter:,node,32746,31216,7,
yalahar|loot.oiriz~arena.quarter:,node,32744,31209,7,
yalahar|loot.oiriz~arena.quarter:,node,32739,31203,7,
yalahar|loot.oiriz~arena.quarter:,stand,32738,31203,7,
yalahar|loot.oiriz~arena.quarter:,stand,32736,31203,6,
yalahar|loot.oiriz~arena.quarter:,stand,32735,31202,5,

# --- yalahar|temple~arena.quarter: (24 waypoints) ---
yalahar|temple~arena.quarter:,node,32785,31270,7,
yalahar|temple~arena.quarter:,stand,32784,31269,7,
yalahar|temple~arena.quarter:,node,32782,31263,6,
yalahar|temple~arena.quarter:,node,32788,31259,6,
yalahar|temple~arena.quarter:,node,32795,31259,6,
yalahar|temple~arena.quarter:,node,32800,31257,6,
yalahar|temple~arena.quarter:,stand,32800,31256,6,
yalahar|temple~arena.quarter:,node,32799,31252,7,
yalahar|temple~arena.quarter:,node,32792,31254,7,
yalahar|temple~arena.quarter:,node,32785,31254,7,
yalahar|temple~arena.quarter:,node,32778,31254,7,
yalahar|temple~arena.quarter:,node,32772,31254,7,
yalahar|temple~arena.quarter:,node,32767,31250,7,
yalahar|temple~arena.quarter:,node,32762,31245,7,
yalahar|temple~arena.quarter:,node,32758,31240,7,
yalahar|temple~arena.quarter:,node,32754,31235,7,
yalahar|temple~arena.quarter:,node,32751,31229,7,
yalahar|temple~arena.quarter:,node,32748,31223,7,
yalahar|temple~arena.quarter:,node,32746,31216,7,
yalahar|temple~arena.quarter:,node,32744,31209,7,
yalahar|temple~arena.quarter:,node,32739,31203,7,
yalahar|temple~arena.quarter:,stand,32738,31203,7,
yalahar|temple~arena.quarter:,stand,32736,31203,6,
yalahar|temple~arena.quarter:,stand,32735,31202,5,

# --- yalahar|trainers~arena.quarter: (19 waypoints) ---
yalahar|trainers~arena.quarter:,node,32778,31248,5,
yalahar|trainers~arena.quarter:,stand,32777,31247,5,
yalahar|trainers~arena.quarter:,node,32781,31249,6,
yalahar|trainers~arena.quarter:,node,32785,31249,6,
yalahar|trainers~arena.quarter:,stand,32786,31248,6,
yalahar|trainers~arena.quarter:,node,32780,31249,7,
yalahar|trainers~arena.quarter:,node,32774,31249,7,
yalahar|trainers~arena.quarter:,node,32768,31249,7,
yalahar|trainers~arena.quarter:,node,32762,31245,7,
yalahar|trainers~arena.quarter:,node,32758,31240,7,
yalahar|trainers~arena.quarter:,node,32754,31235,7,
yalahar|trainers~arena.quarter:,node,32751,31229,7,
yalahar|trainers~arena.quarter:,node,32748,31223,7,
yalahar|trainers~arena.quarter:,node,32746,31216,7,
yalahar|trainers~arena.quarter:,node,32744,31209,7,
yalahar|trainers~arena.quarter:,node,32739,31203,7,
yalahar|trainers~arena.quarter:,stand,32738,31203,7,
yalahar|trainers~arena.quarter:,stand,32736,31203,6,
yalahar|trainers~arena.quarter:,stand,32735,31202,5,

# --- yalahar|magician.quarter~arena.quarter: (25 waypoints) ---
yalahar|magician.quarter~arena.quarter:,node,32834,31142,7,
yalahar|magician.quarter~arena.quarter:,stand,32834,31143,7,
yalahar|magician.quarter~arena.quarter:,stand,32834,31145,6,
yalahar|magician.quarter~arena.quarter:,node,32833,31152,5,
yalahar|magician.quarter~arena.quarter:,stand,32833,31153,5,
yalahar|magician.quarter~arena.quarter:,stand,32833,31155,6,
yalahar|magician.quarter~arena.quarter:,node,32828,31157,7,
yalahar|magician.quarter~arena.quarter:,node,32822,31154,7,
yalahar|magician.quarter~arena.quarter:,node,32815,31151,7,
yalahar|magician.quarter~arena.quarter:,node,32807,31150,7,
yalahar|magician.quarter~arena.quarter:,node,32798,31150,7,
yalahar|magician.quarter~arena.quarter:,node,32790,31151,7,
yalahar|magician.quarter~arena.quarter:,node,32781,31154,7,
yalahar|magician.quarter~arena.quarter:,node,32773,31158,7,
yalahar|magician.quarter~arena.quarter:,node,32765,31162,7,
yalahar|magician.quarter~arena.quarter:,node,32758,31166,7,
yalahar|magician.quarter~arena.quarter:,node,32754,31171,7,
yalahar|magician.quarter~arena.quarter:,node,32750,31176,7,
yalahar|magician.quarter~arena.quarter:,node,32746,31181,7,
yalahar|magician.quarter~arena.quarter:,node,32743,31187,7,
yalahar|magician.quarter~arena.quarter:,node,32742,31195,7,
yalahar|magician.quarter~arena.quarter:,node,32739,31201,7,
yalahar|magician.quarter~arena.quarter:,stand,32738,31201,7,
yalahar|magician.quarter~arena.quarter:,stand,32736,31201,6,
yalahar|magician.quarter~arena.quarter:,stand,32735,31201,5,

# --- yalahar|cemetery.quarter~arena.quarter: (4 waypoints) ---
yalahar|cemetery.quarter~arena.quarter:,node,32776,31136,7,
yalahar|cemetery.quarter~arena.quarter:,stand,32776,31137,7,
yalahar|cemetery.quarter~arena.quarter:,stand,32776,31139,6,
yalahar|cemetery.quarter~arena.quarter:,stand,32776,31140,5,

# --- yalahar|alchemist.quarter~arena.quarter: (4 waypoints) ---
yalahar|alchemist.quarter~arena.quarter:,node,32740,31159,7,
yalahar|alchemist.quarter~arena.quarter:,stand,32741,31159,7,
yalahar|alchemist.quarter~arena.quarter:,stand,32743,31159,6,
yalahar|alchemist.quarter~arena.quarter:,stand,32744,31160,5,

# --- yalahar|sunken.quarter~arena.quarter: (4 waypoints) ---
yalahar|sunken.quarter~arena.quarter:,node,32879,31201,7,
yalahar|sunken.quarter~arena.quarter:,stand,32878,31201,7,
yalahar|sunken.quarter~arena.quarter:,stand,32876,31201,6,
yalahar|sunken.quarter~arena.quarter:,stand,32875,31201,5,

# --- yalahar|factory.quarter~arena.quarter: (5 waypoints) ---
yalahar|factory.quarter~arena.quarter:,node,32861,31259,7,
yalahar|factory.quarter~arena.quarter:,stand,32861,31258,7,
yalahar|factory.quarter~arena.quarter:,stand,32858,31255,6,
yalahar|factory.quarter~arena.quarter:,node,32855,31252,5,
yalahar|factory.quarter~arena.quarter:,stand,32855,31252,5,

# --- yalahar|trade.quarter~arena.quarter: (4 waypoints) ---
yalahar|trade.quarter~arena.quarter:,node,32835,31273,7,
yalahar|trade.quarter~arena.quarter:,stand,32835,31272,7,
yalahar|trade.quarter~arena.quarter:,stand,32835,31270,6,
yalahar|trade.quarter~arena.quarter:,stand,32834,31269,5,

# --- yalahar|boat~alchemist.quarter: (27 waypoints) ---
yalahar|boat~alchemist.quarter:,node,32811,31271,6,
yalahar|boat~alchemist.quarter:,node,32811,31265,6,
yalahar|boat~alchemist.quarter:,node,32807,31259,6,
yalahar|boat~alchemist.quarter:,node,32802,31257,6,
yalahar|boat~alchemist.quarter:,stand,32802,31256,6,
yalahar|boat~alchemist.quarter:,node,32802,31249,7,
yalahar|boat~alchemist.quarter:,node,32801,31241,7,
yalahar|boat~alchemist.quarter:,node,32800,31234,7,
yalahar|boat~alchemist.quarter:,node,32794,31232,7,
yalahar|boat~alchemist.quarter:,node,32785,31232,7,
yalahar|boat~alchemist.quarter:,node,32776,31232,7,
yalahar|boat~alchemist.quarter:,node,32772,31237,7,
yalahar|boat~alchemist.quarter:,node,32771,31243,7,
yalahar|boat~alchemist.quarter:,node,32762,31243,7,
yalahar|boat~alchemist.quarter:,node,32757,31238,7,
yalahar|boat~alchemist.quarter:,node,32752,31231,7,
yalahar|boat~alchemist.quarter:,node,32748,31224,7,
yalahar|boat~alchemist.quarter:,node,32746,31217,7,
yalahar|boat~alchemist.quarter:,node,32744,31209,7,
yalahar|boat~alchemist.quarter:,node,32744,31199,7,
yalahar|boat~alchemist.quarter:,node,32744,31190,7,
yalahar|boat~alchemist.quarter:,node,32746,31183,7,
yalahar|boat~alchemist.quarter:,node,32749,31177,7,
yalahar|boat~alchemist.quarter:,node,32750,31171,7,
yalahar|boat~alchemist.quarter:,stand,32750,31170,7,
yalahar|boat~alchemist.quarter:,stand,32748,31167,6,
yalahar|boat~alchemist.quarter:,stand,32746,31165,5,

# --- yalahar|bank~alchemist.quarter: (26 waypoints) ---
yalahar|bank~alchemist.quarter:,node,32830,31248,7,
yalahar|bank~alchemist.quarter:,node,32830,31241,7,
yalahar|bank~alchemist.quarter:,node,32829,31234,7,
yalahar|bank~alchemist.quarter:,node,32821,31234,7,
yalahar|bank~alchemist.quarter:,node,32813,31234,7,
yalahar|bank~alchemist.quarter:,node,32806,31234,7,
yalahar|bank~alchemist.quarter:,node,32800,31234,7,
yalahar|bank~alchemist.quarter:,node,32794,31232,7,
yalahar|bank~alchemist.quarter:,node,32785,31232,7,
yalahar|bank~alchemist.quarter:,node,32776,31232,7,
yalahar|bank~alchemist.quarter:,node,32772,31237,7,
yalahar|bank~alchemist.quarter:,node,32771,31243,7,
yalahar|bank~alchemist.quarter:,node,32762,31243,7,
yalahar|bank~alchemist.quarter:,node,32757,31238,7,
yalahar|bank~alchemist.quarter:,node,32752,31231,7,
yalahar|bank~alchemist.quarter:,node,32748,31224,7,
yalahar|bank~alchemist.quarter:,node,32746,31217,7,
yalahar|bank~alchemist.quarter:,node,32744,31209,7,
yalahar|bank~alchemist.quarter:,node,32744,31199,7,
yalahar|bank~alchemist.quarter:,node,32744,31190,7,
yalahar|bank~alchemist.quarter:,node,32746,31183,7,
yalahar|bank~alchemist.quarter:,node,32749,31177,7,
yalahar|bank~alchemist.quarter:,node,32750,31171,7,
yalahar|bank~alchemist.quarter:,stand,32750,31170,7,
yalahar|bank~alchemist.quarter:,stand,32748,31167,6,
yalahar|bank~alchemist.quarter:,stand,32746,31165,5,

# --- yalahar|depot~alchemist.quarter: (23 waypoints) ---
yalahar|depot~alchemist.quarter:,node,32798,31247,7,
yalahar|depot~alchemist.quarter:,stand,32797,31246,7,
yalahar|depot~alchemist.quarter:,node,32778,31248,5,
yalahar|depot~alchemist.quarter:,stand,32777,31247,5,
yalahar|depot~alchemist.quarter:,node,32786,31247,6,
yalahar|depot~alchemist.quarter:,stand,32786,31248,6,
yalahar|depot~alchemist.quarter:,node,32780,31249,7,
yalahar|depot~alchemist.quarter:,node,32772,31249,7,
yalahar|depot~alchemist.quarter:,node,32766,31248,7,
yalahar|depot~alchemist.quarter:,node,32762,31243,7,
yalahar|depot~alchemist.quarter:,node,32757,31238,7,
yalahar|depot~alchemist.quarter:,node,32752,31231,7,
yalahar|depot~alchemist.quarter:,node,32748,31224,7,
yalahar|depot~alchemist.quarter:,node,32746,31217,7,
yalahar|depot~alchemist.quarter:,node,32744,31209,7,
yalahar|depot~alchemist.quarter:,node,32744,31199,7,
yalahar|depot~alchemist.quarter:,node,32744,31190,7,
yalahar|depot~alchemist.quarter:,node,32746,31183,7,
yalahar|depot~alchemist.quarter:,node,32749,31177,7,
yalahar|depot~alchemist.quarter:,node,32750,31171,7,
yalahar|depot~alchemist.quarter:,stand,32750,31170,7,
yalahar|depot~alchemist.quarter:,stand,32748,31167,6,
yalahar|depot~alchemist.quarter:,stand,32746,31165,5,

# --- yalahar|ammo~alchemist.quarter: (23 waypoints) ---
yalahar|ammo~alchemist.quarter:,stand,32789,31239,3,
yalahar|ammo~alchemist.quarter:,stand,32790,31239,4,
yalahar|ammo~alchemist.quarter:,stand,32789,31239,5,
yalahar|ammo~alchemist.quarter:,stand,32790,31239,6,
yalahar|ammo~alchemist.quarter:,node,32789,31236,7,
yalahar|ammo~alchemist.quarter:,node,32785,31232,7,
yalahar|ammo~alchemist.quarter:,node,32776,31232,7,
yalahar|ammo~alchemist.quarter:,node,32772,31237,7,
yalahar|ammo~alchemist.quarter:,node,32771,31243,7,
yalahar|ammo~alchemist.quarter:,node,32762,31243,7,
yalahar|ammo~alchemist.quarter:,node,32757,31238,7,
yalahar|ammo~alchemist.quarter:,node,32752,31231,7,
yalahar|ammo~alchemist.quarter:,node,32748,31224,7,
yalahar|ammo~alchemist.quarter:,node,32746,31217,7,
yalahar|ammo~alchemist.quarter:,node,32744,31209,7,
yalahar|ammo~alchemist.quarter:,node,32744,31199,7,
yalahar|ammo~alchemist.quarter:,node,32744,31190,7,
yalahar|ammo~alchemist.quarter:,node,32746,31183,7,
yalahar|ammo~alchemist.quarter:,node,32749,31177,7,
yalahar|ammo~alchemist.quarter:,node,32750,31171,7,
yalahar|ammo~alchemist.quarter:,stand,32750,31170,7,
yalahar|ammo~alchemist.quarter:,stand,32748,31167,6,
yalahar|ammo~alchemist.quarter:,stand,32746,31165,5,

# --- yalahar|runes~alchemist.quarter: (21 waypoints) ---
yalahar|runes~alchemist.quarter:,stand,32789,31239,5,
yalahar|runes~alchemist.quarter:,stand,32790,31239,6,
yalahar|runes~alchemist.quarter:,node,32789,31236,7,
yalahar|runes~alchemist.quarter:,node,32785,31232,7,
yalahar|runes~alchemist.quarter:,node,32776,31232,7,
yalahar|runes~alchemist.quarter:,node,32772,31237,7,
yalahar|runes~alchemist.quarter:,node,32771,31243,7,
yalahar|runes~alchemist.quarter:,node,32762,31243,7,
yalahar|runes~alchemist.quarter:,node,32757,31238,7,
yalahar|runes~alchemist.quarter:,node,32752,31231,7,
yalahar|runes~alchemist.quarter:,node,32748,31224,7,
yalahar|runes~alchemist.quarter:,node,32746,31217,7,
yalahar|runes~alchemist.quarter:,node,32744,31209,7,
yalahar|runes~alchemist.quarter:,node,32744,31199,7,
yalahar|runes~alchemist.quarter:,node,32744,31190,7,
yalahar|runes~alchemist.quarter:,node,32746,31183,7,
yalahar|runes~alchemist.quarter:,node,32749,31177,7,
yalahar|runes~alchemist.quarter:,node,32750,31171,7,
yalahar|runes~alchemist.quarter:,stand,32750,31170,7,
yalahar|runes~alchemist.quarter:,stand,32748,31167,6,
yalahar|runes~alchemist.quarter:,stand,32746,31165,5,

# --- yalahar|potions~alchemist.quarter: (21 waypoints) ---
yalahar|potions~alchemist.quarter:,stand,32789,31239,5,
yalahar|potions~alchemist.quarter:,stand,32790,31239,6,
yalahar|potions~alchemist.quarter:,node,32789,31236,7,
yalahar|potions~alchemist.quarter:,node,32785,31232,7,
yalahar|potions~alchemist.quarter:,node,32776,31232,7,
yalahar|potions~alchemist.quarter:,node,32772,31237,7,
yalahar|potions~alchemist.quarter:,node,32771,31243,7,
yalahar|potions~alchemist.quarter:,node,32762,31243,7,
yalahar|potions~alchemist.quarter:,node,32757,31238,7,
yalahar|potions~alchemist.quarter:,node,32752,31231,7,
yalahar|potions~alchemist.quarter:,node,32748,31224,7,
yalahar|potions~alchemist.quarter:,node,32746,31217,7,
yalahar|potions~alchemist.quarter:,node,32744,31209,7,
yalahar|potions~alchemist.quarter:,node,32744,31199,7,
yalahar|potions~alchemist.quarter:,node,32744,31190,7,
yalahar|potions~alchemist.quarter:,node,32746,31183,7,
yalahar|potions~alchemist.quarter:,node,32749,31177,7,
yalahar|potions~alchemist.quarter:,node,32750,31171,7,
yalahar|potions~alchemist.quarter:,stand,32750,31170,7,
yalahar|potions~alchemist.quarter:,stand,32748,31167,6,
yalahar|potions~alchemist.quarter:,stand,32746,31165,5,

# --- yalahar|food~alchemist.quarter: (17 waypoints) ---
yalahar|food~alchemist.quarter:,node,32859,31208,7,
yalahar|food~alchemist.quarter:,node,32859,31199,7,
yalahar|food~alchemist.quarter:,node,32859,31189,7,
yalahar|food~alchemist.quarter:,node,32855,31179,7,
yalahar|food~alchemist.quarter:,node,32848,31171,7,
yalahar|food~alchemist.quarter:,node,32840,31164,7,
yalahar|food~alchemist.quarter:,node,32830,31158,7,
yalahar|food~alchemist.quarter:,node,32820,31153,7,
yalahar|food~alchemist.quarter:,node,32809,31150,7,
yalahar|food~alchemist.quarter:,node,32795,31150,7,
yalahar|food~alchemist.quarter:,node,32783,31153,7,
yalahar|food~alchemist.quarter:,node,32771,31158,7,
yalahar|food~alchemist.quarter:,node,32761,31164,7,
yalahar|food~alchemist.quarter:,node,32753,31168,7,
yalahar|food~alchemist.quarter:,stand,32752,31168,7,
yalahar|food~alchemist.quarter:,stand,32750,31165,6,
yalahar|food~alchemist.quarter:,stand,32746,31165,5,

# --- yalahar|loot.morpel~alchemist.quarter: (25 waypoints) ---
yalahar|loot.morpel~alchemist.quarter:,node,32829,31239,7,
yalahar|loot.morpel~alchemist.quarter:,node,32829,31234,7,
yalahar|loot.morpel~alchemist.quarter:,node,32821,31234,7,
yalahar|loot.morpel~alchemist.quarter:,node,32813,31234,7,
yalahar|loot.morpel~alchemist.quarter:,node,32806,31234,7,
yalahar|loot.morpel~alchemist.quarter:,node,32800,31234,7,
yalahar|loot.morpel~alchemist.quarter:,node,32794,31232,7,
yalahar|loot.morpel~alchemist.quarter:,node,32785,31232,7,
yalahar|loot.morpel~alchemist.quarter:,node,32776,31232,7,
yalahar|loot.morpel~alchemist.quarter:,node,32772,31237,7,
yalahar|loot.morpel~alchemist.quarter:,node,32771,31243,7,
yalahar|loot.morpel~alchemist.quarter:,node,32762,31243,7,
yalahar|loot.morpel~alchemist.quarter:,node,32757,31238,7,
yalahar|loot.morpel~alchemist.quarter:,node,32752,31231,7,
yalahar|loot.morpel~alchemist.quarter:,node,32748,31224,7,
yalahar|loot.morpel~alchemist.quarter:,node,32746,31217,7,
yalahar|loot.morpel~alchemist.quarter:,node,32744,31209,7,
yalahar|loot.morpel~alchemist.quarter:,node,32744,31199,7,
yalahar|loot.morpel~alchemist.quarter:,node,32744,31190,7,
yalahar|loot.morpel~alchemist.quarter:,node,32746,31183,7,
yalahar|loot.morpel~alchemist.quarter:,node,32749,31177,7,
yalahar|loot.morpel~alchemist.quarter:,node,32750,31171,7,
yalahar|loot.morpel~alchemist.quarter:,stand,32750,31170,7,
yalahar|loot.morpel~alchemist.quarter:,stand,32748,31167,6,
yalahar|loot.morpel~alchemist.quarter:,stand,32746,31165,5,

# --- yalahar|loot.oiriz~alchemist.quarter: (18 waypoints) ---
yalahar|loot.oiriz~alchemist.quarter:,node,32785,31232,7,
yalahar|loot.oiriz~alchemist.quarter:,node,32776,31232,7,
yalahar|loot.oiriz~alchemist.quarter:,node,32772,31237,7,
yalahar|loot.oiriz~alchemist.quarter:,node,32771,31243,7,
yalahar|loot.oiriz~alchemist.quarter:,node,32762,31243,7,
yalahar|loot.oiriz~alchemist.quarter:,node,32757,31238,7,
yalahar|loot.oiriz~alchemist.quarter:,node,32752,31231,7,
yalahar|loot.oiriz~alchemist.quarter:,node,32748,31224,7,
yalahar|loot.oiriz~alchemist.quarter:,node,32746,31217,7,
yalahar|loot.oiriz~alchemist.quarter:,node,32744,31209,7,
yalahar|loot.oiriz~alchemist.quarter:,node,32744,31199,7,
yalahar|loot.oiriz~alchemist.quarter:,node,32744,31190,7,
yalahar|loot.oiriz~alchemist.quarter:,node,32746,31183,7,
yalahar|loot.oiriz~alchemist.quarter:,node,32749,31177,7,
yalahar|loot.oiriz~alchemist.quarter:,node,32750,31171,7,
yalahar|loot.oiriz~alchemist.quarter:,stand,32750,31170,7,
yalahar|loot.oiriz~alchemist.quarter:,stand,32748,31167,6,
yalahar|loot.oiriz~alchemist.quarter:,stand,32746,31165,5,

# --- yalahar|temple~alchemist.quarter: (27 waypoints) ---
yalahar|temple~alchemist.quarter:,node,32785,31270,7,
yalahar|temple~alchemist.quarter:,stand,32784,31269,7,
yalahar|temple~alchemist.quarter:,node,32782,31263,6,
yalahar|temple~alchemist.quarter:,node,32787,31259,6,
yalahar|temple~alchemist.quarter:,node,32794,31259,6,
yalahar|temple~alchemist.quarter:,node,32800,31257,6,
yalahar|temple~alchemist.quarter:,stand,32800,31256,6,
yalahar|temple~alchemist.quarter:,node,32799,31252,7,
yalahar|temple~alchemist.quarter:,node,32792,31254,7,
yalahar|temple~alchemist.quarter:,node,32784,31254,7,
yalahar|temple~alchemist.quarter:,node,32776,31254,7,
yalahar|temple~alchemist.quarter:,node,32771,31252,7,
yalahar|temple~alchemist.quarter:,node,32766,31248,7,
yalahar|temple~alchemist.quarter:,node,32762,31243,7,
yalahar|temple~alchemist.quarter:,node,32757,31238,7,
yalahar|temple~alchemist.quarter:,node,32752,31231,7,
yalahar|temple~alchemist.quarter:,node,32748,31224,7,
yalahar|temple~alchemist.quarter:,node,32746,31217,7,
yalahar|temple~alchemist.quarter:,node,32744,31209,7,
yalahar|temple~alchemist.quarter:,node,32744,31199,7,
yalahar|temple~alchemist.quarter:,node,32744,31190,7,
yalahar|temple~alchemist.quarter:,node,32746,31183,7,
yalahar|temple~alchemist.quarter:,node,32749,31177,7,
yalahar|temple~alchemist.quarter:,node,32750,31171,7,
yalahar|temple~alchemist.quarter:,stand,32750,31170,7,
yalahar|temple~alchemist.quarter:,stand,32748,31167,6,
yalahar|temple~alchemist.quarter:,stand,32746,31165,5,

# --- yalahar|trainers~alchemist.quarter: (22 waypoints) ---
yalahar|trainers~alchemist.quarter:,node,32778,31248,5,
yalahar|trainers~alchemist.quarter:,stand,32777,31247,5,
yalahar|trainers~alchemist.quarter:,node,32781,31249,6,
yalahar|trainers~alchemist.quarter:,node,32785,31249,6,
yalahar|trainers~alchemist.quarter:,stand,32786,31248,6,
yalahar|trainers~alchemist.quarter:,node,32780,31249,7,
yalahar|trainers~alchemist.quarter:,node,32772,31249,7,
yalahar|trainers~alchemist.quarter:,node,32766,31248,7,
yalahar|trainers~alchemist.quarter:,node,32762,31243,7,
yalahar|trainers~alchemist.quarter:,node,32757,31238,7,
yalahar|trainers~alchemist.quarter:,node,32752,31231,7,
yalahar|trainers~alchemist.quarter:,node,32748,31224,7,
yalahar|trainers~alchemist.quarter:,node,32746,31217,7,
yalahar|trainers~alchemist.quarter:,node,32744,31209,7,
yalahar|trainers~alchemist.quarter:,node,32744,31199,7,
yalahar|trainers~alchemist.quarter:,node,32744,31190,7,
yalahar|trainers~alchemist.quarter:,node,32746,31183,7,
yalahar|trainers~alchemist.quarter:,node,32749,31177,7,
yalahar|trainers~alchemist.quarter:,node,32750,31171,7,
yalahar|trainers~alchemist.quarter:,stand,32750,31170,7,
yalahar|trainers~alchemist.quarter:,stand,32748,31167,6,
yalahar|trainers~alchemist.quarter:,stand,32746,31165,5,

# --- yalahar|magician.quarter~alchemist.quarter: (17 waypoints) ---
yalahar|magician.quarter~alchemist.quarter:,node,32834,31142,7,
yalahar|magician.quarter~alchemist.quarter:,stand,32834,31143,7,
yalahar|magician.quarter~alchemist.quarter:,stand,32834,31145,6,
yalahar|magician.quarter~alchemist.quarter:,node,32833,31152,5,
yalahar|magician.quarter~alchemist.quarter:,stand,32833,31153,5,
yalahar|magician.quarter~alchemist.quarter:,stand,32833,31155,6,
yalahar|magician.quarter~alchemist.quarter:,node,32830,31158,7,
yalahar|magician.quarter~alchemist.quarter:,node,32820,31153,7,
yalahar|magician.quarter~alchemist.quarter:,node,32809,31150,7,
yalahar|magician.quarter~alchemist.quarter:,node,32795,31150,7,
yalahar|magician.quarter~alchemist.quarter:,node,32783,31153,7,
yalahar|magician.quarter~alchemist.quarter:,node,32771,31158,7,
yalahar|magician.quarter~alchemist.quarter:,node,32761,31164,7,
yalahar|magician.quarter~alchemist.quarter:,node,32753,31168,7,
yalahar|magician.quarter~alchemist.quarter:,stand,32752,31168,7,
yalahar|magician.quarter~alchemist.quarter:,stand,32750,31165,6,
yalahar|magician.quarter~alchemist.quarter:,stand,32746,31165,5,

# --- yalahar|cemetery.quarter~alchemist.quarter: (4 waypoints) ---
yalahar|cemetery.quarter~alchemist.quarter:,node,32776,31136,7,
yalahar|cemetery.quarter~alchemist.quarter:,stand,32776,31137,7,
yalahar|cemetery.quarter~alchemist.quarter:,stand,32776,31139,6,
yalahar|cemetery.quarter~alchemist.quarter:,stand,32776,31141,5,

# --- yalahar|sunken.quarter~alchemist.quarter: (4 waypoints) ---
yalahar|sunken.quarter~alchemist.quarter:,node,32879,31201,7,
yalahar|sunken.quarter~alchemist.quarter:,stand,32878,31201,7,
yalahar|sunken.quarter~alchemist.quarter:,stand,32876,31201,6,
yalahar|sunken.quarter~alchemist.quarter:,stand,32875,31201,5,

# --- yalahar|factory.quarter~alchemist.quarter: (5 waypoints) ---
yalahar|factory.quarter~alchemist.quarter:,node,32861,31259,7,
yalahar|factory.quarter~alchemist.quarter:,stand,32861,31258,7,
yalahar|factory.quarter~alchemist.quarter:,stand,32858,31255,6,
yalahar|factory.quarter~alchemist.quarter:,node,32855,31252,5,
yalahar|factory.quarter~alchemist.quarter:,stand,32855,31252,5,

# --- yalahar|trade.quarter~alchemist.quarter: (4 waypoints) ---
yalahar|trade.quarter~alchemist.quarter:,node,32835,31273,7,
yalahar|trade.quarter~alchemist.quarter:,stand,32835,31272,7,
yalahar|trade.quarter~alchemist.quarter:,stand,32835,31270,6,
yalahar|trade.quarter~alchemist.quarter:,stand,32834,31269,5,

# --- yalahar|alchemist.quarter~boat: (4 waypoints) ---
yalahar|alchemist.quarter~boat:,node,32740,31159,7,
yalahar|alchemist.quarter~boat:,stand,32741,31159,7,
yalahar|alchemist.quarter~boat:,stand,32743,31159,6,
yalahar|alchemist.quarter~boat:,stand,32744,31159,5,

# --- yalahar|alchemist.quarter~bank: (4 waypoints) ---
yalahar|alchemist.quarter~bank:,node,32740,31159,7,
yalahar|alchemist.quarter~bank:,stand,32741,31159,7,
yalahar|alchemist.quarter~bank:,stand,32743,31159,6,
yalahar|alchemist.quarter~bank:,stand,32744,31159,5,

# --- yalahar|alchemist.quarter~depot: (4 waypoints) ---
yalahar|alchemist.quarter~depot:,node,32740,31159,7,
yalahar|alchemist.quarter~depot:,stand,32741,31159,7,
yalahar|alchemist.quarter~depot:,stand,32743,31159,6,
yalahar|alchemist.quarter~depot:,stand,32744,31159,5,

# --- yalahar|alchemist.quarter~ammo: (4 waypoints) ---
yalahar|alchemist.quarter~ammo:,node,32740,31159,7,
yalahar|alchemist.quarter~ammo:,stand,32741,31159,7,
yalahar|alchemist.quarter~ammo:,stand,32743,31159,6,
yalahar|alchemist.quarter~ammo:,stand,32744,31159,5,

# --- yalahar|ammo~ammo: (1 waypoints) ---
yalahar|ammo~ammo:,stand,32789,31238,3,

# --- yalahar|alchemist.quarter~runes: (4 waypoints) ---
yalahar|alchemist.quarter~runes:,node,32740,31159,7,
yalahar|alchemist.quarter~runes:,stand,32741,31159,7,
yalahar|alchemist.quarter~runes:,stand,32743,31159,6,
yalahar|alchemist.quarter~runes:,stand,32744,31159,5,

# --- yalahar|alchemist.quarter~potions: (4 waypoints) ---
yalahar|alchemist.quarter~potions:,node,32740,31159,7,
yalahar|alchemist.quarter~potions:,stand,32741,31159,7,
yalahar|alchemist.quarter~potions:,stand,32743,31159,6,
yalahar|alchemist.quarter~potions:,stand,32744,31159,5,

# --- yalahar|alchemist.quarter~food: (4 waypoints) ---
yalahar|alchemist.quarter~food:,node,32740,31159,7,
yalahar|alchemist.quarter~food:,stand,32741,31159,7,
yalahar|alchemist.quarter~food:,stand,32743,31159,6,
yalahar|alchemist.quarter~food:,stand,32744,31159,5,

# --- yalahar|alchemist.quarter~loot.morpel: (4 waypoints) ---
yalahar|alchemist.quarter~loot.morpel:,node,32740,31159,7,
yalahar|alchemist.quarter~loot.morpel:,stand,32741,31159,7,
yalahar|alchemist.quarter~loot.morpel:,stand,32743,31159,6,
yalahar|alchemist.quarter~loot.morpel:,stand,32744,31159,5,

# --- yalahar|alchemist.quarter~loot.oiriz: (4 waypoints) ---
yalahar|alchemist.quarter~loot.oiriz:,node,32740,31159,7,
yalahar|alchemist.quarter~loot.oiriz:,stand,32741,31159,7,
yalahar|alchemist.quarter~loot.oiriz:,stand,32743,31159,6,
yalahar|alchemist.quarter~loot.oiriz:,stand,32744,31159,5,

# --- yalahar|alchemist.quarter~temple: (4 waypoints) ---
yalahar|alchemist.quarter~temple:,node,32740,31159,7,
yalahar|alchemist.quarter~temple:,stand,32741,31159,7,
yalahar|alchemist.quarter~temple:,stand,32743,31159,6,
yalahar|alchemist.quarter~temple:,stand,32744,31159,5,

# --- yalahar|alchemist.quarter~trainers: (4 waypoints) ---
yalahar|alchemist.quarter~trainers:,node,32740,31159,7,
yalahar|alchemist.quarter~trainers:,stand,32741,31159,7,
yalahar|alchemist.quarter~trainers:,stand,32743,31159,6,
yalahar|alchemist.quarter~trainers:,stand,32744,31159,5,

# --- yalahar|alchemist.quarter~magician.quarter: (4 waypoints) ---
yalahar|alchemist.quarter~magician.quarter:,node,32740,31159,7,
yalahar|alchemist.quarter~magician.quarter:,stand,32741,31159,7,
yalahar|alchemist.quarter~magician.quarter:,stand,32743,31159,6,
yalahar|alchemist.quarter~magician.quarter:,stand,32744,31159,5,

# --- yalahar|alchemist.quarter~cemetery.quarter: (4 waypoints) ---
yalahar|alchemist.quarter~cemetery.quarter:,node,32740,31159,7,
yalahar|alchemist.quarter~cemetery.quarter:,stand,32741,31159,7,
yalahar|alchemist.quarter~cemetery.quarter:,stand,32743,31159,6,
yalahar|alchemist.quarter~cemetery.quarter:,stand,32744,31159,5,

# --- yalahar|alchemist.quarter~sunken.quarter: (4 waypoints) ---
yalahar|alchemist.quarter~sunken.quarter:,node,32740,31159,7,
yalahar|alchemist.quarter~sunken.quarter:,stand,32741,31159,7,
yalahar|alchemist.quarter~sunken.quarter:,stand,32743,31159,6,
yalahar|alchemist.quarter~sunken.quarter:,stand,32744,31159,5,

# --- yalahar|alchemist.quarter~factory.quarter: (4 waypoints) ---
yalahar|alchemist.quarter~factory.quarter:,node,32740,31159,7,
yalahar|alchemist.quarter~factory.quarter:,stand,32741,31159,7,
yalahar|alchemist.quarter~factory.quarter:,stand,32743,31159,6,
yalahar|alchemist.quarter~factory.quarter:,stand,32744,31159,5,

# --- yalahar|alchemist.quarter~trade.quarter: (4 waypoints) ---
yalahar|alchemist.quarter~trade.quarter:,node,32740,31159,7,
yalahar|alchemist.quarter~trade.quarter:,stand,32741,31159,7,
yalahar|alchemist.quarter~trade.quarter:,stand,32743,31159,6,
yalahar|alchemist.quarter~trade.quarter:,stand,32744,31159,5,

# --- yalahar|boat~cemetery.quarter: (28 waypoints) ---
yalahar|boat~cemetery.quarter:,node,32811,31270,6,
yalahar|boat~cemetery.quarter:,node,32811,31263,6,
yalahar|boat~cemetery.quarter:,node,32807,31259,6,
yalahar|boat~cemetery.quarter:,node,32802,31257,6,
yalahar|boat~cemetery.quarter:,stand,32802,31256,6,
yalahar|boat~cemetery.quarter:,node,32799,31252,7,
yalahar|boat~cemetery.quarter:,node,32791,31254,7,
yalahar|boat~cemetery.quarter:,node,32782,31254,7,
yalahar|boat~cemetery.quarter:,node,32773,31254,7,
yalahar|boat~cemetery.quarter:,node,32766,31248,7,
yalahar|boat~cemetery.quarter:,node,32761,31242,7,
yalahar|boat~cemetery.quarter:,node,32756,31235,7,
yalahar|boat~cemetery.quarter:,node,32752,31228,7,
yalahar|boat~cemetery.quarter:,node,32748,31221,7,
yalahar|boat~cemetery.quarter:,node,32746,31213,7,
yalahar|boat~cemetery.quarter:,node,32744,31204,7,
yalahar|boat~cemetery.quarter:,node,32744,31196,7,
yalahar|boat~cemetery.quarter:,node,32744,31188,7,
yalahar|boat~cemetery.quarter:,node,32747,31181,7,
yalahar|boat~cemetery.quarter:,node,32752,31174,7,
yalahar|boat~cemetery.quarter:,node,32758,31168,7,
yalahar|boat~cemetery.quarter:,node,32765,31162,7,
yalahar|boat~cemetery.quarter:,node,32773,31158,7,
yalahar|boat~cemetery.quarter:,node,32779,31155,7,
yalahar|boat~cemetery.quarter:,node,32779,31151,7,
yalahar|boat~cemetery.quarter:,stand,32779,31150,7,
yalahar|boat~cemetery.quarter:,stand,32779,31148,6,
yalahar|boat~cemetery.quarter:,stand,32778,31146,5,

# --- yalahar|bank~cemetery.quarter: (25 waypoints) ---
yalahar|bank~cemetery.quarter:,node,32831,31249,7,
yalahar|bank~cemetery.quarter:,node,32838,31249,7,
yalahar|bank~cemetery.quarter:,node,32843,31246,7,
yalahar|bank~cemetery.quarter:,node,32848,31242,7,
yalahar|bank~cemetery.quarter:,node,32852,31237,7,
yalahar|bank~cemetery.quarter:,node,32855,31231,7,
yalahar|bank~cemetery.quarter:,node,32857,31224,7,
yalahar|bank~cemetery.quarter:,node,32859,31216,7,
yalahar|bank~cemetery.quarter:,node,32859,31207,7,
yalahar|bank~cemetery.quarter:,node,32859,31198,7,
yalahar|bank~cemetery.quarter:,node,32858,31189,7,
yalahar|bank~cemetery.quarter:,node,32855,31180,7,
yalahar|bank~cemetery.quarter:,node,32849,31172,7,
yalahar|bank~cemetery.quarter:,node,32841,31165,7,
yalahar|bank~cemetery.quarter:,node,32832,31160,7,
yalahar|bank~cemetery.quarter:,node,32824,31155,7,
yalahar|bank~cemetery.quarter:,node,32815,31151,7,
yalahar|bank~cemetery.quarter:,node,32805,31150,7,
yalahar|bank~cemetery.quarter:,node,32796,31150,7,
yalahar|bank~cemetery.quarter:,node,32789,31151,7,
yalahar|bank~cemetery.quarter:,node,32782,31153,7,
yalahar|bank~cemetery.quarter:,node,32780,31151,7,
yalahar|bank~cemetery.quarter:,stand,32780,31150,7,
yalahar|bank~cemetery.quarter:,stand,32780,31148,6,
yalahar|bank~cemetery.quarter:,stand,32778,31146,5,

# --- yalahar|depot~cemetery.quarter: (27 waypoints) ---
yalahar|depot~cemetery.quarter:,node,32798,31247,7,
yalahar|depot~cemetery.quarter:,stand,32797,31246,7,
yalahar|depot~cemetery.quarter:,node,32778,31248,5,
yalahar|depot~cemetery.quarter:,stand,32777,31247,5,
yalahar|depot~cemetery.quarter:,node,32786,31247,6,
yalahar|depot~cemetery.quarter:,stand,32786,31248,6,
yalahar|depot~cemetery.quarter:,node,32782,31249,7,
yalahar|depot~cemetery.quarter:,node,32775,31249,7,
yalahar|depot~cemetery.quarter:,node,32766,31248,7,
yalahar|depot~cemetery.quarter:,node,32761,31242,7,
yalahar|depot~cemetery.quarter:,node,32756,31235,7,
yalahar|depot~cemetery.quarter:,node,32752,31228,7,
yalahar|depot~cemetery.quarter:,node,32748,31221,7,
yalahar|depot~cemetery.quarter:,node,32746,31213,7,
yalahar|depot~cemetery.quarter:,node,32744,31204,7,
yalahar|depot~cemetery.quarter:,node,32744,31196,7,
yalahar|depot~cemetery.quarter:,node,32744,31188,7,
yalahar|depot~cemetery.quarter:,node,32747,31181,7,
yalahar|depot~cemetery.quarter:,node,32752,31174,7,
yalahar|depot~cemetery.quarter:,node,32758,31168,7,
yalahar|depot~cemetery.quarter:,node,32765,31162,7,
yalahar|depot~cemetery.quarter:,node,32773,31158,7,
yalahar|depot~cemetery.quarter:,node,32779,31155,7,
yalahar|depot~cemetery.quarter:,node,32779,31151,7,
yalahar|depot~cemetery.quarter:,stand,32779,31150,7,
yalahar|depot~cemetery.quarter:,stand,32779,31148,6,
yalahar|depot~cemetery.quarter:,stand,32778,31146,5,

# --- yalahar|ammo~cemetery.quarter: (27 waypoints) ---
yalahar|ammo~cemetery.quarter:,stand,32789,31239,3,
yalahar|ammo~cemetery.quarter:,stand,32790,31239,4,
yalahar|ammo~cemetery.quarter:,stand,32789,31239,5,
yalahar|ammo~cemetery.quarter:,stand,32790,31239,6,
yalahar|ammo~cemetery.quarter:,node,32789,31233,7,
yalahar|ammo~cemetery.quarter:,node,32781,31232,7,
yalahar|ammo~cemetery.quarter:,node,32773,31234,7,
yalahar|ammo~cemetery.quarter:,node,32772,31240,7,
yalahar|ammo~cemetery.quarter:,node,32768,31243,7,
yalahar|ammo~cemetery.quarter:,node,32761,31242,7,
yalahar|ammo~cemetery.quarter:,node,32756,31235,7,
yalahar|ammo~cemetery.quarter:,node,32752,31228,7,
yalahar|ammo~cemetery.quarter:,node,32748,31221,7,
yalahar|ammo~cemetery.quarter:,node,32746,31213,7,
yalahar|ammo~cemetery.quarter:,node,32744,31204,7,
yalahar|ammo~cemetery.quarter:,node,32744,31196,7,
yalahar|ammo~cemetery.quarter:,node,32744,31188,7,
yalahar|ammo~cemetery.quarter:,node,32747,31181,7,
yalahar|ammo~cemetery.quarter:,node,32752,31174,7,
yalahar|ammo~cemetery.quarter:,node,32758,31168,7,
yalahar|ammo~cemetery.quarter:,node,32765,31162,7,
yalahar|ammo~cemetery.quarter:,node,32773,31158,7,
yalahar|ammo~cemetery.quarter:,node,32779,31155,7,
yalahar|ammo~cemetery.quarter:,node,32779,31151,7,
yalahar|ammo~cemetery.quarter:,stand,32779,31150,7,
yalahar|ammo~cemetery.quarter:,stand,32779,31148,6,
yalahar|ammo~cemetery.quarter:,stand,32778,31146,5,

# --- yalahar|runes~cemetery.quarter: (25 waypoints) ---
yalahar|runes~cemetery.quarter:,stand,32789,31239,5,
yalahar|runes~cemetery.quarter:,stand,32790,31239,6,
yalahar|runes~cemetery.quarter:,node,32789,31233,7,
yalahar|runes~cemetery.quarter:,node,32781,31232,7,
yalahar|runes~cemetery.quarter:,node,32773,31234,7,
yalahar|runes~cemetery.quarter:,node,32772,31240,7,
yalahar|runes~cemetery.quarter:,node,32768,31243,7,
yalahar|runes~cemetery.quarter:,node,32761,31242,7,
yalahar|runes~cemetery.quarter:,node,32756,31235,7,
yalahar|runes~cemetery.quarter:,node,32752,31228,7,
yalahar|runes~cemetery.quarter:,node,32748,31221,7,
yalahar|runes~cemetery.quarter:,node,32746,31213,7,
yalahar|runes~cemetery.quarter:,node,32744,31204,7,
yalahar|runes~cemetery.quarter:,node,32744,31196,7,
yalahar|runes~cemetery.quarter:,node,32744,31188,7,
yalahar|runes~cemetery.quarter:,node,32747,31181,7,
yalahar|runes~cemetery.quarter:,node,32752,31174,7,
yalahar|runes~cemetery.quarter:,node,32758,31168,7,
yalahar|runes~cemetery.quarter:,node,32765,31162,7,
yalahar|runes~cemetery.quarter:,node,32773,31158,7,
yalahar|runes~cemetery.quarter:,node,32779,31155,7,
yalahar|runes~cemetery.quarter:,node,32779,31151,7,
yalahar|runes~cemetery.quarter:,stand,32779,31150,7,
yalahar|runes~cemetery.quarter:,stand,32779,31148,6,
yalahar|runes~cemetery.quarter:,stand,32778,31146,5,

# --- yalahar|potions~cemetery.quarter: (25 waypoints) ---
yalahar|potions~cemetery.quarter:,stand,32789,31239,5,
yalahar|potions~cemetery.quarter:,stand,32790,31239,6,
yalahar|potions~cemetery.quarter:,node,32789,31233,7,
yalahar|potions~cemetery.quarter:,node,32781,31232,7,
yalahar|potions~cemetery.quarter:,node,32773,31234,7,
yalahar|potions~cemetery.quarter:,node,32772,31240,7,
yalahar|potions~cemetery.quarter:,node,32768,31243,7,
yalahar|potions~cemetery.quarter:,node,32761,31242,7,
yalahar|potions~cemetery.quarter:,node,32756,31235,7,
yalahar|potions~cemetery.quarter:,node,32752,31228,7,
yalahar|potions~cemetery.quarter:,node,32748,31221,7,
yalahar|potions~cemetery.quarter:,node,32746,31213,7,
yalahar|potions~cemetery.quarter:,node,32744,31204,7,
yalahar|potions~cemetery.quarter:,node,32744,31196,7,
yalahar|potions~cemetery.quarter:,node,32744,31188,7,
yalahar|potions~cemetery.quarter:,node,32747,31181,7,
yalahar|potions~cemetery.quarter:,node,32752,31174,7,
yalahar|potions~cemetery.quarter:,node,32758,31168,7,
yalahar|potions~cemetery.quarter:,node,32765,31162,7,
yalahar|potions~cemetery.quarter:,node,32773,31158,7,
yalahar|potions~cemetery.quarter:,node,32779,31155,7,
yalahar|potions~cemetery.quarter:,node,32779,31151,7,
yalahar|potions~cemetery.quarter:,stand,32779,31150,7,
yalahar|potions~cemetery.quarter:,stand,32779,31148,6,
yalahar|potions~cemetery.quarter:,stand,32778,31146,5,

# --- yalahar|food~cemetery.quarter: (17 waypoints) ---
yalahar|food~cemetery.quarter:,node,32859,31207,7,
yalahar|food~cemetery.quarter:,node,32859,31198,7,
yalahar|food~cemetery.quarter:,node,32858,31189,7,
yalahar|food~cemetery.quarter:,node,32855,31180,7,
yalahar|food~cemetery.quarter:,node,32849,31172,7,
yalahar|food~cemetery.quarter:,node,32841,31165,7,
yalahar|food~cemetery.quarter:,node,32832,31160,7,
yalahar|food~cemetery.quarter:,node,32824,31155,7,
yalahar|food~cemetery.quarter:,node,32815,31151,7,
yalahar|food~cemetery.quarter:,node,32805,31150,7,
yalahar|food~cemetery.quarter:,node,32796,31150,7,
yalahar|food~cemetery.quarter:,node,32789,31151,7,
yalahar|food~cemetery.quarter:,node,32782,31153,7,
yalahar|food~cemetery.quarter:,node,32780,31151,7,
yalahar|food~cemetery.quarter:,stand,32780,31150,7,
yalahar|food~cemetery.quarter:,stand,32780,31148,6,
yalahar|food~cemetery.quarter:,stand,32778,31146,5,

# --- yalahar|loot.morpel~cemetery.quarter: (29 waypoints) ---
yalahar|loot.morpel~cemetery.quarter:,node,32829,31239,7,
yalahar|loot.morpel~cemetery.quarter:,node,32829,31234,7,
yalahar|loot.morpel~cemetery.quarter:,node,32820,31234,7,
yalahar|loot.morpel~cemetery.quarter:,node,32811,31234,7,
yalahar|loot.morpel~cemetery.quarter:,node,32802,31234,7,
yalahar|loot.morpel~cemetery.quarter:,node,32795,31233,7,
yalahar|loot.morpel~cemetery.quarter:,node,32789,31233,7,
yalahar|loot.morpel~cemetery.quarter:,node,32781,31232,7,
yalahar|loot.morpel~cemetery.quarter:,node,32773,31234,7,
yalahar|loot.morpel~cemetery.quarter:,node,32772,31240,7,
yalahar|loot.morpel~cemetery.quarter:,node,32768,31243,7,
yalahar|loot.morpel~cemetery.quarter:,node,32761,31242,7,
yalahar|loot.morpel~cemetery.quarter:,node,32756,31235,7,
yalahar|loot.morpel~cemetery.quarter:,node,32752,31228,7,
yalahar|loot.morpel~cemetery.quarter:,node,32748,31221,7,
yalahar|loot.morpel~cemetery.quarter:,node,32746,31213,7,
yalahar|loot.morpel~cemetery.quarter:,node,32744,31204,7,
yalahar|loot.morpel~cemetery.quarter:,node,32744,31196,7,
yalahar|loot.morpel~cemetery.quarter:,node,32744,31188,7,
yalahar|loot.morpel~cemetery.quarter:,node,32747,31181,7,
yalahar|loot.morpel~cemetery.quarter:,node,32752,31174,7,
yalahar|loot.morpel~cemetery.quarter:,node,32758,31168,7,
yalahar|loot.morpel~cemetery.quarter:,node,32765,31162,7,
yalahar|loot.morpel~cemetery.quarter:,node,32773,31158,7,
yalahar|loot.morpel~cemetery.quarter:,node,32779,31155,7,
yalahar|loot.morpel~cemetery.quarter:,node,32779,31151,7,
yalahar|loot.morpel~cemetery.quarter:,stand,32779,31150,7,
yalahar|loot.morpel~cemetery.quarter:,stand,32779,31148,6,
yalahar|loot.morpel~cemetery.quarter:,stand,32778,31146,5,

# --- yalahar|loot.oiriz~cemetery.quarter: (23 waypoints) ---
yalahar|loot.oiriz~cemetery.quarter:,node,32789,31233,7,
yalahar|loot.oiriz~cemetery.quarter:,node,32781,31232,7,
yalahar|loot.oiriz~cemetery.quarter:,node,32773,31234,7,
yalahar|loot.oiriz~cemetery.quarter:,node,32772,31240,7,
yalahar|loot.oiriz~cemetery.quarter:,node,32768,31243,7,
yalahar|loot.oiriz~cemetery.quarter:,node,32761,31242,7,
yalahar|loot.oiriz~cemetery.quarter:,node,32756,31235,7,
yalahar|loot.oiriz~cemetery.quarter:,node,32752,31228,7,
yalahar|loot.oiriz~cemetery.quarter:,node,32748,31221,7,
yalahar|loot.oiriz~cemetery.quarter:,node,32746,31213,7,
yalahar|loot.oiriz~cemetery.quarter:,node,32744,31204,7,
yalahar|loot.oiriz~cemetery.quarter:,node,32744,31196,7,
yalahar|loot.oiriz~cemetery.quarter:,node,32744,31188,7,
yalahar|loot.oiriz~cemetery.quarter:,node,32747,31181,7,
yalahar|loot.oiriz~cemetery.quarter:,node,32752,31174,7,
yalahar|loot.oiriz~cemetery.quarter:,node,32758,31168,7,
yalahar|loot.oiriz~cemetery.quarter:,node,32765,31162,7,
yalahar|loot.oiriz~cemetery.quarter:,node,32773,31158,7,
yalahar|loot.oiriz~cemetery.quarter:,node,32779,31155,7,
yalahar|loot.oiriz~cemetery.quarter:,node,32779,31151,7,
yalahar|loot.oiriz~cemetery.quarter:,stand,32779,31150,7,
yalahar|loot.oiriz~cemetery.quarter:,stand,32779,31148,6,
yalahar|loot.oiriz~cemetery.quarter:,stand,32778,31146,5,

# --- yalahar|temple~cemetery.quarter: (30 waypoints) ---
yalahar|temple~cemetery.quarter:,node,32785,31270,7,
yalahar|temple~cemetery.quarter:,stand,32784,31269,7,
yalahar|temple~cemetery.quarter:,node,32782,31263,6,
yalahar|temple~cemetery.quarter:,node,32787,31259,6,
yalahar|temple~cemetery.quarter:,node,32794,31258,6,
yalahar|temple~cemetery.quarter:,node,32800,31257,6,
yalahar|temple~cemetery.quarter:,stand,32800,31256,6,
yalahar|temple~cemetery.quarter:,node,32799,31252,7,
yalahar|temple~cemetery.quarter:,node,32791,31254,7,
yalahar|temple~cemetery.quarter:,node,32782,31254,7,
yalahar|temple~cemetery.quarter:,node,32773,31254,7,
yalahar|temple~cemetery.quarter:,node,32766,31248,7,
yalahar|temple~cemetery.quarter:,node,32761,31242,7,
yalahar|temple~cemetery.quarter:,node,32756,31235,7,
yalahar|temple~cemetery.quarter:,node,32752,31228,7,
yalahar|temple~cemetery.quarter:,node,32748,31221,7,
yalahar|temple~cemetery.quarter:,node,32746,31213,7,
yalahar|temple~cemetery.quarter:,node,32744,31204,7,
yalahar|temple~cemetery.quarter:,node,32744,31196,7,
yalahar|temple~cemetery.quarter:,node,32744,31188,7,
yalahar|temple~cemetery.quarter:,node,32747,31181,7,
yalahar|temple~cemetery.quarter:,node,32752,31174,7,
yalahar|temple~cemetery.quarter:,node,32758,31168,7,
yalahar|temple~cemetery.quarter:,node,32765,31162,7,
yalahar|temple~cemetery.quarter:,node,32773,31158,7,
yalahar|temple~cemetery.quarter:,node,32779,31155,7,
yalahar|temple~cemetery.quarter:,node,32779,31151,7,
yalahar|temple~cemetery.quarter:,stand,32779,31150,7,
yalahar|temple~cemetery.quarter:,stand,32779,31148,6,
yalahar|temple~cemetery.quarter:,stand,32778,31146,5,

# --- yalahar|trainers~cemetery.quarter: (26 waypoints) ---
yalahar|trainers~cemetery.quarter:,node,32778,31248,5,
yalahar|trainers~cemetery.quarter:,stand,32777,31247,5,
yalahar|trainers~cemetery.quarter:,node,32781,31249,6,
yalahar|trainers~cemetery.quarter:,node,32785,31249,6,
yalahar|trainers~cemetery.quarter:,stand,32786,31248,6,
yalahar|trainers~cemetery.quarter:,node,32782,31249,7,
yalahar|trainers~cemetery.quarter:,node,32775,31249,7,
yalahar|trainers~cemetery.quarter:,node,32766,31248,7,
yalahar|trainers~cemetery.quarter:,node,32761,31242,7,
yalahar|trainers~cemetery.quarter:,node,32756,31235,7,
yalahar|trainers~cemetery.quarter:,node,32752,31228,7,
yalahar|trainers~cemetery.quarter:,node,32748,31221,7,
yalahar|trainers~cemetery.quarter:,node,32746,31213,7,
yalahar|trainers~cemetery.quarter:,node,32744,31204,7,
yalahar|trainers~cemetery.quarter:,node,32744,31196,7,
yalahar|trainers~cemetery.quarter:,node,32744,31188,7,
yalahar|trainers~cemetery.quarter:,node,32747,31181,7,
yalahar|trainers~cemetery.quarter:,node,32752,31174,7,
yalahar|trainers~cemetery.quarter:,node,32758,31168,7,
yalahar|trainers~cemetery.quarter:,node,32765,31162,7,
yalahar|trainers~cemetery.quarter:,node,32773,31158,7,
yalahar|trainers~cemetery.quarter:,node,32779,31155,7,
yalahar|trainers~cemetery.quarter:,node,32779,31151,7,
yalahar|trainers~cemetery.quarter:,stand,32779,31150,7,
yalahar|trainers~cemetery.quarter:,stand,32779,31148,6,
yalahar|trainers~cemetery.quarter:,stand,32778,31146,5,

# --- yalahar|magician.quarter~cemetery.quarter: (17 waypoints) ---
yalahar|magician.quarter~cemetery.quarter:,node,32834,31142,7,
yalahar|magician.quarter~cemetery.quarter:,stand,32834,31143,7,
yalahar|magician.quarter~cemetery.quarter:,stand,32834,31145,6,
yalahar|magician.quarter~cemetery.quarter:,node,32833,31152,5,
yalahar|magician.quarter~cemetery.quarter:,stand,32833,31153,5,
yalahar|magician.quarter~cemetery.quarter:,stand,32833,31155,6,
yalahar|magician.quarter~cemetery.quarter:,node,32829,31157,7,
yalahar|magician.quarter~cemetery.quarter:,node,32824,31155,7,
yalahar|magician.quarter~cemetery.quarter:,node,32815,31151,7,
yalahar|magician.quarter~cemetery.quarter:,node,32805,31150,7,
yalahar|magician.quarter~cemetery.quarter:,node,32796,31150,7,
yalahar|magician.quarter~cemetery.quarter:,node,32789,31151,7,
yalahar|magician.quarter~cemetery.quarter:,node,32782,31153,7,
yalahar|magician.quarter~cemetery.quarter:,node,32780,31151,7,
yalahar|magician.quarter~cemetery.quarter:,stand,32780,31150,7,
yalahar|magician.quarter~cemetery.quarter:,stand,32780,31148,6,
yalahar|magician.quarter~cemetery.quarter:,stand,32778,31146,5,

# --- yalahar|sunken.quarter~cemetery.quarter: (4 waypoints) ---
yalahar|sunken.quarter~cemetery.quarter:,node,32879,31200,7,
yalahar|sunken.quarter~cemetery.quarter:,stand,32878,31200,7,
yalahar|sunken.quarter~cemetery.quarter:,stand,32876,31200,6,
yalahar|sunken.quarter~cemetery.quarter:,stand,32875,31200,5,

# --- yalahar|factory.quarter~cemetery.quarter: (5 waypoints) ---
yalahar|factory.quarter~cemetery.quarter:,node,32861,31259,7,
yalahar|factory.quarter~cemetery.quarter:,stand,32861,31258,7,
yalahar|factory.quarter~cemetery.quarter:,stand,32858,31255,6,
yalahar|factory.quarter~cemetery.quarter:,node,32855,31252,5,
yalahar|factory.quarter~cemetery.quarter:,stand,32855,31252,5,

# --- yalahar|trade.quarter~cemetery.quarter: (4 waypoints) ---
yalahar|trade.quarter~cemetery.quarter:,node,32835,31273,7,
yalahar|trade.quarter~cemetery.quarter:,stand,32835,31272,7,
yalahar|trade.quarter~cemetery.quarter:,stand,32835,31270,6,
yalahar|trade.quarter~cemetery.quarter:,stand,32835,31269,5,

# --- yalahar|cemetery.quarter~boat: (4 waypoints) ---
yalahar|cemetery.quarter~boat:,node,32776,31136,7,
yalahar|cemetery.quarter~boat:,stand,32776,31137,7,
yalahar|cemetery.quarter~boat:,stand,32776,31139,6,
yalahar|cemetery.quarter~boat:,stand,32776,31140,5,

# --- yalahar|cemetery.quarter~bank: (4 waypoints) ---
yalahar|cemetery.quarter~bank:,node,32777,31136,7,
yalahar|cemetery.quarter~bank:,stand,32777,31137,7,
yalahar|cemetery.quarter~bank:,stand,32777,31139,6,
yalahar|cemetery.quarter~bank:,stand,32777,31140,5,

# --- yalahar|cemetery.quarter~depot: (4 waypoints) ---
yalahar|cemetery.quarter~depot:,node,32776,31136,7,
yalahar|cemetery.quarter~depot:,stand,32776,31137,7,
yalahar|cemetery.quarter~depot:,stand,32776,31139,6,
yalahar|cemetery.quarter~depot:,stand,32776,31140,5,

# --- yalahar|cemetery.quarter~ammo: (4 waypoints) ---
yalahar|cemetery.quarter~ammo:,node,32776,31136,7,
yalahar|cemetery.quarter~ammo:,stand,32776,31137,7,
yalahar|cemetery.quarter~ammo:,stand,32776,31139,6,
yalahar|cemetery.quarter~ammo:,stand,32776,31140,5,

# --- yalahar|cemetery.quarter~runes: (4 waypoints) ---
yalahar|cemetery.quarter~runes:,node,32776,31136,7,
yalahar|cemetery.quarter~runes:,stand,32776,31137,7,
yalahar|cemetery.quarter~runes:,stand,32776,31139,6,
yalahar|cemetery.quarter~runes:,stand,32776,31140,5,

# --- yalahar|cemetery.quarter~potions: (4 waypoints) ---
yalahar|cemetery.quarter~potions:,node,32776,31136,7,
yalahar|cemetery.quarter~potions:,stand,32776,31137,7,
yalahar|cemetery.quarter~potions:,stand,32776,31139,6,
yalahar|cemetery.quarter~potions:,stand,32776,31140,5,

# --- yalahar|cemetery.quarter~food: (4 waypoints) ---
yalahar|cemetery.quarter~food:,node,32777,31136,7,
yalahar|cemetery.quarter~food:,stand,32777,31137,7,
yalahar|cemetery.quarter~food:,stand,32777,31139,6,
yalahar|cemetery.quarter~food:,stand,32777,31140,5,

# --- yalahar|cemetery.quarter~loot.morpel: (4 waypoints) ---
yalahar|cemetery.quarter~loot.morpel:,node,32777,31136,7,
yalahar|cemetery.quarter~loot.morpel:,stand,32777,31137,7,
yalahar|cemetery.quarter~loot.morpel:,stand,32777,31139,6,
yalahar|cemetery.quarter~loot.morpel:,stand,32777,31140,5,

# --- yalahar|cemetery.quarter~loot.oiriz: (4 waypoints) ---
yalahar|cemetery.quarter~loot.oiriz:,node,32776,31136,7,
yalahar|cemetery.quarter~loot.oiriz:,stand,32776,31137,7,
yalahar|cemetery.quarter~loot.oiriz:,stand,32776,31139,6,
yalahar|cemetery.quarter~loot.oiriz:,stand,32776,31140,5,

# --- yalahar|cemetery.quarter~temple: (4 waypoints) ---
yalahar|cemetery.quarter~temple:,node,32776,31136,7,
yalahar|cemetery.quarter~temple:,stand,32776,31137,7,
yalahar|cemetery.quarter~temple:,stand,32776,31139,6,
yalahar|cemetery.quarter~temple:,stand,32776,31140,5,

# --- yalahar|cemetery.quarter~trainers: (4 waypoints) ---
yalahar|cemetery.quarter~trainers:,node,32776,31136,7,
yalahar|cemetery.quarter~trainers:,stand,32776,31137,7,
yalahar|cemetery.quarter~trainers:,stand,32776,31139,6,
yalahar|cemetery.quarter~trainers:,stand,32776,31140,5,

# --- yalahar|cemetery.quarter~magician.quarter: (4 waypoints) ---
yalahar|cemetery.quarter~magician.quarter:,node,32777,31136,7,
yalahar|cemetery.quarter~magician.quarter:,stand,32777,31137,7,
yalahar|cemetery.quarter~magician.quarter:,stand,32777,31139,6,
yalahar|cemetery.quarter~magician.quarter:,stand,32777,31140,5,

# --- yalahar|cemetery.quarter~sunken.quarter: (4 waypoints) ---
yalahar|cemetery.quarter~sunken.quarter:,node,32777,31136,7,
yalahar|cemetery.quarter~sunken.quarter:,stand,32777,31137,7,
yalahar|cemetery.quarter~sunken.quarter:,stand,32777,31139,6,
yalahar|cemetery.quarter~sunken.quarter:,stand,32777,31140,5,

# --- yalahar|cemetery.quarter~factory.quarter: (4 waypoints) ---
yalahar|cemetery.quarter~factory.quarter:,node,32777,31136,7,
yalahar|cemetery.quarter~factory.quarter:,stand,32777,31137,7,
yalahar|cemetery.quarter~factory.quarter:,stand,32777,31139,6,
yalahar|cemetery.quarter~factory.quarter:,stand,32777,31140,5,

# --- yalahar|cemetery.quarter~trade.quarter: (4 waypoints) ---
yalahar|cemetery.quarter~trade.quarter:,node,32777,31136,7,
yalahar|cemetery.quarter~trade.quarter:,stand,32777,31137,7,
yalahar|cemetery.quarter~trade.quarter:,stand,32777,31139,6,
yalahar|cemetery.quarter~trade.quarter:,stand,32777,31140,5,

# --- yalahar|boat~magician.quarter: (27 waypoints) ---
yalahar|boat~magician.quarter:,node,32811,31268,6,
yalahar|boat~magician.quarter:,node,32811,31262,6,
yalahar|boat~magician.quarter:,node,32806,31259,6,
yalahar|boat~magician.quarter:,node,32802,31257,6,
yalahar|boat~magician.quarter:,stand,32802,31256,6,
yalahar|boat~magician.quarter:,node,32809,31254,7,
yalahar|boat~magician.quarter:,node,32818,31254,7,
yalahar|boat~magician.quarter:,node,32827,31254,7,
yalahar|boat~magician.quarter:,node,32836,31253,7,
yalahar|boat~magician.quarter:,node,32841,31249,7,
yalahar|boat~magician.quarter:,node,32847,31242,7,
yalahar|boat~magician.quarter:,node,32853,31235,7,
yalahar|boat~magician.quarter:,node,32857,31228,7,
yalahar|boat~magician.quarter:,node,32858,31218,7,
yalahar|boat~magician.quarter:,node,32859,31208,7,
yalahar|boat~magician.quarter:,node,32859,31198,7,
yalahar|boat~magician.quarter:,node,32858,31189,7,
yalahar|boat~magician.quarter:,node,32855,31180,7,
yalahar|boat~magician.quarter:,node,32848,31172,7,
yalahar|boat~magician.quarter:,node,32842,31166,7,
yalahar|boat~magician.quarter:,node,32836,31161,7,
yalahar|boat~magician.quarter:,node,32834,31156,7,
yalahar|boat~magician.quarter:,stand,32834,31155,7,
yalahar|boat~magician.quarter:,stand,32834,31153,6,
yalahar|boat~magician.quarter:,node,32834,31146,5,
yalahar|boat~magician.quarter:,stand,32834,31145,5,
yalahar|boat~magician.quarter:,stand,32834,31143,6,

# --- yalahar|bank~magician.quarter: (21 waypoints) ---
yalahar|bank~magician.quarter:,node,32830,31249,7,
yalahar|bank~magician.quarter:,node,32835,31249,7,
yalahar|bank~magician.quarter:,node,32840,31248,7,
yalahar|bank~magician.quarter:,node,32847,31242,7,
yalahar|bank~magician.quarter:,node,32853,31235,7,
yalahar|bank~magician.quarter:,node,32853,31235,7,
yalahar|bank~magician.quarter:,node,32857,31228,7,
yalahar|bank~magician.quarter:,node,32858,31218,7,
yalahar|bank~magician.quarter:,node,32859,31208,7,
yalahar|bank~magician.quarter:,node,32859,31198,7,
yalahar|bank~magician.quarter:,node,32858,31189,7,
yalahar|bank~magician.quarter:,node,32855,31180,7,
yalahar|bank~magician.quarter:,node,32848,31172,7,
yalahar|bank~magician.quarter:,node,32842,31166,7,
yalahar|bank~magician.quarter:,node,32836,31161,7,
yalahar|bank~magician.quarter:,node,32834,31156,7,
yalahar|bank~magician.quarter:,stand,32834,31155,7,
yalahar|bank~magician.quarter:,stand,32834,31153,6,
yalahar|bank~magician.quarter:,node,32834,31146,5,
yalahar|bank~magician.quarter:,stand,32834,31145,5,
yalahar|bank~magician.quarter:,stand,32834,31143,6,

# --- yalahar|depot~magician.quarter: (29 waypoints) ---
yalahar|depot~magician.quarter:,node,32798,31247,7,
yalahar|depot~magician.quarter:,stand,32797,31246,7,
yalahar|depot~magician.quarter:,node,32778,31248,5,
yalahar|depot~magician.quarter:,stand,32777,31247,5,
yalahar|depot~magician.quarter:,node,32796,31246,6,
yalahar|depot~magician.quarter:,stand,32797,31246,6,
yalahar|depot~magician.quarter:,node,32803,31251,7,
yalahar|depot~magician.quarter:,node,32809,31254,7,
yalahar|depot~magician.quarter:,node,32818,31254,7,
yalahar|depot~magician.quarter:,node,32827,31254,7,
yalahar|depot~magician.quarter:,node,32836,31253,7,
yalahar|depot~magician.quarter:,node,32841,31249,7,
yalahar|depot~magician.quarter:,node,32847,31242,7,
yalahar|depot~magician.quarter:,node,32853,31235,7,
yalahar|depot~magician.quarter:,node,32857,31228,7,
yalahar|depot~magician.quarter:,node,32858,31218,7,
yalahar|depot~magician.quarter:,node,32859,31208,7,
yalahar|depot~magician.quarter:,node,32859,31198,7,
yalahar|depot~magician.quarter:,node,32858,31189,7,
yalahar|depot~magician.quarter:,node,32855,31180,7,
yalahar|depot~magician.quarter:,node,32848,31172,7,
yalahar|depot~magician.quarter:,node,32842,31166,7,
yalahar|depot~magician.quarter:,node,32836,31161,7,
yalahar|depot~magician.quarter:,node,32834,31156,7,
yalahar|depot~magician.quarter:,stand,32834,31155,7,
yalahar|depot~magician.quarter:,stand,32834,31153,6,
yalahar|depot~magician.quarter:,node,32834,31146,5,
yalahar|depot~magician.quarter:,stand,32834,31145,5,
yalahar|depot~magician.quarter:,stand,32834,31143,6,

# --- yalahar|ammo~magician.quarter: (30 waypoints) ---
yalahar|ammo~magician.quarter:,stand,32789,31239,3,
yalahar|ammo~magician.quarter:,stand,32790,31239,4,
yalahar|ammo~magician.quarter:,stand,32789,31239,5,
yalahar|ammo~magician.quarter:,stand,32790,31239,6,
yalahar|ammo~magician.quarter:,node,32790,31233,7,
yalahar|ammo~magician.quarter:,node,32799,31233,7,
yalahar|ammo~magician.quarter:,node,32807,31233,7,
yalahar|ammo~magician.quarter:,node,32816,31233,7,
yalahar|ammo~magician.quarter:,node,32825,31233,7,
yalahar|ammo~magician.quarter:,node,32830,31238,7,
yalahar|ammo~magician.quarter:,node,32832,31244,7,
yalahar|ammo~magician.quarter:,node,32835,31249,7,
yalahar|ammo~magician.quarter:,node,32840,31248,7,
yalahar|ammo~magician.quarter:,node,32847,31242,7,
yalahar|ammo~magician.quarter:,node,32853,31235,7,
yalahar|ammo~magician.quarter:,node,32857,31228,7,
yalahar|ammo~magician.quarter:,node,32858,31218,7,
yalahar|ammo~magician.quarter:,node,32859,31208,7,
yalahar|ammo~magician.quarter:,node,32859,31198,7,
yalahar|ammo~magician.quarter:,node,32858,31189,7,
yalahar|ammo~magician.quarter:,node,32855,31180,7,
yalahar|ammo~magician.quarter:,node,32848,31172,7,
yalahar|ammo~magician.quarter:,node,32842,31166,7,
yalahar|ammo~magician.quarter:,node,32836,31161,7,
yalahar|ammo~magician.quarter:,node,32834,31156,7,
yalahar|ammo~magician.quarter:,stand,32834,31155,7,
yalahar|ammo~magician.quarter:,stand,32834,31153,6,
yalahar|ammo~magician.quarter:,node,32834,31146,5,
yalahar|ammo~magician.quarter:,stand,32834,31145,5,
yalahar|ammo~magician.quarter:,stand,32834,31143,6,

# --- yalahar|runes~magician.quarter: (28 waypoints) ---
yalahar|runes~magician.quarter:,stand,32789,31239,5,
yalahar|runes~magician.quarter:,stand,32790,31239,6,
yalahar|runes~magician.quarter:,node,32790,31233,7,
yalahar|runes~magician.quarter:,node,32799,31233,7,
yalahar|runes~magician.quarter:,node,32807,31233,7,
yalahar|runes~magician.quarter:,node,32816,31233,7,
yalahar|runes~magician.quarter:,node,32825,31233,7,
yalahar|runes~magician.quarter:,node,32830,31238,7,
yalahar|runes~magician.quarter:,node,32832,31244,7,
yalahar|runes~magician.quarter:,node,32835,31249,7,
yalahar|runes~magician.quarter:,node,32840,31248,7,
yalahar|runes~magician.quarter:,node,32847,31242,7,
yalahar|runes~magician.quarter:,node,32853,31235,7,
yalahar|runes~magician.quarter:,node,32857,31228,7,
yalahar|runes~magician.quarter:,node,32858,31218,7,
yalahar|runes~magician.quarter:,node,32859,31208,7,
yalahar|runes~magician.quarter:,node,32859,31198,7,
yalahar|runes~magician.quarter:,node,32858,31189,7,
yalahar|runes~magician.quarter:,node,32855,31180,7,
yalahar|runes~magician.quarter:,node,32848,31172,7,
yalahar|runes~magician.quarter:,node,32842,31166,7,
yalahar|runes~magician.quarter:,node,32836,31161,7,
yalahar|runes~magician.quarter:,node,32834,31156,7,
yalahar|runes~magician.quarter:,stand,32834,31155,7,
yalahar|runes~magician.quarter:,stand,32834,31153,6,
yalahar|runes~magician.quarter:,node,32834,31146,5,
yalahar|runes~magician.quarter:,stand,32834,31145,5,
yalahar|runes~magician.quarter:,stand,32834,31143,6,

# --- yalahar|potions~magician.quarter: (28 waypoints) ---
yalahar|potions~magician.quarter:,stand,32789,31239,5,
yalahar|potions~magician.quarter:,stand,32790,31239,6,
yalahar|potions~magician.quarter:,node,32790,31233,7,
yalahar|potions~magician.quarter:,node,32799,31233,7,
yalahar|potions~magician.quarter:,node,32807,31233,7,
yalahar|potions~magician.quarter:,node,32816,31233,7,
yalahar|potions~magician.quarter:,node,32825,31233,7,
yalahar|potions~magician.quarter:,node,32830,31238,7,
yalahar|potions~magician.quarter:,node,32832,31244,7,
yalahar|potions~magician.quarter:,node,32835,31249,7,
yalahar|potions~magician.quarter:,node,32840,31248,7,
yalahar|potions~magician.quarter:,node,32847,31242,7,
yalahar|potions~magician.quarter:,node,32853,31235,7,
yalahar|potions~magician.quarter:,node,32857,31228,7,
yalahar|potions~magician.quarter:,node,32858,31218,7,
yalahar|potions~magician.quarter:,node,32859,31208,7,
yalahar|potions~magician.quarter:,node,32859,31198,7,
yalahar|potions~magician.quarter:,node,32858,31189,7,
yalahar|potions~magician.quarter:,node,32855,31180,7,
yalahar|potions~magician.quarter:,node,32848,31172,7,
yalahar|potions~magician.quarter:,node,32842,31166,7,
yalahar|potions~magician.quarter:,node,32836,31161,7,
yalahar|potions~magician.quarter:,node,32834,31156,7,
yalahar|potions~magician.quarter:,stand,32834,31155,7,
yalahar|potions~magician.quarter:,stand,32834,31153,6,
yalahar|potions~magician.quarter:,node,32834,31146,5,
yalahar|potions~magician.quarter:,stand,32834,31145,5,
yalahar|potions~magician.quarter:,stand,32834,31143,6,

# --- yalahar|food~magician.quarter: (13 waypoints) ---
yalahar|food~magician.quarter:,node,32859,31208,7,
yalahar|food~magician.quarter:,node,32859,31198,7,
yalahar|food~magician.quarter:,node,32858,31189,7,
yalahar|food~magician.quarter:,node,32855,31180,7,
yalahar|food~magician.quarter:,node,32848,31172,7,
yalahar|food~magician.quarter:,node,32842,31166,7,
yalahar|food~magician.quarter:,node,32836,31161,7,
yalahar|food~magician.quarter:,node,32834,31156,7,
yalahar|food~magician.quarter:,stand,32834,31155,7,
yalahar|food~magician.quarter:,stand,32834,31153,6,
yalahar|food~magician.quarter:,node,32834,31146,5,
yalahar|food~magician.quarter:,stand,32834,31145,5,
yalahar|food~magician.quarter:,stand,32834,31143,6,

# --- yalahar|loot.morpel~magician.quarter: (21 waypoints) ---
yalahar|loot.morpel~magician.quarter:,node,32830,31240,7,
yalahar|loot.morpel~magician.quarter:,node,32832,31244,7,
yalahar|loot.morpel~magician.quarter:,node,32835,31249,7,
yalahar|loot.morpel~magician.quarter:,node,32840,31248,7,
yalahar|loot.morpel~magician.quarter:,node,32847,31242,7,
yalahar|loot.morpel~magician.quarter:,node,32853,31235,7,
yalahar|loot.morpel~magician.quarter:,node,32857,31228,7,
yalahar|loot.morpel~magician.quarter:,node,32858,31218,7,
yalahar|loot.morpel~magician.quarter:,node,32859,31208,7,
yalahar|loot.morpel~magician.quarter:,node,32859,31198,7,
yalahar|loot.morpel~magician.quarter:,node,32858,31189,7,
yalahar|loot.morpel~magician.quarter:,node,32855,31180,7,
yalahar|loot.morpel~magician.quarter:,node,32848,31172,7,
yalahar|loot.morpel~magician.quarter:,node,32842,31166,7,
yalahar|loot.morpel~magician.quarter:,node,32836,31161,7,
yalahar|loot.morpel~magician.quarter:,node,32834,31156,7,
yalahar|loot.morpel~magician.quarter:,stand,32834,31155,7,
yalahar|loot.morpel~magician.quarter:,stand,32834,31153,6,
yalahar|loot.morpel~magician.quarter:,node,32834,31146,5,
yalahar|loot.morpel~magician.quarter:,stand,32834,31145,5,
yalahar|loot.morpel~magician.quarter:,stand,32834,31143,6,

# --- yalahar|loot.oiriz~magician.quarter: (26 waypoints) ---
yalahar|loot.oiriz~magician.quarter:,node,32790,31233,7,
yalahar|loot.oiriz~magician.quarter:,node,32799,31233,7,
yalahar|loot.oiriz~magician.quarter:,node,32807,31233,7,
yalahar|loot.oiriz~magician.quarter:,node,32816,31233,7,
yalahar|loot.oiriz~magician.quarter:,node,32825,31233,7,
yalahar|loot.oiriz~magician.quarter:,node,32830,31238,7,
yalahar|loot.oiriz~magician.quarter:,node,32832,31244,7,
yalahar|loot.oiriz~magician.quarter:,node,32835,31249,7,
yalahar|loot.oiriz~magician.quarter:,node,32840,31248,7,
yalahar|loot.oiriz~magician.quarter:,node,32847,31242,7,
yalahar|loot.oiriz~magician.quarter:,node,32853,31235,7,
yalahar|loot.oiriz~magician.quarter:,node,32857,31228,7,
yalahar|loot.oiriz~magician.quarter:,node,32858,31218,7,
yalahar|loot.oiriz~magician.quarter:,node,32859,31208,7,
yalahar|loot.oiriz~magician.quarter:,node,32859,31198,7,
yalahar|loot.oiriz~magician.quarter:,node,32858,31189,7,
yalahar|loot.oiriz~magician.quarter:,node,32855,31180,7,
yalahar|loot.oiriz~magician.quarter:,node,32848,31172,7,
yalahar|loot.oiriz~magician.quarter:,node,32842,31166,7,
yalahar|loot.oiriz~magician.quarter:,node,32836,31161,7,
yalahar|loot.oiriz~magician.quarter:,node,32834,31156,7,
yalahar|loot.oiriz~magician.quarter:,stand,32834,31155,7,
yalahar|loot.oiriz~magician.quarter:,stand,32834,31153,6,
yalahar|loot.oiriz~magician.quarter:,node,32834,31146,5,
yalahar|loot.oiriz~magician.quarter:,stand,32834,31145,5,
yalahar|loot.oiriz~magician.quarter:,stand,32834,31143,6,

# --- yalahar|temple~magician.quarter: (29 waypoints) ---
yalahar|temple~magician.quarter:,node,32785,31270,7,
yalahar|temple~magician.quarter:,stand,32784,31269,7,
yalahar|temple~magician.quarter:,node,32782,31264,6,
yalahar|temple~magician.quarter:,node,32785,31259,6,
yalahar|temple~magician.quarter:,node,32793,31259,6,
yalahar|temple~magician.quarter:,node,32800,31257,6,
yalahar|temple~magician.quarter:,stand,32800,31256,6,
yalahar|temple~magician.quarter:,node,32809,31254,7,
yalahar|temple~magician.quarter:,node,32818,31254,7,
yalahar|temple~magician.quarter:,node,32827,31254,7,
yalahar|temple~magician.quarter:,node,32836,31253,7,
yalahar|temple~magician.quarter:,node,32841,31249,7,
yalahar|temple~magician.quarter:,node,32847,31242,7,
yalahar|temple~magician.quarter:,node,32853,31235,7,
yalahar|temple~magician.quarter:,node,32857,31228,7,
yalahar|temple~magician.quarter:,node,32858,31218,7,
yalahar|temple~magician.quarter:,node,32859,31208,7,
yalahar|temple~magician.quarter:,node,32859,31198,7,
yalahar|temple~magician.quarter:,node,32858,31189,7,
yalahar|temple~magician.quarter:,node,32855,31180,7,
yalahar|temple~magician.quarter:,node,32848,31172,7,
yalahar|temple~magician.quarter:,node,32842,31166,7,
yalahar|temple~magician.quarter:,node,32836,31161,7,
yalahar|temple~magician.quarter:,node,32834,31156,7,
yalahar|temple~magician.quarter:,stand,32834,31155,7,
yalahar|temple~magician.quarter:,stand,32834,31153,6,
yalahar|temple~magician.quarter:,node,32834,31146,5,
yalahar|temple~magician.quarter:,stand,32834,31145,5,
yalahar|temple~magician.quarter:,stand,32834,31143,6,

# --- yalahar|trainers~magician.quarter: (30 waypoints) ---
yalahar|trainers~magician.quarter:,node,32778,31248,5,
yalahar|trainers~magician.quarter:,stand,32777,31247,5,
yalahar|trainers~magician.quarter:,node,32781,31249,6,
yalahar|trainers~magician.quarter:,node,32785,31249,6,
yalahar|trainers~magician.quarter:,stand,32786,31248,6,
yalahar|trainers~magician.quarter:,node,32792,31249,7,
yalahar|trainers~magician.quarter:,node,32798,31249,7,
yalahar|trainers~magician.quarter:,node,32803,31251,7,
yalahar|trainers~magician.quarter:,node,32809,31254,7,
yalahar|trainers~magician.quarter:,node,32818,31254,7,
yalahar|trainers~magician.quarter:,node,32827,31254,7,
yalahar|trainers~magician.quarter:,node,32836,31253,7,
yalahar|trainers~magician.quarter:,node,32841,31249,7,
yalahar|trainers~magician.quarter:,node,32847,31242,7,
yalahar|trainers~magician.quarter:,node,32853,31235,7,
yalahar|trainers~magician.quarter:,node,32857,31228,7,
yalahar|trainers~magician.quarter:,node,32858,31218,7,
yalahar|trainers~magician.quarter:,node,32859,31208,7,
yalahar|trainers~magician.quarter:,node,32859,31198,7,
yalahar|trainers~magician.quarter:,node,32858,31189,7,
yalahar|trainers~magician.quarter:,node,32855,31180,7,
yalahar|trainers~magician.quarter:,node,32848,31172,7,
yalahar|trainers~magician.quarter:,node,32842,31166,7,
yalahar|trainers~magician.quarter:,node,32836,31161,7,
yalahar|trainers~magician.quarter:,node,32834,31156,7,
yalahar|trainers~magician.quarter:,stand,32834,31155,7,
yalahar|trainers~magician.quarter:,stand,32834,31153,6,
yalahar|trainers~magician.quarter:,node,32834,31146,5,
yalahar|trainers~magician.quarter:,stand,32834,31145,5,
yalahar|trainers~magician.quarter:,stand,32834,31143,6,

# --- yalahar|sunken.quarter~magician.quarter: (4 waypoints) ---
yalahar|sunken.quarter~magician.quarter:,node,32879,31200,7,
yalahar|sunken.quarter~magician.quarter:,stand,32878,31200,7,
yalahar|sunken.quarter~magician.quarter:,stand,32876,31200,6,
yalahar|sunken.quarter~magician.quarter:,stand,32875,31200,5,

# --- yalahar|factory.quarter~magician.quarter: (5 waypoints) ---
yalahar|factory.quarter~magician.quarter:,node,32861,31259,7,
yalahar|factory.quarter~magician.quarter:,stand,32861,31258,7,
yalahar|factory.quarter~magician.quarter:,stand,32858,31255,6,
yalahar|factory.quarter~magician.quarter:,node,32855,31252,5,
yalahar|factory.quarter~magician.quarter:,stand,32855,31252,5,

# --- yalahar|trade.quarter~magician.quarter: (4 waypoints) ---
yalahar|trade.quarter~magician.quarter:,node,32835,31273,7,
yalahar|trade.quarter~magician.quarter:,stand,32835,31272,7,
yalahar|trade.quarter~magician.quarter:,stand,32835,31270,6,
yalahar|trade.quarter~magician.quarter:,stand,32834,31269,5,

# --- yalahar|magician.quarter~boat: (30 waypoints) ---
yalahar|magician.quarter~boat:,node,32834,31142,7,
yalahar|magician.quarter~boat:,stand,32834,31143,7,
yalahar|magician.quarter~boat:,stand,32834,31145,6,
yalahar|magician.quarter~boat:,node,32834,31152,5,
yalahar|magician.quarter~boat:,stand,32834,31153,5,
yalahar|magician.quarter~boat:,stand,32834,31155,6,
yalahar|magician.quarter~boat:,node,32838,31163,7,
yalahar|magician.quarter~boat:,node,32845,31169,7,
yalahar|magician.quarter~boat:,node,32852,31176,7,
yalahar|magician.quarter~boat:,node,32856,31182,7,
yalahar|magician.quarter~boat:,node,32858,31190,7,
yalahar|magician.quarter~boat:,node,32860,31198,7,
yalahar|magician.quarter~boat:,node,32860,31207,7,
yalahar|magician.quarter~boat:,node,32860,31216,7,
yalahar|magician.quarter~boat:,node,32858,31224,7,
yalahar|magician.quarter~boat:,node,32855,31232,7,
yalahar|magician.quarter~boat:,node,32850,31239,7,
yalahar|magician.quarter~boat:,node,32844,31246,7,
yalahar|magician.quarter~boat:,node,32839,31252,7,
yalahar|magician.quarter~boat:,node,32830,31254,7,
yalahar|magician.quarter~boat:,node,32821,31255,7,
yalahar|magician.quarter~boat:,node,32812,31255,7,
yalahar|magician.quarter~boat:,node,32804,31255,7,
yalahar|magician.quarter~boat:,stand,32803,31255,7,
yalahar|magician.quarter~boat:,node,32809,31259,6,
yalahar|magician.quarter~boat:,node,32811,31268,6,
yalahar|magician.quarter~boat:,node,32817,31274,6,
yalahar|magician.quarter~boat:,door,32817,31275,6,
yalahar|magician.quarter~boat:,ladder,32815,31277,6,
yalahar|magician.quarter~boat:,stand,32815,31278,5,

# --- yalahar|magician.quarter~bank: (22 waypoints) ---
yalahar|magician.quarter~bank:,node,32834,31142,7,
yalahar|magician.quarter~bank:,stand,32834,31143,7,
yalahar|magician.quarter~bank:,stand,32834,31145,6,
yalahar|magician.quarter~bank:,node,32834,31152,5,
yalahar|magician.quarter~bank:,stand,32834,31153,5,
yalahar|magician.quarter~bank:,stand,32834,31155,6,
yalahar|magician.quarter~bank:,node,32838,31163,7,
yalahar|magician.quarter~bank:,node,32845,31169,7,
yalahar|magician.quarter~bank:,node,32852,31176,7,
yalahar|magician.quarter~bank:,node,32856,31182,7,
yalahar|magician.quarter~bank:,node,32858,31190,7,
yalahar|magician.quarter~bank:,node,32860,31198,7,
yalahar|magician.quarter~bank:,node,32860,31207,7,
yalahar|magician.quarter~bank:,node,32860,31216,7,
yalahar|magician.quarter~bank:,node,32858,31224,7,
yalahar|magician.quarter~bank:,node,32855,31232,7,
yalahar|magician.quarter~bank:,node,32850,31239,7,
yalahar|magician.quarter~bank:,node,32844,31246,7,
yalahar|magician.quarter~bank:,node,32838,31249,7,
yalahar|magician.quarter~bank:,node,32831,31249,7,
yalahar|magician.quarter~bank:,node,32824,31249,7,
yalahar|magician.quarter~bank:,stand,32824,31249,7,

# --- yalahar|magician.quarter~depot: (27 waypoints) ---
yalahar|magician.quarter~depot:,node,32834,31142,7,
yalahar|magician.quarter~depot:,stand,32834,31143,7,
yalahar|magician.quarter~depot:,stand,32834,31145,6,
yalahar|magician.quarter~depot:,node,32834,31152,5,
yalahar|magician.quarter~depot:,stand,32834,31153,5,
yalahar|magician.quarter~depot:,stand,32834,31155,6,
yalahar|magician.quarter~depot:,node,32838,31163,7,
yalahar|magician.quarter~depot:,node,32845,31169,7,
yalahar|magician.quarter~depot:,node,32852,31176,7,
yalahar|magician.quarter~depot:,node,32856,31182,7,
yalahar|magician.quarter~depot:,node,32858,31190,7,
yalahar|magician.quarter~depot:,node,32860,31198,7,
yalahar|magician.quarter~depot:,node,32860,31207,7,
yalahar|magician.quarter~depot:,node,32860,31216,7,
yalahar|magician.quarter~depot:,node,32858,31224,7,
yalahar|magician.quarter~depot:,node,32855,31232,7,
yalahar|magician.quarter~depot:,node,32850,31239,7,
yalahar|magician.quarter~depot:,node,32844,31246,7,
yalahar|magician.quarter~depot:,node,32839,31252,7,
yalahar|magician.quarter~depot:,node,32830,31254,7,
yalahar|magician.quarter~depot:,node,32821,31254,7,
yalahar|magician.quarter~depot:,node,32812,31254,7,
yalahar|magician.quarter~depot:,node,32805,31254,7,
yalahar|magician.quarter~depot:,node,32801,31250,7,
yalahar|magician.quarter~depot:,node,32798,31247,7,
yalahar|magician.quarter~depot:,node,32797,31248,7,
yalahar|magician.quarter~depot:,node,32791,31247,7,

# --- yalahar|magician.quarter~ammo: (32 waypoints) ---
yalahar|magician.quarter~ammo:,node,32834,31142,7,
yalahar|magician.quarter~ammo:,stand,32834,31143,7,
yalahar|magician.quarter~ammo:,stand,32834,31145,6,
yalahar|magician.quarter~ammo:,node,32834,31152,5,
yalahar|magician.quarter~ammo:,stand,32834,31153,5,
yalahar|magician.quarter~ammo:,stand,32834,31155,6,
yalahar|magician.quarter~ammo:,node,32838,31163,7,
yalahar|magician.quarter~ammo:,node,32845,31169,7,
yalahar|magician.quarter~ammo:,node,32852,31176,7,
yalahar|magician.quarter~ammo:,node,32856,31182,7,
yalahar|magician.quarter~ammo:,node,32858,31190,7,
yalahar|magician.quarter~ammo:,node,32860,31198,7,
yalahar|magician.quarter~ammo:,node,32860,31207,7,
yalahar|magician.quarter~ammo:,node,32860,31216,7,
yalahar|magician.quarter~ammo:,node,32858,31224,7,
yalahar|magician.quarter~ammo:,node,32855,31232,7,
yalahar|magician.quarter~ammo:,node,32850,31239,7,
yalahar|magician.quarter~ammo:,node,32844,31246,7,
yalahar|magician.quarter~ammo:,node,32838,31249,7,
yalahar|magician.quarter~ammo:,node,32832,31247,7,
yalahar|magician.quarter~ammo:,node,32831,31240,7,
yalahar|magician.quarter~ammo:,node,32829,31234,7,
yalahar|magician.quarter~ammo:,node,32820,31234,7,
yalahar|magician.quarter~ammo:,node,32810,31234,7,
yalahar|magician.quarter~ammo:,node,32800,31234,7,
yalahar|magician.quarter~ammo:,node,32790,31233,7,
yalahar|magician.quarter~ammo:,node,32790,31238,7,
yalahar|magician.quarter~ammo:,stand,32790,31239,7,
yalahar|magician.quarter~ammo:,stand,32789,31239,6,
yalahar|magician.quarter~ammo:,stand,32790,31239,5,
yalahar|magician.quarter~ammo:,stand,32789,31239,4,
yalahar|magician.quarter~ammo:,stand,32789,31238,3,

# --- yalahar|magician.quarter~runes: (30 waypoints) ---
yalahar|magician.quarter~runes:,node,32834,31142,7,
yalahar|magician.quarter~runes:,stand,32834,31143,7,
yalahar|magician.quarter~runes:,stand,32834,31145,6,
yalahar|magician.quarter~runes:,node,32834,31152,5,
yalahar|magician.quarter~runes:,stand,32834,31153,5,
yalahar|magician.quarter~runes:,stand,32834,31155,6,
yalahar|magician.quarter~runes:,node,32838,31163,7,
yalahar|magician.quarter~runes:,node,32845,31169,7,
yalahar|magician.quarter~runes:,node,32852,31176,7,
yalahar|magician.quarter~runes:,node,32856,31182,7,
yalahar|magician.quarter~runes:,node,32858,31190,7,
yalahar|magician.quarter~runes:,node,32860,31198,7,
yalahar|magician.quarter~runes:,node,32860,31207,7,
yalahar|magician.quarter~runes:,node,32860,31216,7,
yalahar|magician.quarter~runes:,node,32858,31224,7,
yalahar|magician.quarter~runes:,node,32855,31232,7,
yalahar|magician.quarter~runes:,node,32850,31239,7,
yalahar|magician.quarter~runes:,node,32844,31246,7,
yalahar|magician.quarter~runes:,node,32838,31249,7,
yalahar|magician.quarter~runes:,node,32832,31247,7,
yalahar|magician.quarter~runes:,node,32831,31240,7,
yalahar|magician.quarter~runes:,node,32829,31234,7,
yalahar|magician.quarter~runes:,node,32820,31234,7,
yalahar|magician.quarter~runes:,node,32810,31234,7,
yalahar|magician.quarter~runes:,node,32800,31234,7,
yalahar|magician.quarter~runes:,node,32790,31233,7,
yalahar|magician.quarter~runes:,node,32790,31238,7,
yalahar|magician.quarter~runes:,stand,32790,31239,7,
yalahar|magician.quarter~runes:,stand,32789,31239,6,
yalahar|magician.quarter~runes:,stand,32789,31238,5,

# --- yalahar|magician.quarter~potions: (30 waypoints) ---
yalahar|magician.quarter~potions:,node,32834,31142,7,
yalahar|magician.quarter~potions:,stand,32834,31143,7,
yalahar|magician.quarter~potions:,stand,32834,31145,6,
yalahar|magician.quarter~potions:,node,32834,31152,5,
yalahar|magician.quarter~potions:,stand,32834,31153,5,
yalahar|magician.quarter~potions:,stand,32834,31155,6,
yalahar|magician.quarter~potions:,node,32838,31163,7,
yalahar|magician.quarter~potions:,node,32845,31169,7,
yalahar|magician.quarter~potions:,node,32852,31176,7,
yalahar|magician.quarter~potions:,node,32856,31182,7,
yalahar|magician.quarter~potions:,node,32858,31190,7,
yalahar|magician.quarter~potions:,node,32860,31198,7,
yalahar|magician.quarter~potions:,node,32860,31207,7,
yalahar|magician.quarter~potions:,node,32860,31216,7,
yalahar|magician.quarter~potions:,node,32858,31224,7,
yalahar|magician.quarter~potions:,node,32855,31232,7,
yalahar|magician.quarter~potions:,node,32850,31239,7,
yalahar|magician.quarter~potions:,node,32844,31246,7,
yalahar|magician.quarter~potions:,node,32838,31249,7,
yalahar|magician.quarter~potions:,node,32832,31247,7,
yalahar|magician.quarter~potions:,node,32831,31240,7,
yalahar|magician.quarter~potions:,node,32829,31234,7,
yalahar|magician.quarter~potions:,node,32820,31234,7,
yalahar|magician.quarter~potions:,node,32810,31234,7,
yalahar|magician.quarter~potions:,node,32800,31234,7,
yalahar|magician.quarter~potions:,node,32790,31233,7,
yalahar|magician.quarter~potions:,node,32790,31238,7,
yalahar|magician.quarter~potions:,stand,32790,31239,7,
yalahar|magician.quarter~potions:,stand,32789,31239,6,
yalahar|magician.quarter~potions:,stand,32789,31238,5,

# --- yalahar|magician.quarter~food: (15 waypoints) ---
yalahar|magician.quarter~food:,node,32834,31142,7,
yalahar|magician.quarter~food:,stand,32834,31143,7,
yalahar|magician.quarter~food:,stand,32834,31145,6,
yalahar|magician.quarter~food:,node,32834,31152,5,
yalahar|magician.quarter~food:,stand,32834,31153,5,
yalahar|magician.quarter~food:,stand,32834,31155,6,
yalahar|magician.quarter~food:,node,32838,31163,7,
yalahar|magician.quarter~food:,node,32845,31169,7,
yalahar|magician.quarter~food:,node,32852,31176,7,
yalahar|magician.quarter~food:,node,32856,31182,7,
yalahar|magician.quarter~food:,node,32858,31190,7,
yalahar|magician.quarter~food:,node,32860,31198,7,
yalahar|magician.quarter~food:,node,32860,31207,7,
yalahar|magician.quarter~food:,node,32854,31209,7,
yalahar|magician.quarter~food:,stand,32854,31209,7,

# --- yalahar|magician.quarter~loot.morpel: (23 waypoints) ---
yalahar|magician.quarter~loot.morpel:,node,32834,31142,7,
yalahar|magician.quarter~loot.morpel:,stand,32834,31143,7,
yalahar|magician.quarter~loot.morpel:,stand,32834,31145,6,
yalahar|magician.quarter~loot.morpel:,node,32834,31152,5,
yalahar|magician.quarter~loot.morpel:,stand,32834,31153,5,
yalahar|magician.quarter~loot.morpel:,stand,32834,31155,6,
yalahar|magician.quarter~loot.morpel:,node,32838,31163,7,
yalahar|magician.quarter~loot.morpel:,node,32845,31169,7,
yalahar|magician.quarter~loot.morpel:,node,32852,31176,7,
yalahar|magician.quarter~loot.morpel:,node,32856,31182,7,
yalahar|magician.quarter~loot.morpel:,node,32858,31190,7,
yalahar|magician.quarter~loot.morpel:,node,32860,31198,7,
yalahar|magician.quarter~loot.morpel:,node,32860,31207,7,
yalahar|magician.quarter~loot.morpel:,node,32860,31216,7,
yalahar|magician.quarter~loot.morpel:,node,32858,31224,7,
yalahar|magician.quarter~loot.morpel:,node,32855,31232,7,
yalahar|magician.quarter~loot.morpel:,node,32850,31239,7,
yalahar|magician.quarter~loot.morpel:,node,32844,31246,7,
yalahar|magician.quarter~loot.morpel:,node,32838,31249,7,
yalahar|magician.quarter~loot.morpel:,node,32832,31247,7,
yalahar|magician.quarter~loot.morpel:,node,32830,31240,7,
yalahar|magician.quarter~loot.morpel:,node,32824,31240,7,
yalahar|magician.quarter~loot.morpel:,stand,32824,31240,7,

# --- yalahar|magician.quarter~loot.oiriz: (28 waypoints) ---
yalahar|magician.quarter~loot.oiriz:,node,32834,31142,7,
yalahar|magician.quarter~loot.oiriz:,stand,32834,31143,7,
yalahar|magician.quarter~loot.oiriz:,stand,32834,31145,6,
yalahar|magician.quarter~loot.oiriz:,node,32834,31152,5,
yalahar|magician.quarter~loot.oiriz:,stand,32834,31153,5,
yalahar|magician.quarter~loot.oiriz:,stand,32834,31155,6,
yalahar|magician.quarter~loot.oiriz:,node,32838,31163,7,
yalahar|magician.quarter~loot.oiriz:,node,32845,31169,7,
yalahar|magician.quarter~loot.oiriz:,node,32852,31176,7,
yalahar|magician.quarter~loot.oiriz:,node,32856,31182,7,
yalahar|magician.quarter~loot.oiriz:,node,32858,31190,7,
yalahar|magician.quarter~loot.oiriz:,node,32860,31198,7,
yalahar|magician.quarter~loot.oiriz:,node,32860,31207,7,
yalahar|magician.quarter~loot.oiriz:,node,32860,31216,7,
yalahar|magician.quarter~loot.oiriz:,node,32858,31224,7,
yalahar|magician.quarter~loot.oiriz:,node,32855,31232,7,
yalahar|magician.quarter~loot.oiriz:,node,32850,31239,7,
yalahar|magician.quarter~loot.oiriz:,node,32844,31246,7,
yalahar|magician.quarter~loot.oiriz:,node,32838,31249,7,
yalahar|magician.quarter~loot.oiriz:,node,32832,31247,7,
yalahar|magician.quarter~loot.oiriz:,node,32831,31240,7,
yalahar|magician.quarter~loot.oiriz:,node,32829,31234,7,
yalahar|magician.quarter~loot.oiriz:,node,32820,31234,7,
yalahar|magician.quarter~loot.oiriz:,node,32810,31234,7,
yalahar|magician.quarter~loot.oiriz:,node,32800,31234,7,
yalahar|magician.quarter~loot.oiriz:,node,32790,31233,7,
yalahar|magician.quarter~loot.oiriz:,node,32789,31237,7,
yalahar|magician.quarter~loot.oiriz:,stand,32789,31237,7,

# --- yalahar|magician.quarter~temple: (31 waypoints) ---
yalahar|magician.quarter~temple:,node,32834,31142,7,
yalahar|magician.quarter~temple:,stand,32834,31143,7,
yalahar|magician.quarter~temple:,stand,32834,31145,6,
yalahar|magician.quarter~temple:,node,32834,31152,5,
yalahar|magician.quarter~temple:,stand,32834,31153,5,
yalahar|magician.quarter~temple:,stand,32834,31155,6,
yalahar|magician.quarter~temple:,node,32838,31163,7,
yalahar|magician.quarter~temple:,node,32845,31169,7,
yalahar|magician.quarter~temple:,node,32852,31176,7,
yalahar|magician.quarter~temple:,node,32856,31182,7,
yalahar|magician.quarter~temple:,node,32858,31190,7,
yalahar|magician.quarter~temple:,node,32860,31198,7,
yalahar|magician.quarter~temple:,node,32860,31207,7,
yalahar|magician.quarter~temple:,node,32860,31216,7,
yalahar|magician.quarter~temple:,node,32858,31224,7,
yalahar|magician.quarter~temple:,node,32855,31232,7,
yalahar|magician.quarter~temple:,node,32850,31239,7,
yalahar|magician.quarter~temple:,node,32844,31246,7,
yalahar|magician.quarter~temple:,node,32839,31252,7,
yalahar|magician.quarter~temple:,node,32830,31254,7,
yalahar|magician.quarter~temple:,node,32821,31255,7,
yalahar|magician.quarter~temple:,node,32812,31255,7,
yalahar|magician.quarter~temple:,node,32804,31255,7,
yalahar|magician.quarter~temple:,stand,32803,31255,7,
yalahar|magician.quarter~temple:,node,32798,31258,6,
yalahar|magician.quarter~temple:,node,32788,31259,6,
yalahar|magician.quarter~temple:,node,32782,31262,6,
yalahar|magician.quarter~temple:,node,32783,31268,6,
yalahar|magician.quarter~temple:,stand,32784,31269,6,
yalahar|magician.quarter~temple:,node,32787,31275,7,
yalahar|magician.quarter~temple:,stand,32787,31275,7,

# --- yalahar|magician.quarter~trainers: (32 waypoints) ---
yalahar|magician.quarter~trainers:,node,32834,31142,7,
yalahar|magician.quarter~trainers:,stand,32834,31143,7,
yalahar|magician.quarter~trainers:,stand,32834,31145,6,
yalahar|magician.quarter~trainers:,node,32834,31152,5,
yalahar|magician.quarter~trainers:,stand,32834,31153,5,
yalahar|magician.quarter~trainers:,stand,32834,31155,6,
yalahar|magician.quarter~trainers:,node,32838,31163,7,
yalahar|magician.quarter~trainers:,node,32845,31169,7,
yalahar|magician.quarter~trainers:,node,32852,31176,7,
yalahar|magician.quarter~trainers:,node,32856,31182,7,
yalahar|magician.quarter~trainers:,node,32858,31190,7,
yalahar|magician.quarter~trainers:,node,32860,31198,7,
yalahar|magician.quarter~trainers:,node,32860,31207,7,
yalahar|magician.quarter~trainers:,node,32860,31216,7,
yalahar|magician.quarter~trainers:,node,32858,31224,7,
yalahar|magician.quarter~trainers:,node,32855,31232,7,
yalahar|magician.quarter~trainers:,node,32850,31239,7,
yalahar|magician.quarter~trainers:,node,32844,31246,7,
yalahar|magician.quarter~trainers:,node,32839,31252,7,
yalahar|magician.quarter~trainers:,node,32830,31254,7,
yalahar|magician.quarter~trainers:,node,32821,31254,7,
yalahar|magician.quarter~trainers:,node,32812,31254,7,
yalahar|magician.quarter~trainers:,node,32805,31254,7,
yalahar|magician.quarter~trainers:,node,32801,31250,7,
yalahar|magician.quarter~trainers:,node,32794,31249,7,
yalahar|magician.quarter~trainers:,node,32787,31249,7,
yalahar|magician.quarter~trainers:,stand,32786,31248,7,
yalahar|magician.quarter~trainers:,node,32782,31247,6,
yalahar|magician.quarter~trainers:,node,32778,31247,6,
yalahar|magician.quarter~trainers:,stand,32777,31247,6,
yalahar|magician.quarter~trainers:,node,32786,31250,5,
yalahar|magician.quarter~trainers:,stand,32786,31250,5,

# --- yalahar|magician.quarter~sunken.quarter: (16 waypoints) ---
yalahar|magician.quarter~sunken.quarter:,node,32834,31142,7,
yalahar|magician.quarter~sunken.quarter:,stand,32834,31143,7,
yalahar|magician.quarter~sunken.quarter:,stand,32834,31145,6,
yalahar|magician.quarter~sunken.quarter:,node,32834,31152,5,
yalahar|magician.quarter~sunken.quarter:,stand,32834,31153,5,
yalahar|magician.quarter~sunken.quarter:,stand,32834,31155,6,
yalahar|magician.quarter~sunken.quarter:,node,32838,31163,7,
yalahar|magician.quarter~sunken.quarter:,node,32845,31169,7,
yalahar|magician.quarter~sunken.quarter:,node,32852,31176,7,
yalahar|magician.quarter~sunken.quarter:,node,32856,31182,7,
yalahar|magician.quarter~sunken.quarter:,node,32859,31190,7,
yalahar|magician.quarter~sunken.quarter:,node,32860,31197,7,
yalahar|magician.quarter~sunken.quarter:,node,32863,31201,7,
yalahar|magician.quarter~sunken.quarter:,stand,32864,31201,7,
yalahar|magician.quarter~sunken.quarter:,stand,32866,31201,6,
yalahar|magician.quarter~sunken.quarter:,stand,32867,31201,5,

# --- yalahar|magician.quarter~factory.quarter: (22 waypoints) ---
yalahar|magician.quarter~factory.quarter:,node,32834,31142,7,
yalahar|magician.quarter~factory.quarter:,stand,32834,31143,7,
yalahar|magician.quarter~factory.quarter:,stand,32834,31145,6,
yalahar|magician.quarter~factory.quarter:,node,32834,31152,5,
yalahar|magician.quarter~factory.quarter:,stand,32834,31153,5,
yalahar|magician.quarter~factory.quarter:,stand,32834,31155,6,
yalahar|magician.quarter~factory.quarter:,node,32838,31163,7,
yalahar|magician.quarter~factory.quarter:,node,32845,31169,7,
yalahar|magician.quarter~factory.quarter:,node,32852,31176,7,
yalahar|magician.quarter~factory.quarter:,node,32856,31182,7,
yalahar|magician.quarter~factory.quarter:,node,32858,31190,7,
yalahar|magician.quarter~factory.quarter:,node,32860,31198,7,
yalahar|magician.quarter~factory.quarter:,node,32860,31207,7,
yalahar|magician.quarter~factory.quarter:,node,32860,31216,7,
yalahar|magician.quarter~factory.quarter:,node,32858,31224,7,
yalahar|magician.quarter~factory.quarter:,node,32855,31232,7,
yalahar|magician.quarter~factory.quarter:,node,32850,31239,7,
yalahar|magician.quarter~factory.quarter:,node,32849,31247,7,
yalahar|magician.quarter~factory.quarter:,stand,32850,31247,7,
yalahar|magician.quarter~factory.quarter:,stand,32852,31247,6,
yalahar|magician.quarter~factory.quarter:,node,32854,31247,5,
yalahar|magician.quarter~factory.quarter:,stand,32854,31247,5,

# --- yalahar|magician.quarter~trade.quarter: (24 waypoints) ---
yalahar|magician.quarter~trade.quarter:,node,32834,31142,7,
yalahar|magician.quarter~trade.quarter:,stand,32834,31143,7,
yalahar|magician.quarter~trade.quarter:,stand,32834,31145,6,
yalahar|magician.quarter~trade.quarter:,node,32834,31152,5,
yalahar|magician.quarter~trade.quarter:,stand,32834,31153,5,
yalahar|magician.quarter~trade.quarter:,stand,32834,31155,6,
yalahar|magician.quarter~trade.quarter:,node,32838,31163,7,
yalahar|magician.quarter~trade.quarter:,node,32845,31169,7,
yalahar|magician.quarter~trade.quarter:,node,32852,31176,7,
yalahar|magician.quarter~trade.quarter:,node,32856,31182,7,
yalahar|magician.quarter~trade.quarter:,node,32858,31190,7,
yalahar|magician.quarter~trade.quarter:,node,32860,31198,7,
yalahar|magician.quarter~trade.quarter:,node,32860,31207,7,
yalahar|magician.quarter~trade.quarter:,node,32860,31216,7,
yalahar|magician.quarter~trade.quarter:,node,32858,31224,7,
yalahar|magician.quarter~trade.quarter:,node,32855,31232,7,
yalahar|magician.quarter~trade.quarter:,node,32850,31239,7,
yalahar|magician.quarter~trade.quarter:,node,32844,31246,7,
yalahar|magician.quarter~trade.quarter:,node,32839,31252,7,
yalahar|magician.quarter~trade.quarter:,node,32834,31257,7,
yalahar|magician.quarter~trade.quarter:,node,32834,31262,7,
yalahar|magician.quarter~trade.quarter:,stand,32834,31263,7,
yalahar|magician.quarter~trade.quarter:,stand,32834,31265,6,
yalahar|magician.quarter~trade.quarter:,stand,32834,31266,5,

# --- yalahar|boat~sunken.quarter: (20 waypoints) ---
yalahar|boat~sunken.quarter:,node,32811,31264,6,
yalahar|boat~sunken.quarter:,node,32807,31259,6,
yalahar|boat~sunken.quarter:,node,32802,31257,6,
yalahar|boat~sunken.quarter:,stand,32802,31256,6,
yalahar|boat~sunken.quarter:,node,32809,31254,7,
yalahar|boat~sunken.quarter:,node,32817,31254,7,
yalahar|boat~sunken.quarter:,node,32825,31254,7,
yalahar|boat~sunken.quarter:,node,32834,31254,7,
yalahar|boat~sunken.quarter:,node,32840,31250,7,
yalahar|boat~sunken.quarter:,node,32845,31245,7,
yalahar|boat~sunken.quarter:,node,32849,31240,7,
yalahar|boat~sunken.quarter:,node,32853,31234,7,
yalahar|boat~sunken.quarter:,node,32857,31228,7,
yalahar|boat~sunken.quarter:,node,32859,31221,7,
yalahar|boat~sunken.quarter:,node,32860,31213,7,
yalahar|boat~sunken.quarter:,node,32861,31206,7,
yalahar|boat~sunken.quarter:,node,32863,31200,7,
yalahar|boat~sunken.quarter:,stand,32864,31200,7,
yalahar|boat~sunken.quarter:,stand,32866,31200,6,
yalahar|boat~sunken.quarter:,stand,32867,31200,5,

# --- yalahar|bank~sunken.quarter: (14 waypoints) ---
yalahar|bank~sunken.quarter:,node,32828,31249,7,
yalahar|bank~sunken.quarter:,node,32834,31249,7,
yalahar|bank~sunken.quarter:,node,32840,31248,7,
yalahar|bank~sunken.quarter:,node,32845,31245,7,
yalahar|bank~sunken.quarter:,node,32849,31240,7,
yalahar|bank~sunken.quarter:,node,32853,31234,7,
yalahar|bank~sunken.quarter:,node,32857,31228,7,
yalahar|bank~sunken.quarter:,node,32859,31221,7,
yalahar|bank~sunken.quarter:,node,32860,31213,7,
yalahar|bank~sunken.quarter:,node,32861,31206,7,
yalahar|bank~sunken.quarter:,node,32863,31200,7,
yalahar|bank~sunken.quarter:,stand,32864,31200,7,
yalahar|bank~sunken.quarter:,stand,32866,31200,6,
yalahar|bank~sunken.quarter:,stand,32867,31200,5,

# --- yalahar|depot~sunken.quarter: (24 waypoints) ---
yalahar|depot~sunken.quarter:,node,32798,31247,7,
yalahar|depot~sunken.quarter:,stand,32797,31246,7,
yalahar|depot~sunken.quarter:,node,32778,31248,5,
yalahar|depot~sunken.quarter:,stand,32777,31247,5,
yalahar|depot~sunken.quarter:,node,32796,31246,6,
yalahar|depot~sunken.quarter:,stand,32797,31246,6,
yalahar|depot~sunken.quarter:,node,32801,31249,7,
yalahar|depot~sunken.quarter:,node,32804,31252,7,
yalahar|depot~sunken.quarter:,node,32809,31254,7,
yalahar|depot~sunken.quarter:,node,32817,31254,7,
yalahar|depot~sunken.quarter:,node,32825,31254,7,
yalahar|depot~sunken.quarter:,node,32834,31254,7,
yalahar|depot~sunken.quarter:,node,32840,31250,7,
yalahar|depot~sunken.quarter:,node,32845,31245,7,
yalahar|depot~sunken.quarter:,node,32849,31240,7,
yalahar|depot~sunken.quarter:,node,32853,31234,7,
yalahar|depot~sunken.quarter:,node,32857,31228,7,
yalahar|depot~sunken.quarter:,node,32859,31221,7,
yalahar|depot~sunken.quarter:,node,32860,31213,7,
yalahar|depot~sunken.quarter:,node,32861,31206,7,
yalahar|depot~sunken.quarter:,node,32863,31200,7,
yalahar|depot~sunken.quarter:,stand,32864,31200,7,
yalahar|depot~sunken.quarter:,stand,32866,31200,6,
yalahar|depot~sunken.quarter:,stand,32867,31200,5,

# --- yalahar|ammo~sunken.quarter: (25 waypoints) ---
yalahar|ammo~sunken.quarter:,stand,32789,31239,3,
yalahar|ammo~sunken.quarter:,stand,32790,31239,4,
yalahar|ammo~sunken.quarter:,stand,32789,31239,5,
yalahar|ammo~sunken.quarter:,stand,32790,31239,6,
yalahar|ammo~sunken.quarter:,node,32789,31233,7,
yalahar|ammo~sunken.quarter:,node,32797,31233,7,
yalahar|ammo~sunken.quarter:,node,32805,31233,7,
yalahar|ammo~sunken.quarter:,node,32813,31233,7,
yalahar|ammo~sunken.quarter:,node,32821,31233,7,
yalahar|ammo~sunken.quarter:,node,32829,31234,7,
yalahar|ammo~sunken.quarter:,node,32831,31239,7,
yalahar|ammo~sunken.quarter:,node,32832,31244,7,
yalahar|ammo~sunken.quarter:,node,32834,31249,7,
yalahar|ammo~sunken.quarter:,node,32840,31248,7,
yalahar|ammo~sunken.quarter:,node,32845,31245,7,
yalahar|ammo~sunken.quarter:,node,32849,31240,7,
yalahar|ammo~sunken.quarter:,node,32853,31234,7,
yalahar|ammo~sunken.quarter:,node,32857,31228,7,
yalahar|ammo~sunken.quarter:,node,32859,31221,7,
yalahar|ammo~sunken.quarter:,node,32860,31213,7,
yalahar|ammo~sunken.quarter:,node,32861,31206,7,
yalahar|ammo~sunken.quarter:,node,32863,31200,7,
yalahar|ammo~sunken.quarter:,stand,32864,31200,7,
yalahar|ammo~sunken.quarter:,stand,32866,31200,6,
yalahar|ammo~sunken.quarter:,stand,32867,31200,5,

# --- yalahar|runes~sunken.quarter: (23 waypoints) ---
yalahar|runes~sunken.quarter:,stand,32789,31239,5,
yalahar|runes~sunken.quarter:,stand,32790,31239,6,
yalahar|runes~sunken.quarter:,node,32789,31233,7,
yalahar|runes~sunken.quarter:,node,32797,31233,7,
yalahar|runes~sunken.quarter:,node,32805,31233,7,
yalahar|runes~sunken.quarter:,node,32813,31233,7,
yalahar|runes~sunken.quarter:,node,32821,31233,7,
yalahar|runes~sunken.quarter:,node,32829,31234,7,
yalahar|runes~sunken.quarter:,node,32831,31239,7,
yalahar|runes~sunken.quarter:,node,32832,31244,7,
yalahar|runes~sunken.quarter:,node,32834,31249,7,
yalahar|runes~sunken.quarter:,node,32840,31248,7,
yalahar|runes~sunken.quarter:,node,32845,31245,7,
yalahar|runes~sunken.quarter:,node,32849,31240,7,
yalahar|runes~sunken.quarter:,node,32853,31234,7,
yalahar|runes~sunken.quarter:,node,32857,31228,7,
yalahar|runes~sunken.quarter:,node,32859,31221,7,
yalahar|runes~sunken.quarter:,node,32860,31213,7,
yalahar|runes~sunken.quarter:,node,32861,31206,7,
yalahar|runes~sunken.quarter:,node,32863,31200,7,
yalahar|runes~sunken.quarter:,stand,32864,31200,7,
yalahar|runes~sunken.quarter:,stand,32866,31200,6,
yalahar|runes~sunken.quarter:,stand,32867,31200,5,

# --- yalahar|potions~sunken.quarter: (23 waypoints) ---
yalahar|potions~sunken.quarter:,stand,32789,31239,5,
yalahar|potions~sunken.quarter:,stand,32790,31239,6,
yalahar|potions~sunken.quarter:,node,32789,31233,7,
yalahar|potions~sunken.quarter:,node,32797,31233,7,
yalahar|potions~sunken.quarter:,node,32805,31233,7,
yalahar|potions~sunken.quarter:,node,32813,31233,7,
yalahar|potions~sunken.quarter:,node,32821,31233,7,
yalahar|potions~sunken.quarter:,node,32829,31234,7,
yalahar|potions~sunken.quarter:,node,32831,31239,7,
yalahar|potions~sunken.quarter:,node,32832,31244,7,
yalahar|potions~sunken.quarter:,node,32834,31249,7,
yalahar|potions~sunken.quarter:,node,32840,31248,7,
yalahar|potions~sunken.quarter:,node,32845,31245,7,
yalahar|potions~sunken.quarter:,node,32849,31240,7,
yalahar|potions~sunken.quarter:,node,32853,31234,7,
yalahar|potions~sunken.quarter:,node,32857,31228,7,
yalahar|potions~sunken.quarter:,node,32859,31221,7,
yalahar|potions~sunken.quarter:,node,32860,31213,7,
yalahar|potions~sunken.quarter:,node,32861,31206,7,
yalahar|potions~sunken.quarter:,node,32863,31200,7,
yalahar|potions~sunken.quarter:,stand,32864,31200,7,
yalahar|potions~sunken.quarter:,stand,32866,31200,6,
yalahar|potions~sunken.quarter:,stand,32867,31200,5,

# --- yalahar|food~sunken.quarter: (6 waypoints) ---
yalahar|food~sunken.quarter:,node,32857,31209,7,
yalahar|food~sunken.quarter:,node,32861,31206,7,
yalahar|food~sunken.quarter:,node,32863,31200,7,
yalahar|food~sunken.quarter:,stand,32864,31200,7,
yalahar|food~sunken.quarter:,stand,32866,31200,6,
yalahar|food~sunken.quarter:,stand,32867,31200,5,

# --- yalahar|loot.morpel~sunken.quarter: (15 waypoints) ---
yalahar|loot.morpel~sunken.quarter:,node,32829,31240,7,
yalahar|loot.morpel~sunken.quarter:,node,32832,31244,7,
yalahar|loot.morpel~sunken.quarter:,node,32834,31249,7,
yalahar|loot.morpel~sunken.quarter:,node,32840,31248,7,
yalahar|loot.morpel~sunken.quarter:,node,32845,31245,7,
yalahar|loot.morpel~sunken.quarter:,node,32849,31240,7,
yalahar|loot.morpel~sunken.quarter:,node,32853,31234,7,
yalahar|loot.morpel~sunken.quarter:,node,32857,31228,7,
yalahar|loot.morpel~sunken.quarter:,node,32859,31221,7,
yalahar|loot.morpel~sunken.quarter:,node,32860,31213,7,
yalahar|loot.morpel~sunken.quarter:,node,32861,31206,7,
yalahar|loot.morpel~sunken.quarter:,node,32863,31200,7,
yalahar|loot.morpel~sunken.quarter:,stand,32864,31200,7,
yalahar|loot.morpel~sunken.quarter:,stand,32866,31200,6,
yalahar|loot.morpel~sunken.quarter:,stand,32867,31200,5,

# --- yalahar|loot.oiriz~sunken.quarter: (21 waypoints) ---
yalahar|loot.oiriz~sunken.quarter:,node,32789,31233,7,
yalahar|loot.oiriz~sunken.quarter:,node,32797,31233,7,
yalahar|loot.oiriz~sunken.quarter:,node,32805,31233,7,
yalahar|loot.oiriz~sunken.quarter:,node,32813,31233,7,
yalahar|loot.oiriz~sunken.quarter:,node,32821,31233,7,
yalahar|loot.oiriz~sunken.quarter:,node,32829,31234,7,
yalahar|loot.oiriz~sunken.quarter:,node,32831,31239,7,
yalahar|loot.oiriz~sunken.quarter:,node,32832,31244,7,
yalahar|loot.oiriz~sunken.quarter:,node,32834,31249,7,
yalahar|loot.oiriz~sunken.quarter:,node,32840,31248,7,
yalahar|loot.oiriz~sunken.quarter:,node,32845,31245,7,
yalahar|loot.oiriz~sunken.quarter:,node,32849,31240,7,
yalahar|loot.oiriz~sunken.quarter:,node,32853,31234,7,
yalahar|loot.oiriz~sunken.quarter:,node,32857,31228,7,
yalahar|loot.oiriz~sunken.quarter:,node,32859,31221,7,
yalahar|loot.oiriz~sunken.quarter:,node,32860,31213,7,
yalahar|loot.oiriz~sunken.quarter:,node,32861,31206,7,
yalahar|loot.oiriz~sunken.quarter:,node,32863,31200,7,
yalahar|loot.oiriz~sunken.quarter:,stand,32864,31200,7,
yalahar|loot.oiriz~sunken.quarter:,stand,32866,31200,6,
yalahar|loot.oiriz~sunken.quarter:,stand,32867,31200,5,

# --- yalahar|temple~sunken.quarter: (23 waypoints) ---
yalahar|temple~sunken.quarter:,node,32785,31270,7,
yalahar|temple~sunken.quarter:,stand,32784,31269,7,
yalahar|temple~sunken.quarter:,node,32782,31264,6,
yalahar|temple~sunken.quarter:,node,32787,31259,6,
yalahar|temple~sunken.quarter:,node,32795,31258,6,
yalahar|temple~sunken.quarter:,node,32802,31257,6,
yalahar|temple~sunken.quarter:,stand,32802,31256,6,
yalahar|temple~sunken.quarter:,node,32809,31254,7,
yalahar|temple~sunken.quarter:,node,32817,31254,7,
yalahar|temple~sunken.quarter:,node,32825,31254,7,
yalahar|temple~sunken.quarter:,node,32834,31254,7,
yalahar|temple~sunken.quarter:,node,32840,31250,7,
yalahar|temple~sunken.quarter:,node,32845,31245,7,
yalahar|temple~sunken.quarter:,node,32849,31240,7,
yalahar|temple~sunken.quarter:,node,32853,31234,7,
yalahar|temple~sunken.quarter:,node,32857,31228,7,
yalahar|temple~sunken.quarter:,node,32859,31221,7,
yalahar|temple~sunken.quarter:,node,32860,31213,7,
yalahar|temple~sunken.quarter:,node,32861,31206,7,
yalahar|temple~sunken.quarter:,node,32863,31200,7,
yalahar|temple~sunken.quarter:,stand,32864,31200,7,
yalahar|temple~sunken.quarter:,stand,32866,31200,6,
yalahar|temple~sunken.quarter:,stand,32867,31200,5,

# --- yalahar|trainers~sunken.quarter: (25 waypoints) ---
yalahar|trainers~sunken.quarter:,node,32778,31248,5,
yalahar|trainers~sunken.quarter:,stand,32777,31247,5,
yalahar|trainers~sunken.quarter:,node,32781,31249,6,
yalahar|trainers~sunken.quarter:,node,32785,31249,6,
yalahar|trainers~sunken.quarter:,stand,32786,31248,6,
yalahar|trainers~sunken.quarter:,node,32790,31249,7,
yalahar|trainers~sunken.quarter:,node,32795,31249,7,
yalahar|trainers~sunken.quarter:,node,32800,31250,7,
yalahar|trainers~sunken.quarter:,node,32804,31252,7,
yalahar|trainers~sunken.quarter:,node,32809,31254,7,
yalahar|trainers~sunken.quarter:,node,32817,31254,7,
yalahar|trainers~sunken.quarter:,node,32825,31254,7,
yalahar|trainers~sunken.quarter:,node,32834,31254,7,
yalahar|trainers~sunken.quarter:,node,32840,31250,7,
yalahar|trainers~sunken.quarter:,node,32845,31245,7,
yalahar|trainers~sunken.quarter:,node,32849,31240,7,
yalahar|trainers~sunken.quarter:,node,32853,31234,7,
yalahar|trainers~sunken.quarter:,node,32857,31228,7,
yalahar|trainers~sunken.quarter:,node,32859,31221,7,
yalahar|trainers~sunken.quarter:,node,32860,31213,7,
yalahar|trainers~sunken.quarter:,node,32861,31206,7,
yalahar|trainers~sunken.quarter:,node,32863,31200,7,
yalahar|trainers~sunken.quarter:,stand,32864,31200,7,
yalahar|trainers~sunken.quarter:,stand,32866,31200,6,
yalahar|trainers~sunken.quarter:,stand,32867,31200,5,

# --- yalahar|factory.quarter~sunken.quarter: (5 waypoints) ---
yalahar|factory.quarter~sunken.quarter:,node,32861,31259,7,
yalahar|factory.quarter~sunken.quarter:,stand,32861,31258,7,
yalahar|factory.quarter~sunken.quarter:,stand,32858,31255,6,
yalahar|factory.quarter~sunken.quarter:,node,32855,31252,5,
yalahar|factory.quarter~sunken.quarter:,stand,32855,31252,5,

# --- yalahar|trade.quarter~sunken.quarter: (4 waypoints) ---
yalahar|trade.quarter~sunken.quarter:,node,32835,31273,7,
yalahar|trade.quarter~sunken.quarter:,stand,32835,31272,7,
yalahar|trade.quarter~sunken.quarter:,stand,32835,31270,6,
yalahar|trade.quarter~sunken.quarter:,stand,32834,31269,5,

# --- yalahar|sunken.quarter~boat: (4 waypoints) ---
yalahar|sunken.quarter~boat:,node,32879,31200,7,
yalahar|sunken.quarter~boat:,stand,32878,31200,7,
yalahar|sunken.quarter~boat:,stand,32876,31200,6,
yalahar|sunken.quarter~boat:,stand,32875,31200,5,

# --- yalahar|sunken.quarter~bank: (4 waypoints) ---
yalahar|sunken.quarter~bank:,node,32879,31200,7,
yalahar|sunken.quarter~bank:,stand,32878,31200,7,
yalahar|sunken.quarter~bank:,stand,32876,31200,6,
yalahar|sunken.quarter~bank:,stand,32875,31200,5,

# --- yalahar|sunken.quarter~depot: (4 waypoints) ---
yalahar|sunken.quarter~depot:,node,32879,31200,7,
yalahar|sunken.quarter~depot:,stand,32878,31200,7,
yalahar|sunken.quarter~depot:,stand,32876,31200,6,
yalahar|sunken.quarter~depot:,stand,32875,31200,5,

# --- yalahar|sunken.quarter~ammo: (4 waypoints) ---
yalahar|sunken.quarter~ammo:,node,32879,31200,7,
yalahar|sunken.quarter~ammo:,stand,32878,31200,7,
yalahar|sunken.quarter~ammo:,stand,32876,31200,6,
yalahar|sunken.quarter~ammo:,stand,32875,31200,5,

# --- yalahar|sunken.quarter~runes: (4 waypoints) ---
yalahar|sunken.quarter~runes:,node,32879,31200,7,
yalahar|sunken.quarter~runes:,stand,32878,31200,7,
yalahar|sunken.quarter~runes:,stand,32876,31200,6,
yalahar|sunken.quarter~runes:,stand,32875,31200,5,

# --- yalahar|sunken.quarter~potions: (4 waypoints) ---
yalahar|sunken.quarter~potions:,node,32879,31200,7,
yalahar|sunken.quarter~potions:,stand,32878,31200,7,
yalahar|sunken.quarter~potions:,stand,32876,31200,6,
yalahar|sunken.quarter~potions:,stand,32875,31200,5,

# --- yalahar|sunken.quarter~food: (4 waypoints) ---
yalahar|sunken.quarter~food:,node,32879,31200,7,
yalahar|sunken.quarter~food:,stand,32878,31200,7,
yalahar|sunken.quarter~food:,stand,32876,31200,6,
yalahar|sunken.quarter~food:,stand,32875,31200,5,

# --- yalahar|sunken.quarter~loot.morpel: (4 waypoints) ---
yalahar|sunken.quarter~loot.morpel:,node,32879,31200,7,
yalahar|sunken.quarter~loot.morpel:,stand,32878,31200,7,
yalahar|sunken.quarter~loot.morpel:,stand,32876,31200,6,
yalahar|sunken.quarter~loot.morpel:,stand,32875,31200,5,

# --- yalahar|sunken.quarter~loot.oiriz: (4 waypoints) ---
yalahar|sunken.quarter~loot.oiriz:,node,32879,31200,7,
yalahar|sunken.quarter~loot.oiriz:,stand,32878,31200,7,
yalahar|sunken.quarter~loot.oiriz:,stand,32876,31200,6,
yalahar|sunken.quarter~loot.oiriz:,stand,32875,31200,5,

# --- yalahar|sunken.quarter~temple: (4 waypoints) ---
yalahar|sunken.quarter~temple:,node,32879,31200,7,
yalahar|sunken.quarter~temple:,stand,32878,31200,7,
yalahar|sunken.quarter~temple:,stand,32876,31200,6,
yalahar|sunken.quarter~temple:,stand,32875,31200,5,

# --- yalahar|sunken.quarter~trainers: (4 waypoints) ---
yalahar|sunken.quarter~trainers:,node,32879,31200,7,
yalahar|sunken.quarter~trainers:,stand,32878,31200,7,
yalahar|sunken.quarter~trainers:,stand,32876,31200,6,
yalahar|sunken.quarter~trainers:,stand,32875,31200,5,

# --- yalahar|sunken.quarter~factory.quarter: (4 waypoints) ---
yalahar|sunken.quarter~factory.quarter:,node,32879,31200,7,
yalahar|sunken.quarter~factory.quarter:,stand,32878,31200,7,
yalahar|sunken.quarter~factory.quarter:,stand,32876,31200,6,
yalahar|sunken.quarter~factory.quarter:,stand,32875,31200,5,

# --- yalahar|sunken.quarter~trade.quarter: (4 waypoints) ---
yalahar|sunken.quarter~trade.quarter:,node,32879,31200,7,
yalahar|sunken.quarter~trade.quarter:,stand,32878,31200,7,
yalahar|sunken.quarter~trade.quarter:,stand,32876,31200,6,
yalahar|sunken.quarter~trade.quarter:,stand,32875,31200,5,

# --- yalahar|boat~factory.quarter: (13 waypoints) ---
yalahar|boat~factory.quarter:,node,32811,31267,6,
yalahar|boat~factory.quarter:,node,32809,31260,6,
yalahar|boat~factory.quarter:,node,32803,31257,6,
yalahar|boat~factory.quarter:,stand,32803,31256,6,
yalahar|boat~factory.quarter:,node,32811,31254,7,
yalahar|boat~factory.quarter:,node,32820,31254,7,
yalahar|boat~factory.quarter:,node,32829,31254,7,
yalahar|boat~factory.quarter:,node,32837,31253,7,
yalahar|boat~factory.quarter:,node,32843,31249,7,
yalahar|boat~factory.quarter:,node,32849,31247,7,
yalahar|boat~factory.quarter:,stand,32850,31247,7,
yalahar|boat~factory.quarter:,stand,32852,31247,6,
yalahar|boat~factory.quarter:,stand,32855,31247,5,

# --- yalahar|bank~factory.quarter: (7 waypoints) ---
yalahar|bank~factory.quarter:,node,32830,31249,7,
yalahar|bank~factory.quarter:,node,32837,31249,7,
yalahar|bank~factory.quarter:,node,32843,31248,7,
yalahar|bank~factory.quarter:,node,32849,31247,7,
yalahar|bank~factory.quarter:,stand,32850,31247,7,
yalahar|bank~factory.quarter:,stand,32852,31247,6,
yalahar|bank~factory.quarter:,stand,32855,31247,5,

# --- yalahar|depot~factory.quarter: (17 waypoints) ---
yalahar|depot~factory.quarter:,node,32798,31247,7,
yalahar|depot~factory.quarter:,stand,32797,31246,7,
yalahar|depot~factory.quarter:,node,32778,31248,5,
yalahar|depot~factory.quarter:,stand,32777,31247,5,
yalahar|depot~factory.quarter:,node,32796,31246,6,
yalahar|depot~factory.quarter:,stand,32797,31246,6,
yalahar|depot~factory.quarter:,node,32802,31250,7,
yalahar|depot~factory.quarter:,node,32805,31254,7,
yalahar|depot~factory.quarter:,node,32811,31254,7,
yalahar|depot~factory.quarter:,node,32820,31254,7,
yalahar|depot~factory.quarter:,node,32829,31254,7,
yalahar|depot~factory.quarter:,node,32837,31253,7,
yalahar|depot~factory.quarter:,node,32843,31249,7,
yalahar|depot~factory.quarter:,node,32849,31247,7,
yalahar|depot~factory.quarter:,stand,32850,31247,7,
yalahar|depot~factory.quarter:,stand,32852,31247,6,
yalahar|depot~factory.quarter:,stand,32855,31247,5,

# --- yalahar|ammo~factory.quarter: (17 waypoints) ---
yalahar|ammo~factory.quarter:,stand,32789,31239,3,
yalahar|ammo~factory.quarter:,stand,32790,31239,4,
yalahar|ammo~factory.quarter:,stand,32789,31239,5,
yalahar|ammo~factory.quarter:,stand,32790,31239,6,
yalahar|ammo~factory.quarter:,node,32789,31233,7,
yalahar|ammo~factory.quarter:,node,32799,31233,7,
yalahar|ammo~factory.quarter:,node,32809,31233,7,
yalahar|ammo~factory.quarter:,node,32819,31233,7,
yalahar|ammo~factory.quarter:,node,32829,31234,7,
yalahar|ammo~factory.quarter:,node,32831,31241,7,
yalahar|ammo~factory.quarter:,node,32834,31248,7,
yalahar|ammo~factory.quarter:,node,32839,31248,7,
yalahar|ammo~factory.quarter:,node,32843,31248,7,
yalahar|ammo~factory.quarter:,node,32849,31247,7,
yalahar|ammo~factory.quarter:,stand,32850,31247,7,
yalahar|ammo~factory.quarter:,stand,32852,31247,6,
yalahar|ammo~factory.quarter:,stand,32855,31247,5,

# --- yalahar|runes~factory.quarter: (15 waypoints) ---
yalahar|runes~factory.quarter:,stand,32789,31239,5,
yalahar|runes~factory.quarter:,stand,32790,31239,6,
yalahar|runes~factory.quarter:,node,32789,31233,7,
yalahar|runes~factory.quarter:,node,32799,31233,7,
yalahar|runes~factory.quarter:,node,32809,31233,7,
yalahar|runes~factory.quarter:,node,32819,31233,7,
yalahar|runes~factory.quarter:,node,32829,31234,7,
yalahar|runes~factory.quarter:,node,32831,31241,7,
yalahar|runes~factory.quarter:,node,32834,31248,7,
yalahar|runes~factory.quarter:,node,32839,31248,7,
yalahar|runes~factory.quarter:,node,32843,31248,7,
yalahar|runes~factory.quarter:,node,32849,31247,7,
yalahar|runes~factory.quarter:,stand,32850,31247,7,
yalahar|runes~factory.quarter:,stand,32852,31247,6,
yalahar|runes~factory.quarter:,stand,32855,31247,5,

# --- yalahar|potions~factory.quarter: (15 waypoints) ---
yalahar|potions~factory.quarter:,stand,32789,31239,5,
yalahar|potions~factory.quarter:,stand,32790,31239,6,
yalahar|potions~factory.quarter:,node,32789,31233,7,
yalahar|potions~factory.quarter:,node,32799,31233,7,
yalahar|potions~factory.quarter:,node,32809,31233,7,
yalahar|potions~factory.quarter:,node,32819,31233,7,
yalahar|potions~factory.quarter:,node,32829,31234,7,
yalahar|potions~factory.quarter:,node,32831,31241,7,
yalahar|potions~factory.quarter:,node,32834,31248,7,
yalahar|potions~factory.quarter:,node,32839,31248,7,
yalahar|potions~factory.quarter:,node,32843,31248,7,
yalahar|potions~factory.quarter:,node,32849,31247,7,
yalahar|potions~factory.quarter:,stand,32850,31247,7,
yalahar|potions~factory.quarter:,stand,32852,31247,6,
yalahar|potions~factory.quarter:,stand,32855,31247,5,

# --- yalahar|food~factory.quarter: (9 waypoints) ---
yalahar|food~factory.quarter:,node,32859,31210,7,
yalahar|food~factory.quarter:,node,32859,31217,7,
yalahar|food~factory.quarter:,node,32858,31224,7,
yalahar|food~factory.quarter:,node,32855,31232,7,
yalahar|food~factory.quarter:,node,32851,31239,7,
yalahar|food~factory.quarter:,node,32849,31247,7,
yalahar|food~factory.quarter:,stand,32850,31247,7,
yalahar|food~factory.quarter:,stand,32852,31247,6,
yalahar|food~factory.quarter:,stand,32855,31247,5,

# --- yalahar|loot.morpel~factory.quarter: (8 waypoints) ---
yalahar|loot.morpel~factory.quarter:,node,32831,31241,7,
yalahar|loot.morpel~factory.quarter:,node,32834,31248,7,
yalahar|loot.morpel~factory.quarter:,node,32839,31248,7,
yalahar|loot.morpel~factory.quarter:,node,32843,31248,7,
yalahar|loot.morpel~factory.quarter:,node,32849,31247,7,
yalahar|loot.morpel~factory.quarter:,stand,32850,31247,7,
yalahar|loot.morpel~factory.quarter:,stand,32852,31247,6,
yalahar|loot.morpel~factory.quarter:,stand,32855,31247,5,

# --- yalahar|loot.oiriz~factory.quarter: (13 waypoints) ---
yalahar|loot.oiriz~factory.quarter:,node,32789,31233,7,
yalahar|loot.oiriz~factory.quarter:,node,32799,31233,7,
yalahar|loot.oiriz~factory.quarter:,node,32809,31233,7,
yalahar|loot.oiriz~factory.quarter:,node,32819,31233,7,
yalahar|loot.oiriz~factory.quarter:,node,32829,31234,7,
yalahar|loot.oiriz~factory.quarter:,node,32831,31241,7,
yalahar|loot.oiriz~factory.quarter:,node,32834,31248,7,
yalahar|loot.oiriz~factory.quarter:,node,32839,31248,7,
yalahar|loot.oiriz~factory.quarter:,node,32843,31248,7,
yalahar|loot.oiriz~factory.quarter:,node,32849,31247,7,
yalahar|loot.oiriz~factory.quarter:,stand,32850,31247,7,
yalahar|loot.oiriz~factory.quarter:,stand,32852,31247,6,
yalahar|loot.oiriz~factory.quarter:,stand,32855,31247,5,

# --- yalahar|temple~factory.quarter: (16 waypoints) ---
yalahar|temple~factory.quarter:,node,32785,31270,7,
yalahar|temple~factory.quarter:,stand,32784,31269,7,
yalahar|temple~factory.quarter:,node,32782,31264,6,
yalahar|temple~factory.quarter:,node,32787,31259,6,
yalahar|temple~factory.quarter:,node,32795,31258,6,
yalahar|temple~factory.quarter:,node,32801,31257,6,
yalahar|temple~factory.quarter:,stand,32801,31256,6,
yalahar|temple~factory.quarter:,node,32811,31254,7,
yalahar|temple~factory.quarter:,node,32820,31254,7,
yalahar|temple~factory.quarter:,node,32829,31254,7,
yalahar|temple~factory.quarter:,node,32837,31253,7,
yalahar|temple~factory.quarter:,node,32843,31249,7,
yalahar|temple~factory.quarter:,node,32849,31247,7,
yalahar|temple~factory.quarter:,stand,32850,31247,7,
yalahar|temple~factory.quarter:,stand,32852,31247,6,
yalahar|temple~factory.quarter:,stand,32855,31247,5,

# --- yalahar|trainers~factory.quarter: (18 waypoints) ---
yalahar|trainers~factory.quarter:,node,32778,31248,5,
yalahar|trainers~factory.quarter:,stand,32777,31247,5,
yalahar|trainers~factory.quarter:,node,32781,31249,6,
yalahar|trainers~factory.quarter:,node,32785,31249,6,
yalahar|trainers~factory.quarter:,stand,32786,31248,6,
yalahar|trainers~factory.quarter:,node,32791,31249,7,
yalahar|trainers~factory.quarter:,node,32797,31249,7,
yalahar|trainers~factory.quarter:,node,32802,31251,7,
yalahar|trainers~factory.quarter:,node,32805,31254,7,
yalahar|trainers~factory.quarter:,node,32811,31254,7,
yalahar|trainers~factory.quarter:,node,32820,31254,7,
yalahar|trainers~factory.quarter:,node,32829,31254,7,
yalahar|trainers~factory.quarter:,node,32837,31253,7,
yalahar|trainers~factory.quarter:,node,32843,31249,7,
yalahar|trainers~factory.quarter:,node,32849,31247,7,
yalahar|trainers~factory.quarter:,stand,32850,31247,7,
yalahar|trainers~factory.quarter:,stand,32852,31247,6,
yalahar|trainers~factory.quarter:,stand,32855,31247,5,

# --- yalahar|trade.quarter~factory.quarter: (4 waypoints) ---
yalahar|trade.quarter~factory.quarter:,node,32835,31273,7,
yalahar|trade.quarter~factory.quarter:,stand,32835,31272,7,
yalahar|trade.quarter~factory.quarter:,stand,32835,31270,6,
yalahar|trade.quarter~factory.quarter:,stand,32834,31269,5,

# --- yalahar|factory.quarter~boat: (5 waypoints) ---
yalahar|factory.quarter~boat:,node,32861,31259,7,
yalahar|factory.quarter~boat:,stand,32861,31258,7,
yalahar|factory.quarter~boat:,stand,32859,31255,6,
yalahar|factory.quarter~boat:,node,32855,31252,5,
yalahar|factory.quarter~boat:,stand,32855,31252,5,

# --- yalahar|factory.quarter~bank: (5 waypoints) ---
yalahar|factory.quarter~bank:,node,32861,31259,7,
yalahar|factory.quarter~bank:,stand,32861,31258,7,
yalahar|factory.quarter~bank:,stand,32859,31255,6,
yalahar|factory.quarter~bank:,node,32855,31252,5,
yalahar|factory.quarter~bank:,stand,32855,31252,5,

# --- yalahar|factory.quarter~depot: (5 waypoints) ---
yalahar|factory.quarter~depot:,node,32861,31259,7,
yalahar|factory.quarter~depot:,stand,32861,31258,7,
yalahar|factory.quarter~depot:,stand,32859,31255,6,
yalahar|factory.quarter~depot:,node,32855,31252,5,
yalahar|factory.quarter~depot:,stand,32855,31252,5,

# --- yalahar|factory.quarter~ammo: (5 waypoints) ---
yalahar|factory.quarter~ammo:,node,32861,31259,7,
yalahar|factory.quarter~ammo:,stand,32861,31258,7,
yalahar|factory.quarter~ammo:,stand,32859,31255,6,
yalahar|factory.quarter~ammo:,node,32855,31252,5,
yalahar|factory.quarter~ammo:,stand,32855,31252,5,

# --- yalahar|factory.quarter~runes: (5 waypoints) ---
yalahar|factory.quarter~runes:,node,32861,31259,7,
yalahar|factory.quarter~runes:,stand,32861,31258,7,
yalahar|factory.quarter~runes:,stand,32859,31255,6,
yalahar|factory.quarter~runes:,node,32855,31252,5,
yalahar|factory.quarter~runes:,stand,32855,31252,5,

# --- yalahar|factory.quarter~potions: (5 waypoints) ---
yalahar|factory.quarter~potions:,node,32861,31259,7,
yalahar|factory.quarter~potions:,stand,32861,31258,7,
yalahar|factory.quarter~potions:,stand,32859,31255,6,
yalahar|factory.quarter~potions:,node,32855,31252,5,
yalahar|factory.quarter~potions:,stand,32855,31252,5,

# --- yalahar|factory.quarter~food: (5 waypoints) ---
yalahar|factory.quarter~food:,node,32861,31259,7,
yalahar|factory.quarter~food:,stand,32861,31258,7,
yalahar|factory.quarter~food:,stand,32859,31255,6,
yalahar|factory.quarter~food:,node,32855,31252,5,
yalahar|factory.quarter~food:,stand,32855,31252,5,

# --- yalahar|factory.quarter~loot.morpel: (5 waypoints) ---
yalahar|factory.quarter~loot.morpel:,node,32861,31259,7,
yalahar|factory.quarter~loot.morpel:,stand,32861,31258,7,
yalahar|factory.quarter~loot.morpel:,stand,32859,31255,6,
yalahar|factory.quarter~loot.morpel:,node,32855,31252,5,
yalahar|factory.quarter~loot.morpel:,stand,32855,31252,5,

# --- yalahar|factory.quarter~loot.oiriz: (5 waypoints) ---
yalahar|factory.quarter~loot.oiriz:,node,32861,31259,7,
yalahar|factory.quarter~loot.oiriz:,stand,32861,31258,7,
yalahar|factory.quarter~loot.oiriz:,stand,32859,31255,6,
yalahar|factory.quarter~loot.oiriz:,node,32855,31252,5,
yalahar|factory.quarter~loot.oiriz:,stand,32855,31252,5,

# --- yalahar|factory.quarter~temple: (5 waypoints) ---
yalahar|factory.quarter~temple:,node,32861,31259,7,
yalahar|factory.quarter~temple:,stand,32861,31258,7,
yalahar|factory.quarter~temple:,stand,32859,31255,6,
yalahar|factory.quarter~temple:,node,32855,31252,5,
yalahar|factory.quarter~temple:,stand,32855,31252,5,

# --- yalahar|factory.quarter~trainers: (5 waypoints) ---
yalahar|factory.quarter~trainers:,node,32861,31259,7,
yalahar|factory.quarter~trainers:,stand,32861,31258,7,
yalahar|factory.quarter~trainers:,stand,32859,31255,6,
yalahar|factory.quarter~trainers:,node,32855,31252,5,
yalahar|factory.quarter~trainers:,stand,32855,31252,5,

# --- yalahar|factory.quarter~trade.quarter: (5 waypoints) ---
yalahar|factory.quarter~trade.quarter:,node,32861,31259,7,
yalahar|factory.quarter~trade.quarter:,stand,32861,31258,7,
yalahar|factory.quarter~trade.quarter:,stand,32859,31255,6,
yalahar|factory.quarter~trade.quarter:,node,32855,31252,5,
yalahar|factory.quarter~trade.quarter:,stand,32855,31252,5,

# --- yalahar|boat~trade.quarter: (12 waypoints) ---
yalahar|boat~trade.quarter:,node,32811,31267,6,
yalahar|boat~trade.quarter:,node,32810,31260,6,
yalahar|boat~trade.quarter:,node,32803,31257,6,
yalahar|boat~trade.quarter:,stand,32803,31256,6,
yalahar|boat~trade.quarter:,node,32810,31254,7,
yalahar|boat~trade.quarter:,node,32819,31254,7,
yalahar|boat~trade.quarter:,node,32828,31254,7,
yalahar|boat~trade.quarter:,node,32834,31257,7,
yalahar|boat~trade.quarter:,node,32834,31262,7,
yalahar|boat~trade.quarter:,stand,32834,31263,7,
yalahar|boat~trade.quarter:,stand,32834,31265,6,
yalahar|boat~trade.quarter:,stand,32834,31266,5,

# --- yalahar|bank~trade.quarter: (6 waypoints) ---
yalahar|bank~trade.quarter:,node,32830,31249,7,
yalahar|bank~trade.quarter:,node,32834,31257,7,
yalahar|bank~trade.quarter:,node,32834,31262,7,
yalahar|bank~trade.quarter:,stand,32834,31263,7,
yalahar|bank~trade.quarter:,stand,32834,31265,6,
yalahar|bank~trade.quarter:,stand,32834,31266,5,

# --- yalahar|depot~trade.quarter: (16 waypoints) ---
yalahar|depot~trade.quarter:,node,32798,31247,7,
yalahar|depot~trade.quarter:,stand,32797,31246,7,
yalahar|depot~trade.quarter:,node,32778,31248,5,
yalahar|depot~trade.quarter:,stand,32777,31247,5,
yalahar|depot~trade.quarter:,node,32796,31246,6,
yalahar|depot~trade.quarter:,stand,32797,31246,6,
yalahar|depot~trade.quarter:,node,32802,31250,7,
yalahar|depot~trade.quarter:,node,32805,31254,7,
yalahar|depot~trade.quarter:,node,32810,31254,7,
yalahar|depot~trade.quarter:,node,32819,31254,7,
yalahar|depot~trade.quarter:,node,32828,31254,7,
yalahar|depot~trade.quarter:,node,32834,31257,7,
yalahar|depot~trade.quarter:,node,32834,31262,7,
yalahar|depot~trade.quarter:,stand,32834,31263,7,
yalahar|depot~trade.quarter:,stand,32834,31265,6,
yalahar|depot~trade.quarter:,stand,32834,31266,5,

# --- yalahar|ammo~trade.quarter: (17 waypoints) ---
yalahar|ammo~trade.quarter:,stand,32789,31239,3,
yalahar|ammo~trade.quarter:,stand,32790,31239,4,
yalahar|ammo~trade.quarter:,stand,32789,31239,5,
yalahar|ammo~trade.quarter:,stand,32790,31239,6,
yalahar|ammo~trade.quarter:,node,32789,31233,7,
yalahar|ammo~trade.quarter:,node,32798,31233,7,
yalahar|ammo~trade.quarter:,node,32807,31233,7,
yalahar|ammo~trade.quarter:,node,32816,31233,7,
yalahar|ammo~trade.quarter:,node,32825,31233,7,
yalahar|ammo~trade.quarter:,node,32830,31236,7,
yalahar|ammo~trade.quarter:,node,32831,31243,7,
yalahar|ammo~trade.quarter:,node,32832,31250,7,
yalahar|ammo~trade.quarter:,node,32834,31257,7,
yalahar|ammo~trade.quarter:,node,32834,31262,7,
yalahar|ammo~trade.quarter:,stand,32834,31263,7,
yalahar|ammo~trade.quarter:,stand,32834,31265,6,
yalahar|ammo~trade.quarter:,stand,32834,31266,5,

# --- yalahar|runes~trade.quarter: (15 waypoints) ---
yalahar|runes~trade.quarter:,stand,32789,31239,5,
yalahar|runes~trade.quarter:,stand,32790,31239,6,
yalahar|runes~trade.quarter:,node,32789,31233,7,
yalahar|runes~trade.quarter:,node,32798,31233,7,
yalahar|runes~trade.quarter:,node,32807,31233,7,
yalahar|runes~trade.quarter:,node,32816,31233,7,
yalahar|runes~trade.quarter:,node,32825,31233,7,
yalahar|runes~trade.quarter:,node,32830,31236,7,
yalahar|runes~trade.quarter:,node,32831,31243,7,
yalahar|runes~trade.quarter:,node,32832,31250,7,
yalahar|runes~trade.quarter:,node,32834,31257,7,
yalahar|runes~trade.quarter:,node,32834,31262,7,
yalahar|runes~trade.quarter:,stand,32834,31263,7,
yalahar|runes~trade.quarter:,stand,32834,31265,6,
yalahar|runes~trade.quarter:,stand,32834,31266,5,

# --- yalahar|potions~trade.quarter: (15 waypoints) ---
yalahar|potions~trade.quarter:,stand,32789,31239,5,
yalahar|potions~trade.quarter:,stand,32790,31239,6,
yalahar|potions~trade.quarter:,node,32789,31233,7,
yalahar|potions~trade.quarter:,node,32798,31233,7,
yalahar|potions~trade.quarter:,node,32807,31233,7,
yalahar|potions~trade.quarter:,node,32816,31233,7,
yalahar|potions~trade.quarter:,node,32825,31233,7,
yalahar|potions~trade.quarter:,node,32830,31236,7,
yalahar|potions~trade.quarter:,node,32831,31243,7,
yalahar|potions~trade.quarter:,node,32832,31250,7,
yalahar|potions~trade.quarter:,node,32834,31257,7,
yalahar|potions~trade.quarter:,node,32834,31262,7,
yalahar|potions~trade.quarter:,stand,32834,31263,7,
yalahar|potions~trade.quarter:,stand,32834,31265,6,
yalahar|potions~trade.quarter:,stand,32834,31266,5,

# --- yalahar|food~trade.quarter: (13 waypoints) ---
yalahar|food~trade.quarter:,node,32858,31210,7,
yalahar|food~trade.quarter:,node,32858,31216,7,
yalahar|food~trade.quarter:,node,32858,31222,7,
yalahar|food~trade.quarter:,node,32856,31229,7,
yalahar|food~trade.quarter:,node,32853,31235,7,
yalahar|food~trade.quarter:,node,32849,31241,7,
yalahar|food~trade.quarter:,node,32844,31247,7,
yalahar|food~trade.quarter:,node,32839,31252,7,
yalahar|food~trade.quarter:,node,32834,31257,7,
yalahar|food~trade.quarter:,node,32834,31262,7,
yalahar|food~trade.quarter:,stand,32834,31263,7,
yalahar|food~trade.quarter:,stand,32834,31265,6,
yalahar|food~trade.quarter:,stand,32834,31266,5,

# --- yalahar|loot.morpel~trade.quarter: (8 waypoints) ---
yalahar|loot.morpel~trade.quarter:,node,32829,31240,7,
yalahar|loot.morpel~trade.quarter:,node,32831,31243,7,
yalahar|loot.morpel~trade.quarter:,node,32832,31250,7,
yalahar|loot.morpel~trade.quarter:,node,32834,31257,7,
yalahar|loot.morpel~trade.quarter:,node,32834,31262,7,
yalahar|loot.morpel~trade.quarter:,stand,32834,31263,7,
yalahar|loot.morpel~trade.quarter:,stand,32834,31265,6,
yalahar|loot.morpel~trade.quarter:,stand,32834,31266,5,

# --- yalahar|loot.oiriz~trade.quarter: (13 waypoints) ---
yalahar|loot.oiriz~trade.quarter:,node,32789,31233,7,
yalahar|loot.oiriz~trade.quarter:,node,32798,31233,7,
yalahar|loot.oiriz~trade.quarter:,node,32807,31233,7,
yalahar|loot.oiriz~trade.quarter:,node,32816,31233,7,
yalahar|loot.oiriz~trade.quarter:,node,32825,31233,7,
yalahar|loot.oiriz~trade.quarter:,node,32830,31236,7,
yalahar|loot.oiriz~trade.quarter:,node,32831,31243,7,
yalahar|loot.oiriz~trade.quarter:,node,32832,31250,7,
yalahar|loot.oiriz~trade.quarter:,node,32834,31257,7,
yalahar|loot.oiriz~trade.quarter:,node,32834,31262,7,
yalahar|loot.oiriz~trade.quarter:,stand,32834,31263,7,
yalahar|loot.oiriz~trade.quarter:,stand,32834,31265,6,
yalahar|loot.oiriz~trade.quarter:,stand,32834,31266,5,

# --- yalahar|temple~trade.quarter: (15 waypoints) ---
yalahar|temple~trade.quarter:,node,32785,31270,7,
yalahar|temple~trade.quarter:,stand,32784,31269,7,
yalahar|temple~trade.quarter:,node,32782,31264,6,
yalahar|temple~trade.quarter:,node,32787,31259,6,
yalahar|temple~trade.quarter:,node,32795,31259,6,
yalahar|temple~trade.quarter:,node,32802,31257,6,
yalahar|temple~trade.quarter:,stand,32802,31256,6,
yalahar|temple~trade.quarter:,node,32810,31254,7,
yalahar|temple~trade.quarter:,node,32819,31254,7,
yalahar|temple~trade.quarter:,node,32828,31254,7,
yalahar|temple~trade.quarter:,node,32834,31257,7,
yalahar|temple~trade.quarter:,node,32834,31262,7,
yalahar|temple~trade.quarter:,stand,32834,31263,7,
yalahar|temple~trade.quarter:,stand,32834,31265,6,
yalahar|temple~trade.quarter:,stand,32834,31266,5,

# --- yalahar|trainers~trade.quarter: (17 waypoints) ---
yalahar|trainers~trade.quarter:,node,32778,31248,5,
yalahar|trainers~trade.quarter:,stand,32777,31247,5,
yalahar|trainers~trade.quarter:,node,32781,31249,6,
yalahar|trainers~trade.quarter:,node,32785,31249,6,
yalahar|trainers~trade.quarter:,stand,32786,31248,6,
yalahar|trainers~trade.quarter:,node,32791,31249,7,
yalahar|trainers~trade.quarter:,node,32797,31249,7,
yalahar|trainers~trade.quarter:,node,32802,31250,7,
yalahar|trainers~trade.quarter:,node,32805,31254,7,
yalahar|trainers~trade.quarter:,node,32810,31254,7,
yalahar|trainers~trade.quarter:,node,32819,31254,7,
yalahar|trainers~trade.quarter:,node,32828,31254,7,
yalahar|trainers~trade.quarter:,node,32834,31257,7,
yalahar|trainers~trade.quarter:,node,32834,31262,7,
yalahar|trainers~trade.quarter:,stand,32834,31263,7,
yalahar|trainers~trade.quarter:,stand,32834,31265,6,
yalahar|trainers~trade.quarter:,stand,32834,31266,5,

# --- yalahar|trade.quarter~boat: (4 waypoints) ---
yalahar|trade.quarter~boat:,node,32835,31273,7,
yalahar|trade.quarter~boat:,stand,32835,31272,7,
yalahar|trade.quarter~boat:,stand,32835,31270,6,
yalahar|trade.quarter~boat:,stand,32835,31269,5,

# --- yalahar|trade.quarter~bank: (4 waypoints) ---
yalahar|trade.quarter~bank:,node,32835,31273,7,
yalahar|trade.quarter~bank:,stand,32835,31272,7,
yalahar|trade.quarter~bank:,stand,32835,31270,6,
yalahar|trade.quarter~bank:,stand,32835,31269,5,

# --- yalahar|trade.quarter~depot: (4 waypoints) ---
yalahar|trade.quarter~depot:,node,32835,31273,7,
yalahar|trade.quarter~depot:,stand,32835,31272,7,
yalahar|trade.quarter~depot:,stand,32835,31270,6,
yalahar|trade.quarter~depot:,stand,32835,31269,5,

# --- yalahar|trade.quarter~ammo: (4 waypoints) ---
yalahar|trade.quarter~ammo:,node,32835,31273,7,
yalahar|trade.quarter~ammo:,stand,32835,31272,7,
yalahar|trade.quarter~ammo:,stand,32835,31270,6,
yalahar|trade.quarter~ammo:,stand,32835,31269,5,

# --- yalahar|trade.quarter~runes: (4 waypoints) ---
yalahar|trade.quarter~runes:,node,32835,31273,7,
yalahar|trade.quarter~runes:,stand,32835,31272,7,
yalahar|trade.quarter~runes:,stand,32835,31270,6,
yalahar|trade.quarter~runes:,stand,32835,31269,5,

# --- yalahar|trade.quarter~potions: (4 waypoints) ---
yalahar|trade.quarter~potions:,node,32835,31273,7,
yalahar|trade.quarter~potions:,stand,32835,31272,7,
yalahar|trade.quarter~potions:,stand,32835,31270,6,
yalahar|trade.quarter~potions:,stand,32835,31269,5,

# --- yalahar|trade.quarter~food: (4 waypoints) ---
yalahar|trade.quarter~food:,node,32835,31273,7,
yalahar|trade.quarter~food:,stand,32835,31272,7,
yalahar|trade.quarter~food:,stand,32835,31270,6,
yalahar|trade.quarter~food:,stand,32835,31269,5,

# --- yalahar|trade.quarter~loot.morpel: (4 waypoints) ---
yalahar|trade.quarter~loot.morpel:,node,32835,31273,7,
yalahar|trade.quarter~loot.morpel:,stand,32835,31272,7,
yalahar|trade.quarter~loot.morpel:,stand,32835,31270,6,
yalahar|trade.quarter~loot.morpel:,stand,32835,31269,5,

# --- yalahar|trade.quarter~loot.oiriz: (4 waypoints) ---
yalahar|trade.quarter~loot.oiriz:,node,32835,31273,7,
yalahar|trade.quarter~loot.oiriz:,stand,32835,31272,7,
yalahar|trade.quarter~loot.oiriz:,stand,32835,31270,6,
yalahar|trade.quarter~loot.oiriz:,stand,32835,31269,5,

# --- yalahar|trade.quarter~temple: (4 waypoints) ---
yalahar|trade.quarter~temple:,node,32835,31273,7,
yalahar|trade.quarter~temple:,stand,32835,31272,7,
yalahar|trade.quarter~temple:,stand,32835,31270,6,
yalahar|trade.quarter~temple:,stand,32835,31269,5,

# --- yalahar|trade.quarter~trainers: (4 waypoints) ---
yalahar|trade.quarter~trainers:,node,32835,31273,7,
yalahar|trade.quarter~trainers:,stand,32835,31272,7,
yalahar|trade.quarter~trainers:,stand,32835,31270,6,
yalahar|trade.quarter~trainers:,stand,32835,31269,5,
