source_name,waypoint_type,pos_x,pos_y,pos_z,action_label

# --- ankrahmun|boat~boat: (1 waypoints) ---
ankrahmun|boat~boat:,node,33091,32884,6,

# --- ankrahmun|depot~boat: (14 waypoints) ---
ankrahmun|depot~boat:,node,33126,32849,7,
ankrahmun|depot~boat:,node,33125,32854,7,
ankrahmun|depot~boat:,node,33117,32854,7,
ankrahmun|depot~boat:,node,33111,32852,7,
ankrahmun|depot~boat:,node,33104,32851,7,
ankrahmun|depot~boat:,node,33097,32851,7,
ankrahmun|depot~boat:,node,33090,32851,7,
ankrahmun|depot~boat:,node,33089,32857,7,
ankrahmun|depot~boat:,node,33089,32864,7,
ankrahmun|depot~boat:,node,33088,32871,7,
ankrahmun|depot~boat:,node,33084,32877,7,
ankrahmun|depot~boat:,ladder,33084,32877,7,
ankrahmun|depot~boat:,node,33085,32882,6,
ankrahmun|depot~boat:,node,33091,32884,6,

# --- ankrahmun|bank~tools: (3 waypoints) ---
ankrahmun|bank~tools:,node,33129,32817,6,
ankrahmun|bank~tools:,node,33127,32813,6,
ankrahmun|bank~tools:,stand,33127,32813,6,

# --- ankrahmun|tools~depot: (6 waypoints) ---
ankrahmun|tools~depot:,node,33129,32819,6,
ankrahmun|tools~depot:,node,33127,32825,6,
ankrahmun|tools~depot:,stand,33127,32826,6,
ankrahmun|tools~depot:,node,33127,32833,7,
ankrahmun|tools~depot:,node,33127,32842,7,
ankrahmun|tools~depot:,stand,33127,32842,7,

# --- ankrahmun|potions~boat: (18 waypoints) ---
ankrahmun|potions~boat:,stand,33131,32816,5,
ankrahmun|potions~boat:,node,33127,32825,6,
ankrahmun|potions~boat:,stand,33127,32826,6,
ankrahmun|potions~boat:,node,33123,32829,7,
ankrahmun|potions~boat:,node,33117,32831,7,
ankrahmun|potions~boat:,node,33115,32838,7,
ankrahmun|potions~boat:,node,33115,32847,7,
ankrahmun|potions~boat:,node,33111,32851,7,
ankrahmun|potions~boat:,node,33104,32851,7,
ankrahmun|potions~boat:,node,33097,32851,7,
ankrahmun|potions~boat:,node,33090,32851,7,
ankrahmun|potions~boat:,node,33089,32857,7,
ankrahmun|potions~boat:,node,33089,32864,7,
ankrahmun|potions~boat:,node,33088,32871,7,
ankrahmun|potions~boat:,node,33084,32877,7,
ankrahmun|potions~boat:,ladder,33084,32877,7,
ankrahmun|potions~boat:,node,33085,32882,6,
ankrahmun|potions~boat:,node,33091,32884,6,

# --- ankrahmun|runes~boat: (18 waypoints) ---
ankrahmun|runes~boat:,stand,33131,32816,5,
ankrahmun|runes~boat:,node,33127,32825,6,
ankrahmun|runes~boat:,stand,33127,32826,6,
ankrahmun|runes~boat:,node,33123,32829,7,
ankrahmun|runes~boat:,node,33117,32831,7,
ankrahmun|runes~boat:,node,33115,32838,7,
ankrahmun|runes~boat:,node,33115,32847,7,
ankrahmun|runes~boat:,node,33111,32851,7,
ankrahmun|runes~boat:,node,33104,32851,7,
ankrahmun|runes~boat:,node,33097,32851,7,
ankrahmun|runes~boat:,node,33090,32851,7,
ankrahmun|runes~boat:,node,33089,32857,7,
ankrahmun|runes~boat:,node,33089,32864,7,
ankrahmun|runes~boat:,node,33088,32871,7,
ankrahmun|runes~boat:,node,33084,32877,7,
ankrahmun|runes~boat:,ladder,33084,32877,7,
ankrahmun|runes~boat:,node,33085,32882,6,
ankrahmun|runes~boat:,node,33091,32884,6,

# --- ankrahmun|bank~boat: (17 waypoints) ---
ankrahmun|bank~boat:,node,33127,32825,6,
ankrahmun|bank~boat:,stand,33127,32826,6,
ankrahmun|bank~boat:,node,33123,32829,7,
ankrahmun|bank~boat:,node,33117,32831,7,
ankrahmun|bank~boat:,node,33115,32838,7,
ankrahmun|bank~boat:,node,33115,32847,7,
ankrahmun|bank~boat:,node,33111,32851,7,
ankrahmun|bank~boat:,node,33104,32851,7,
ankrahmun|bank~boat:,node,33097,32851,7,
ankrahmun|bank~boat:,node,33090,32851,7,
ankrahmun|bank~boat:,node,33089,32857,7,
ankrahmun|bank~boat:,node,33089,32864,7,
ankrahmun|bank~boat:,node,33088,32871,7,
ankrahmun|bank~boat:,node,33084,32877,7,
ankrahmun|bank~boat:,ladder,33084,32877,7,
ankrahmun|bank~boat:,node,33085,32882,6,
ankrahmun|bank~boat:,node,33091,32884,6,

# --- ankrahmun|loot~boat: (18 waypoints) ---
ankrahmun|loot~boat:,node,33132,32818,6,
ankrahmun|loot~boat:,node,33127,32825,6,
ankrahmun|loot~boat:,stand,33127,32826,6,
ankrahmun|loot~boat:,node,33123,32829,7,
ankrahmun|loot~boat:,node,33117,32831,7,
ankrahmun|loot~boat:,node,33115,32838,7,
ankrahmun|loot~boat:,node,33115,32847,7,
ankrahmun|loot~boat:,node,33111,32851,7,
ankrahmun|loot~boat:,node,33104,32851,7,
ankrahmun|loot~boat:,node,33097,32851,7,
ankrahmun|loot~boat:,node,33090,32851,7,
ankrahmun|loot~boat:,node,33089,32857,7,
ankrahmun|loot~boat:,node,33089,32864,7,
ankrahmun|loot~boat:,node,33088,32871,7,
ankrahmun|loot~boat:,node,33084,32877,7,
ankrahmun|loot~boat:,ladder,33084,32877,7,
ankrahmun|loot~boat:,node,33085,32882,6,
ankrahmun|loot~boat:,node,33091,32884,6,

# --- ankrahmun|food~boat: (17 waypoints) ---
ankrahmun|food~boat:,node,33127,32825,6,
ankrahmun|food~boat:,stand,33127,32826,6,
ankrahmun|food~boat:,node,33123,32829,7,
ankrahmun|food~boat:,node,33117,32831,7,
ankrahmun|food~boat:,node,33115,32838,7,
ankrahmun|food~boat:,node,33115,32847,7,
ankrahmun|food~boat:,node,33111,32851,7,
ankrahmun|food~boat:,node,33104,32851,7,
ankrahmun|food~boat:,node,33097,32851,7,
ankrahmun|food~boat:,node,33090,32851,7,
ankrahmun|food~boat:,node,33089,32857,7,
ankrahmun|food~boat:,node,33089,32864,7,
ankrahmun|food~boat:,node,33088,32871,7,
ankrahmun|food~boat:,node,33084,32877,7,
ankrahmun|food~boat:,ladder,33084,32877,7,
ankrahmun|food~boat:,node,33085,32882,6,
ankrahmun|food~boat:,node,33091,32884,6,

# --- ankrahmun|ammo~boat: (24 waypoints) ---
ankrahmun|ammo~boat:,node,33150,32809,4,
ankrahmun|ammo~boat:,stand,33149,32809,4,
ankrahmun|ammo~boat:,stand,33151,32809,5,
ankrahmun|ammo~boat:,node,33146,32811,6,
ankrahmun|ammo~boat:,stand,33145,32811,6,
ankrahmun|ammo~boat:,node,33142,32813,7,
ankrahmun|ammo~boat:,node,33141,32824,7,
ankrahmun|ammo~boat:,node,33138,32829,7,
ankrahmun|ammo~boat:,node,33130,32829,7,
ankrahmun|ammo~boat:,node,33123,32829,7,
ankrahmun|ammo~boat:,node,33117,32831,7,
ankrahmun|ammo~boat:,node,33115,32838,7,
ankrahmun|ammo~boat:,node,33115,32847,7,
ankrahmun|ammo~boat:,node,33111,32851,7,
ankrahmun|ammo~boat:,node,33104,32851,7,
ankrahmun|ammo~boat:,node,33097,32851,7,
ankrahmun|ammo~boat:,node,33090,32851,7,
ankrahmun|ammo~boat:,node,33089,32857,7,
ankrahmun|ammo~boat:,node,33089,32864,7,
ankrahmun|ammo~boat:,node,33088,32871,7,
ankrahmun|ammo~boat:,node,33084,32877,7,
ankrahmun|ammo~boat:,ladder,33084,32877,7,
ankrahmun|ammo~boat:,node,33085,32882,6,
ankrahmun|ammo~boat:,node,33091,32884,6,

# --- ankrahmun|trainers~boat: (27 waypoints) ---
ankrahmun|trainers~boat:,node,33165,32815,4,
ankrahmun|trainers~boat:,node,33158,32815,4,
ankrahmun|trainers~boat:,node,33153,32813,4,
ankrahmun|trainers~boat:,node,33149,32810,4,
ankrahmun|trainers~boat:,stand,33149,32809,4,
ankrahmun|trainers~boat:,stand,33151,32809,5,
ankrahmun|trainers~boat:,node,33146,32811,6,
ankrahmun|trainers~boat:,stand,33145,32811,6,
ankrahmun|trainers~boat:,node,33142,32813,7,
ankrahmun|trainers~boat:,node,33141,32824,7,
ankrahmun|trainers~boat:,node,33138,32829,7,
ankrahmun|trainers~boat:,node,33130,32829,7,
ankrahmun|trainers~boat:,node,33123,32829,7,
ankrahmun|trainers~boat:,node,33117,32831,7,
ankrahmun|trainers~boat:,node,33115,32838,7,
ankrahmun|trainers~boat:,node,33115,32847,7,
ankrahmun|trainers~boat:,node,33111,32851,7,
ankrahmun|trainers~boat:,node,33104,32851,7,
ankrahmun|trainers~boat:,node,33097,32851,7,
ankrahmun|trainers~boat:,node,33090,32851,7,
ankrahmun|trainers~boat:,node,33089,32857,7,
ankrahmun|trainers~boat:,node,33089,32864,7,
ankrahmun|trainers~boat:,node,33088,32871,7,
ankrahmun|trainers~boat:,node,33084,32877,7,
ankrahmun|trainers~boat:,ladder,33084,32877,7,
ankrahmun|trainers~boat:,node,33085,32882,6,
ankrahmun|trainers~boat:,node,33091,32884,6,

# --- ankrahmun|temple~boat: (26 waypoints) ---
ankrahmun|temple~boat:,node,33195,32851,8,
ankrahmun|temple~boat:,stand,33195,32850,8,
ankrahmun|temple~boat:,node,33196,32854,7,
ankrahmun|temple~boat:,node,33193,32859,7,
ankrahmun|temple~boat:,node,33186,32862,7,
ankrahmun|temple~boat:,node,33186,32868,7,
ankrahmun|temple~boat:,node,33178,32868,7,
ankrahmun|temple~boat:,node,33170,32868,7,
ankrahmun|temple~boat:,node,33162,32868,7,
ankrahmun|temple~boat:,node,33157,32865,7,
ankrahmun|temple~boat:,node,33156,32857,7,
ankrahmun|temple~boat:,node,33146,32856,7,
ankrahmun|temple~boat:,node,33136,32855,7,
ankrahmun|temple~boat:,node,33125,32854,7,
ankrahmun|temple~boat:,node,33117,32854,7,
ankrahmun|temple~boat:,node,33111,32852,7,
ankrahmun|temple~boat:,node,33104,32851,7,
ankrahmun|temple~boat:,node,33097,32851,7,
ankrahmun|temple~boat:,node,33090,32851,7,
ankrahmun|temple~boat:,node,33089,32857,7,
ankrahmun|temple~boat:,node,33089,32864,7,
ankrahmun|temple~boat:,node,33088,32871,7,
ankrahmun|temple~boat:,node,33084,32877,7,
ankrahmun|temple~boat:,ladder,33084,32877,7,
ankrahmun|temple~boat:,node,33085,32882,6,
ankrahmun|temple~boat:,node,33091,32884,6,

# --- ankrahmun|east.gate~boat: (33 waypoints) ---
ankrahmun|east.gate~boat:,node,33240,32798,7,
ankrahmun|east.gate~boat:,stand,33240,32799,7,
ankrahmun|east.gate~boat:,stand,33240,32803,6,
ankrahmun|east.gate~boat:,node,33237,32808,7,
ankrahmun|east.gate~boat:,node,33231,32813,7,
ankrahmun|east.gate~boat:,node,33231,32820,7,
ankrahmun|east.gate~boat:,node,33220,32820,7,
ankrahmun|east.gate~boat:,node,33210,32820,7,
ankrahmun|east.gate~boat:,node,33200,32820,7,
ankrahmun|east.gate~boat:,node,33190,32820,7,
ankrahmun|east.gate~boat:,node,33183,32823,7,
ankrahmun|east.gate~boat:,node,33177,32825,7,
ankrahmun|east.gate~boat:,node,33171,32827,7,
ankrahmun|east.gate~boat:,node,33163,32829,7,
ankrahmun|east.gate~boat:,node,33154,32829,7,
ankrahmun|east.gate~boat:,node,33145,32829,7,
ankrahmun|east.gate~boat:,node,33138,32829,7,
ankrahmun|east.gate~boat:,node,33130,32829,7,
ankrahmun|east.gate~boat:,node,33123,32829,7,
ankrahmun|east.gate~boat:,node,33117,32831,7,
ankrahmun|east.gate~boat:,node,33115,32838,7,
ankrahmun|east.gate~boat:,node,33115,32847,7,
ankrahmun|east.gate~boat:,node,33111,32851,7,
ankrahmun|east.gate~boat:,node,33104,32851,7,
ankrahmun|east.gate~boat:,node,33097,32851,7,
ankrahmun|east.gate~boat:,node,33090,32851,7,
ankrahmun|east.gate~boat:,node,33089,32857,7,
ankrahmun|east.gate~boat:,node,33089,32864,7,
ankrahmun|east.gate~boat:,node,33088,32871,7,
ankrahmun|east.gate~boat:,node,33084,32877,7,
ankrahmun|east.gate~boat:,ladder,33084,32877,7,
ankrahmun|east.gate~boat:,node,33085,32882,6,
ankrahmun|east.gate~boat:,node,33091,32884,6,

# --- ankrahmun|north.gate~boat: (31 waypoints) ---
ankrahmun|north.gate~boat:,node,33153,32761,7,
ankrahmun|north.gate~boat:,stand,33153,32762,7,
ankrahmun|north.gate~boat:,stand,33153,32766,6,
ankrahmun|north.gate~boat:,node,33153,32771,7,
ankrahmun|north.gate~boat:,node,33153,32776,7,
ankrahmun|north.gate~boat:,node,33153,32781,7,
ankrahmun|north.gate~boat:,node,33146,32781,7,
ankrahmun|north.gate~boat:,node,33139,32781,7,
ankrahmun|north.gate~boat:,node,33139,32788,7,
ankrahmun|north.gate~boat:,node,33139,32795,7,
ankrahmun|north.gate~boat:,node,33139,32802,7,
ankrahmun|north.gate~boat:,node,33140,32808,7,
ankrahmun|north.gate~boat:,node,33140,32816,7,
ankrahmun|north.gate~boat:,node,33140,32824,7,
ankrahmun|north.gate~boat:,node,33140,32829,7,
ankrahmun|north.gate~boat:,node,33130,32829,7,
ankrahmun|north.gate~boat:,node,33123,32829,7,
ankrahmun|north.gate~boat:,node,33117,32831,7,
ankrahmun|north.gate~boat:,node,33115,32838,7,
ankrahmun|north.gate~boat:,node,33115,32847,7,
ankrahmun|north.gate~boat:,node,33111,32851,7,
ankrahmun|north.gate~boat:,node,33104,32851,7,
ankrahmun|north.gate~boat:,node,33097,32851,7,
ankrahmun|north.gate~boat:,node,33090,32851,7,
ankrahmun|north.gate~boat:,node,33089,32857,7,
ankrahmun|north.gate~boat:,node,33089,32864,7,
ankrahmun|north.gate~boat:,node,33088,32871,7,
ankrahmun|north.gate~boat:,node,33084,32877,7,
ankrahmun|north.gate~boat:,ladder,33084,32877,7,
ankrahmun|north.gate~boat:,node,33085,32882,6,
ankrahmun|north.gate~boat:,node,33091,32884,6,

# --- ankrahmun|west.gate~boat: (21 waypoints) ---
ankrahmun|west.gate~boat:,node,33087,32783,7,
ankrahmun|west.gate~boat:,stand,33087,32784,7,
ankrahmun|west.gate~boat:,stand,33087,32787,6,
ankrahmun|west.gate~boat:,node,33091,32792,7,
ankrahmun|west.gate~boat:,node,33098,32793,7,
ankrahmun|west.gate~boat:,node,33098,32801,7,
ankrahmun|west.gate~boat:,node,33098,32809,7,
ankrahmun|west.gate~boat:,node,33098,32817,7,
ankrahmun|west.gate~boat:,node,33098,32823,7,
ankrahmun|west.gate~boat:,node,33098,32829,7,
ankrahmun|west.gate~boat:,node,33093,32831,7,
ankrahmun|west.gate~boat:,node,33093,32839,7,
ankrahmun|west.gate~boat:,node,33093,32846,7,
ankrahmun|west.gate~boat:,node,33090,32851,7,
ankrahmun|west.gate~boat:,node,33089,32857,7,
ankrahmun|west.gate~boat:,node,33089,32864,7,
ankrahmun|west.gate~boat:,node,33088,32871,7,
ankrahmun|west.gate~boat:,node,33084,32877,7,
ankrahmun|west.gate~boat:,ladder,33084,32877,7,
ankrahmun|west.gate~boat:,node,33085,32882,6,
ankrahmun|west.gate~boat:,node,33091,32884,6,

# --- ankrahmun|depot~depot: (1 waypoints) ---
ankrahmun|depot~depot:,node,33125,32844,7,

# --- depot|ankrahmun|1: (1 waypoints) ---
depot|ankrahmun|1:,node,33125,32844,7,

# --- ankrahmun|boat~depot: (13 waypoints) ---
ankrahmun|boat~depot:,node,33085,32883,6,
ankrahmun|boat~depot:,node,33084,32878,6,
ankrahmun|boat~depot:,stand,33084,32877,6,
ankrahmun|boat~depot:,node,33088,32872,7,
ankrahmun|boat~depot:,node,33089,32864,7,
ankrahmun|boat~depot:,node,33089,32857,7,
ankrahmun|boat~depot:,node,33090,32851,7,
ankrahmun|boat~depot:,node,33097,32851,7,
ankrahmun|boat~depot:,node,33106,32851,7,
ankrahmun|boat~depot:,node,33113,32852,7,
ankrahmun|boat~depot:,node,33118,32854,7,
ankrahmun|boat~depot:,node,33125,32854,7,
ankrahmun|boat~depot:,node,33125,32844,7,

# --- ankrahmun|potions~depot: (7 waypoints) ---
ankrahmun|potions~depot:,stand,33130,32816,5,
ankrahmun|potions~depot:,node,33129,32821,6,
ankrahmun|potions~depot:,node,33127,32825,6,
ankrahmun|potions~depot:,stand,33127,32826,6,
ankrahmun|potions~depot:,node,33126,32832,7,
ankrahmun|potions~depot:,node,33125,32838,7,
ankrahmun|potions~depot:,node,33125,32844,7,

# --- ankrahmun|runes~depot: (7 waypoints) ---
ankrahmun|runes~depot:,stand,33130,32816,5,
ankrahmun|runes~depot:,node,33129,32821,6,
ankrahmun|runes~depot:,node,33127,32825,6,
ankrahmun|runes~depot:,stand,33127,32826,6,
ankrahmun|runes~depot:,node,33126,32832,7,
ankrahmun|runes~depot:,node,33125,32838,7,
ankrahmun|runes~depot:,node,33125,32844,7,

# --- ankrahmun|bank~depot: (5 waypoints) ---
ankrahmun|bank~depot:,node,33127,32825,6,
ankrahmun|bank~depot:,stand,33127,32826,6,
ankrahmun|bank~depot:,node,33126,32832,7,
ankrahmun|bank~depot:,node,33125,32838,7,
ankrahmun|bank~depot:,node,33125,32844,7,

# --- ankrahmun|loot~depot: (5 waypoints) ---
ankrahmun|loot~depot:,node,33127,32825,6,
ankrahmun|loot~depot:,stand,33127,32826,6,
ankrahmun|loot~depot:,node,33126,32832,7,
ankrahmun|loot~depot:,node,33125,32838,7,
ankrahmun|loot~depot:,node,33125,32844,7,

# --- ankrahmun|food~depot: (5 waypoints) ---
ankrahmun|food~depot:,node,33127,32825,6,
ankrahmun|food~depot:,stand,33127,32826,6,
ankrahmun|food~depot:,node,33126,32832,7,
ankrahmun|food~depot:,node,33125,32838,7,
ankrahmun|food~depot:,node,33125,32844,7,

# --- ankrahmun|ammo~depot: (12 waypoints) ---
ankrahmun|ammo~depot:,node,33150,32810,4,
ankrahmun|ammo~depot:,stand,33149,32809,4,
ankrahmun|ammo~depot:,stand,33151,32809,5,
ankrahmun|ammo~depot:,node,33146,32811,6,
ankrahmun|ammo~depot:,stand,33145,32811,6,
ankrahmun|ammo~depot:,node,33141,32814,7,
ankrahmun|ammo~depot:,node,33141,32821,7,
ankrahmun|ammo~depot:,node,33140,32828,7,
ankrahmun|ammo~depot:,node,33135,32832,7,
ankrahmun|ammo~depot:,node,33128,32833,7,
ankrahmun|ammo~depot:,node,33125,32838,7,
ankrahmun|ammo~depot:,node,33125,32844,7,

# --- ankrahmun|trainers~depot: (15 waypoints) ---
ankrahmun|trainers~depot:,node,33167,32815,4,
ankrahmun|trainers~depot:,node,33160,32815,4,
ankrahmun|trainers~depot:,node,33153,32813,4,
ankrahmun|trainers~depot:,node,33150,32810,4,
ankrahmun|trainers~depot:,stand,33149,32809,4,
ankrahmun|trainers~depot:,stand,33151,32809,5,
ankrahmun|trainers~depot:,node,33146,32811,6,
ankrahmun|trainers~depot:,stand,33145,32811,6,
ankrahmun|trainers~depot:,node,33141,32814,7,
ankrahmun|trainers~depot:,node,33141,32821,7,
ankrahmun|trainers~depot:,node,33140,32828,7,
ankrahmun|trainers~depot:,node,33135,32832,7,
ankrahmun|trainers~depot:,node,33128,32833,7,
ankrahmun|trainers~depot:,node,33125,32838,7,
ankrahmun|trainers~depot:,node,33125,32844,7,

# --- ankrahmun|temple~depot: (13 waypoints) ---
ankrahmun|temple~depot:,node,33195,32851,8,
ankrahmun|temple~depot:,stand,33195,32850,8,
ankrahmun|temple~depot:,node,33196,32851,7,
ankrahmun|temple~depot:,node,33196,32859,7,
ankrahmun|temple~depot:,node,33187,32859,7,
ankrahmun|temple~depot:,node,33186,32868,7,
ankrahmun|temple~depot:,node,33176,32868,7,
ankrahmun|temple~depot:,node,33165,32868,7,
ankrahmun|temple~depot:,node,33163,32856,7,
ankrahmun|temple~depot:,node,33150,32856,7,
ankrahmun|temple~depot:,node,33136,32856,7,
ankrahmun|temple~depot:,node,33127,32854,7,
ankrahmun|temple~depot:,node,33125,32844,7,

# --- ankrahmun|west.gate~depot: (15 waypoints) ---
ankrahmun|west.gate~depot:,node,33087,32783,7,
ankrahmun|west.gate~depot:,stand,33087,32784,7,
ankrahmun|west.gate~depot:,stand,33087,32787,6,
ankrahmun|west.gate~depot:,node,33092,32792,7,
ankrahmun|west.gate~depot:,node,33098,32794,7,
ankrahmun|west.gate~depot:,node,33098,32800,7,
ankrahmun|west.gate~depot:,node,33099,32807,7,
ankrahmun|west.gate~depot:,node,33099,32814,7,
ankrahmun|west.gate~depot:,node,33099,32821,7,
ankrahmun|west.gate~depot:,node,33099,32829,7,
ankrahmun|west.gate~depot:,node,33109,32830,7,
ankrahmun|west.gate~depot:,node,33119,32831,7,
ankrahmun|west.gate~depot:,node,33125,32834,7,
ankrahmun|west.gate~depot:,node,33125,32838,7,
ankrahmun|west.gate~depot:,node,33125,32844,7,

# --- ankrahmun|east.gate~depot: (20 waypoints) ---
ankrahmun|east.gate~depot:,node,33240,32798,7,
ankrahmun|east.gate~depot:,stand,33240,32799,7,
ankrahmun|east.gate~depot:,stand,33239,32803,6,
ankrahmun|east.gate~depot:,node,33231,32813,7,
ankrahmun|east.gate~depot:,node,33231,32820,7,
ankrahmun|east.gate~depot:,node,33220,32820,7,
ankrahmun|east.gate~depot:,node,33210,32820,7,
ankrahmun|east.gate~depot:,node,33200,32820,7,
ankrahmun|east.gate~depot:,node,33193,32821,7,
ankrahmun|east.gate~depot:,node,33185,32821,7,
ankrahmun|east.gate~depot:,node,33180,32825,7,
ankrahmun|east.gate~depot:,node,33173,32828,7,
ankrahmun|east.gate~depot:,node,33165,32828,7,
ankrahmun|east.gate~depot:,node,33156,32830,7,
ankrahmun|east.gate~depot:,node,33148,32830,7,
ankrahmun|east.gate~depot:,node,33140,32830,7,
ankrahmun|east.gate~depot:,node,33135,32832,7,
ankrahmun|east.gate~depot:,node,33128,32833,7,
ankrahmun|east.gate~depot:,node,33125,32838,7,
ankrahmun|east.gate~depot:,node,33125,32844,7,

# --- ankrahmun|north.gate~depot: (18 waypoints) ---
ankrahmun|north.gate~depot:,node,33153,32761,7,
ankrahmun|north.gate~depot:,stand,33153,32762,7,
ankrahmun|north.gate~depot:,stand,33153,32766,6,
ankrahmun|north.gate~depot:,node,33153,32775,7,
ankrahmun|north.gate~depot:,node,33153,32781,7,
ankrahmun|north.gate~depot:,node,33146,32781,7,
ankrahmun|north.gate~depot:,node,33139,32781,7,
ankrahmun|north.gate~depot:,node,33139,32789,7,
ankrahmun|north.gate~depot:,node,33139,32797,7,
ankrahmun|north.gate~depot:,node,33139,32803,7,
ankrahmun|north.gate~depot:,node,33141,32807,7,
ankrahmun|north.gate~depot:,node,33141,32814,7,
ankrahmun|north.gate~depot:,node,33141,32821,7,
ankrahmun|north.gate~depot:,node,33140,32828,7,
ankrahmun|north.gate~depot:,node,33135,32832,7,
ankrahmun|north.gate~depot:,node,33128,32833,7,
ankrahmun|north.gate~depot:,node,33125,32838,7,
ankrahmun|north.gate~depot:,node,33125,32844,7,

# --- ankrahmun|boat~potions: (17 waypoints) ---
ankrahmun|boat~potions:,node,33085,32883,6,
ankrahmun|boat~potions:,node,33084,32878,6,
ankrahmun|boat~potions:,stand,33084,32877,6,
ankrahmun|boat~potions:,node,33088,32872,7,
ankrahmun|boat~potions:,node,33089,32861,7,
ankrahmun|boat~potions:,node,33090,32851,7,
ankrahmun|boat~potions:,node,33103,32851,7,
ankrahmun|boat~potions:,node,33114,32850,7,
ankrahmun|boat~potions:,node,33116,32841,7,
ankrahmun|boat~potions:,node,33116,32833,7,
ankrahmun|boat~potions:,node,33121,32829,7,
ankrahmun|boat~potions:,node,33127,32827,7,
ankrahmun|boat~potions:,stand,33128,32826,7,
ankrahmun|boat~potions:,node,33130,32817,6,
ankrahmun|boat~potions:,stand,33130,32816,6,
ankrahmun|boat~potions:,node,33130,32813,5,
ankrahmun|boat~potions:,stand,33130,32813,5,

# --- ankrahmun|depot~potions: (8 waypoints) ---
ankrahmun|depot~potions:,node,33125,32838,7,
ankrahmun|depot~potions:,node,33126,32832,7,
ankrahmun|depot~potions:,node,33128,32827,7,
ankrahmun|depot~potions:,stand,33128,32826,7,
ankrahmun|depot~potions:,node,33130,32817,6,
ankrahmun|depot~potions:,stand,33130,32816,6,
ankrahmun|depot~potions:,node,33130,32813,5,
ankrahmun|depot~potions:,stand,33130,32813,5,

# --- ankrahmun|potions~potions: (2 waypoints) ---
ankrahmun|potions~potions:,node,33130,32813,5,
ankrahmun|potions~potions:,stand,33130,32813,5,

# --- ankrahmun|runes~potions: (2 waypoints) ---
ankrahmun|runes~potions:,node,33130,32813,5,
ankrahmun|runes~potions:,stand,33130,32813,5,

# --- ankrahmun|bank~potions: (4 waypoints) ---
ankrahmun|bank~potions:,node,33131,32817,6,
ankrahmun|bank~potions:,stand,33131,32816,6,
ankrahmun|bank~potions:,node,33130,32813,5,
ankrahmun|bank~potions:,stand,33130,32813,5,

# --- ankrahmun|Loot~potions: (4 waypoints) ---
ankrahmun|Loot~potions:,node,33132,32816,6,
ankrahmun|Loot~potions:,stand,33131,32816,6,
ankrahmun|Loot~potions:,node,33130,32813,5,
ankrahmun|Loot~potions:,stand,33130,32813,5,

# --- ankrahmun|food~potions: (4 waypoints) ---
ankrahmun|food~potions:,node,33130,32817,6,
ankrahmun|food~potions:,stand,33130,32816,6,
ankrahmun|food~potions:,node,33130,32813,5,
ankrahmun|food~potions:,stand,33130,32813,5,

# --- ankrahmun|ammo~potions: (12 waypoints) ---
ankrahmun|ammo~potions:,node,33150,32810,4,
ankrahmun|ammo~potions:,stand,33149,32809,4,
ankrahmun|ammo~potions:,stand,33151,32809,5,
ankrahmun|ammo~potions:,node,33149,32811,6,
ankrahmun|ammo~potions:,node,33146,32811,6,
ankrahmun|ammo~potions:,stand,33145,32811,6,
ankrahmun|ammo~potions:,node,33139,32811,7,
ankrahmun|ammo~potions:,stand,33138,32811,7,
ankrahmun|ammo~potions:,node,33132,32816,6,
ankrahmun|ammo~potions:,stand,33131,32816,6,
ankrahmun|ammo~potions:,node,33130,32813,5,
ankrahmun|ammo~potions:,stand,33130,32813,5,

# --- ankrahmun|trainers~potions: (15 waypoints) ---
ankrahmun|trainers~potions:,node,33167,32815,4,
ankrahmun|trainers~potions:,node,33161,32815,4,
ankrahmun|trainers~potions:,node,33154,32813,4,
ankrahmun|trainers~potions:,node,33150,32810,4,
ankrahmun|trainers~potions:,stand,33149,32809,4,
ankrahmun|trainers~potions:,stand,33151,32809,5,
ankrahmun|trainers~potions:,node,33149,32811,6,
ankrahmun|trainers~potions:,node,33146,32811,6,
ankrahmun|trainers~potions:,stand,33145,32811,6,
ankrahmun|trainers~potions:,node,33139,32811,7,
ankrahmun|trainers~potions:,stand,33138,32811,7,
ankrahmun|trainers~potions:,node,33132,32816,6,
ankrahmun|trainers~potions:,stand,33131,32816,6,
ankrahmun|trainers~potions:,node,33130,32813,5,
ankrahmun|trainers~potions:,stand,33130,32813,5,

# --- ankrahmun|temple~potions: (19 waypoints) ---
ankrahmun|temple~potions:,node,33195,32851,8,
ankrahmun|temple~potions:,stand,33195,32850,8,
ankrahmun|temple~potions:,node,33196,32851,7,
ankrahmun|temple~potions:,node,33196,32859,7,
ankrahmun|temple~potions:,node,33187,32859,7,
ankrahmun|temple~potions:,node,33187,32852,7,
ankrahmun|temple~potions:,node,33185,32847,7,
ankrahmun|temple~potions:,node,33174,32847,7,
ankrahmun|temple~potions:,node,33166,32845,7,
ankrahmun|temple~potions:,node,33165,32838,7,
ankrahmun|temple~potions:,node,33163,32831,7,
ankrahmun|temple~potions:,node,33154,32830,7,
ankrahmun|temple~potions:,node,33142,32830,7,
ankrahmun|temple~potions:,node,33135,32827,7,
ankrahmun|temple~potions:,stand,33134,32826,7,
ankrahmun|temple~potions:,node,33131,32817,6,
ankrahmun|temple~potions:,stand,33131,32816,6,
ankrahmun|temple~potions:,node,33130,32813,5,
ankrahmun|temple~potions:,stand,33130,32813,5,

# --- ankrahmun|west.gate~potions: (15 waypoints) ---
ankrahmun|west.gate~potions:,node,33087,32783,7,
ankrahmun|west.gate~potions:,stand,33087,32784,7,
ankrahmun|west.gate~potions:,stand,33087,32787,6,
ankrahmun|west.gate~potions:,node,33090,32792,7,
ankrahmun|west.gate~potions:,node,33098,32794,7,
ankrahmun|west.gate~potions:,node,33099,32800,7,
ankrahmun|west.gate~potions:,node,33099,32807,7,
ankrahmun|west.gate~potions:,node,33108,32809,7,
ankrahmun|west.gate~potions:,node,33117,32809,7,
ankrahmun|west.gate~potions:,node,33122,32812,7,
ankrahmun|west.gate~potions:,stand,33123,32812,7,
ankrahmun|west.gate~potions:,node,33129,32816,6,
ankrahmun|west.gate~potions:,stand,33130,32816,6,
ankrahmun|west.gate~potions:,node,33130,32813,5,
ankrahmun|west.gate~potions:,stand,33130,32813,5,

# --- ankrahmun|east.gate~potions: (21 waypoints) ---
ankrahmun|east.gate~potions:,node,33240,32798,7,
ankrahmun|east.gate~potions:,stand,33240,32799,7,
ankrahmun|east.gate~potions:,stand,33239,32803,6,
ankrahmun|east.gate~potions:,node,33230,32806,7,
ankrahmun|east.gate~potions:,node,33217,32806,7,
ankrahmun|east.gate~potions:,node,33217,32802,7,
ankrahmun|east.gate~potions:,node,33208,32802,7,
ankrahmun|east.gate~potions:,node,33200,32802,7,
ankrahmun|east.gate~potions:,node,33197,32800,7,
ankrahmun|east.gate~potions:,node,33188,32800,7,
ankrahmun|east.gate~potions:,node,33180,32800,7,
ankrahmun|east.gate~potions:,node,33176,32804,7,
ankrahmun|east.gate~potions:,node,33164,32804,7,
ankrahmun|east.gate~potions:,node,33154,32804,7,
ankrahmun|east.gate~potions:,node,33144,32805,7,
ankrahmun|east.gate~potions:,node,33139,32811,7,
ankrahmun|east.gate~potions:,stand,33138,32811,7,
ankrahmun|east.gate~potions:,node,33132,32816,6,
ankrahmun|east.gate~potions:,stand,33131,32816,6,
ankrahmun|east.gate~potions:,node,33130,32813,5,
ankrahmun|east.gate~potions:,stand,33130,32813,5,

# --- ankrahmun|north.gate~potions: (16 waypoints) ---
ankrahmun|north.gate~potions:,node,33153,32761,7,
ankrahmun|north.gate~potions:,stand,33153,32762,7,
ankrahmun|north.gate~potions:,stand,33153,32766,6,
ankrahmun|north.gate~potions:,node,33153,32774,7,
ankrahmun|north.gate~potions:,node,33153,32781,7,
ankrahmun|north.gate~potions:,node,33146,32781,7,
ankrahmun|north.gate~potions:,node,33139,32781,7,
ankrahmun|north.gate~potions:,node,33139,32788,7,
ankrahmun|north.gate~potions:,node,33139,32795,7,
ankrahmun|north.gate~potions:,node,33136,32804,7,
ankrahmun|north.gate~potions:,stand,33136,32805,7,
ankrahmun|north.gate~potions:,node,33132,32811,6,
ankrahmun|north.gate~potions:,node,33132,32816,6,
ankrahmun|north.gate~potions:,stand,33131,32816,6,
ankrahmun|north.gate~potions:,node,33130,32813,5,
ankrahmun|north.gate~potions:,stand,33130,32813,5,

# --- ankrahmun|boat~runes: (17 waypoints) ---
ankrahmun|boat~runes:,node,33085,32883,6,
ankrahmun|boat~runes:,node,33084,32878,6,
ankrahmun|boat~runes:,stand,33084,32877,6,
ankrahmun|boat~runes:,node,33088,32872,7,
ankrahmun|boat~runes:,node,33089,32861,7,
ankrahmun|boat~runes:,node,33090,32851,7,
ankrahmun|boat~runes:,node,33103,32851,7,
ankrahmun|boat~runes:,node,33114,32850,7,
ankrahmun|boat~runes:,node,33116,32841,7,
ankrahmun|boat~runes:,node,33116,32833,7,
ankrahmun|boat~runes:,node,33121,32829,7,
ankrahmun|boat~runes:,node,33127,32827,7,
ankrahmun|boat~runes:,stand,33128,32826,7,
ankrahmun|boat~runes:,node,33130,32817,6,
ankrahmun|boat~runes:,stand,33130,32816,6,
ankrahmun|boat~runes:,node,33130,32817,5,
ankrahmun|boat~runes:,stand,33130,32817,5,

# --- ankrahmun|depot~runes: (8 waypoints) ---
ankrahmun|depot~runes:,node,33125,32838,7,
ankrahmun|depot~runes:,node,33126,32832,7,
ankrahmun|depot~runes:,node,33128,32827,7,
ankrahmun|depot~runes:,stand,33128,32826,7,
ankrahmun|depot~runes:,node,33130,32817,6,
ankrahmun|depot~runes:,stand,33130,32816,6,
ankrahmun|depot~runes:,node,33130,32817,5,
ankrahmun|depot~runes:,stand,33130,32817,5,

# --- ankrahmun|potions~runes: (2 waypoints) ---
ankrahmun|potions~runes:,node,33130,32817,5,
ankrahmun|potions~runes:,stand,33130,32817,5,

# --- ankrahmun|runes~runes: (2 waypoints) ---
ankrahmun|runes~runes:,node,33130,32817,5,
ankrahmun|runes~runes:,stand,33130,32817,5,

# --- ankrahmun|bank~runes: (4 waypoints) ---
ankrahmun|bank~runes:,node,33131,32817,6,
ankrahmun|bank~runes:,stand,33131,32816,6,
ankrahmun|bank~runes:,node,33130,32817,5,
ankrahmun|bank~runes:,stand,33130,32817,5,

# --- ankrahmun|Loot~runes: (4 waypoints) ---
ankrahmun|Loot~runes:,node,33132,32816,6,
ankrahmun|Loot~runes:,stand,33131,32816,6,
ankrahmun|Loot~runes:,node,33130,32817,5,
ankrahmun|Loot~runes:,stand,33130,32817,5,

# --- ankrahmun|food~runes: (4 waypoints) ---
ankrahmun|food~runes:,node,33130,32817,6,
ankrahmun|food~runes:,stand,33130,32816,6,
ankrahmun|food~runes:,node,33130,32817,5,
ankrahmun|food~runes:,stand,33130,32817,5,

# --- ankrahmun|ammo~runes: (12 waypoints) ---
ankrahmun|ammo~runes:,node,33150,32810,4,
ankrahmun|ammo~runes:,stand,33149,32809,4,
ankrahmun|ammo~runes:,stand,33151,32809,5,
ankrahmun|ammo~runes:,node,33149,32811,6,
ankrahmun|ammo~runes:,node,33146,32811,6,
ankrahmun|ammo~runes:,stand,33145,32811,6,
ankrahmun|ammo~runes:,node,33139,32811,7,
ankrahmun|ammo~runes:,stand,33138,32811,7,
ankrahmun|ammo~runes:,node,33132,32816,6,
ankrahmun|ammo~runes:,stand,33131,32816,6,
ankrahmun|ammo~runes:,node,33130,32817,5,
ankrahmun|ammo~runes:,stand,33130,32817,5,

# --- ankrahmun|trainers~runes: (15 waypoints) ---
ankrahmun|trainers~runes:,node,33167,32815,4,
ankrahmun|trainers~runes:,node,33161,32815,4,
ankrahmun|trainers~runes:,node,33154,32813,4,
ankrahmun|trainers~runes:,node,33150,32810,4,
ankrahmun|trainers~runes:,stand,33149,32809,4,
ankrahmun|trainers~runes:,stand,33151,32809,5,
ankrahmun|trainers~runes:,node,33149,32811,6,
ankrahmun|trainers~runes:,node,33146,32811,6,
ankrahmun|trainers~runes:,stand,33145,32811,6,
ankrahmun|trainers~runes:,node,33139,32811,7,
ankrahmun|trainers~runes:,stand,33138,32811,7,
ankrahmun|trainers~runes:,node,33132,32816,6,
ankrahmun|trainers~runes:,stand,33131,32816,6,
ankrahmun|trainers~runes:,node,33130,32817,5,
ankrahmun|trainers~runes:,stand,33130,32817,5,

# --- ankrahmun|temple~runes: (19 waypoints) ---
ankrahmun|temple~runes:,node,33195,32851,8,
ankrahmun|temple~runes:,stand,33195,32850,8,
ankrahmun|temple~runes:,node,33196,32851,7,
ankrahmun|temple~runes:,node,33196,32859,7,
ankrahmun|temple~runes:,node,33187,32859,7,
ankrahmun|temple~runes:,node,33187,32852,7,
ankrahmun|temple~runes:,node,33185,32847,7,
ankrahmun|temple~runes:,node,33174,32847,7,
ankrahmun|temple~runes:,node,33166,32845,7,
ankrahmun|temple~runes:,node,33165,32838,7,
ankrahmun|temple~runes:,node,33163,32831,7,
ankrahmun|temple~runes:,node,33154,32830,7,
ankrahmun|temple~runes:,node,33142,32830,7,
ankrahmun|temple~runes:,node,33135,32827,7,
ankrahmun|temple~runes:,stand,33134,32826,7,
ankrahmun|temple~runes:,node,33131,32817,6,
ankrahmun|temple~runes:,stand,33131,32816,6,
ankrahmun|temple~runes:,node,33130,32817,5,
ankrahmun|temple~runes:,stand,33130,32817,5,

# --- ankrahmun|west.gate~runes: (15 waypoints) ---
ankrahmun|west.gate~runes:,node,33087,32783,7,
ankrahmun|west.gate~runes:,stand,33087,32784,7,
ankrahmun|west.gate~runes:,stand,33087,32787,6,
ankrahmun|west.gate~runes:,node,33090,32792,7,
ankrahmun|west.gate~runes:,node,33098,32794,7,
ankrahmun|west.gate~runes:,node,33099,32800,7,
ankrahmun|west.gate~runes:,node,33099,32807,7,
ankrahmun|west.gate~runes:,node,33108,32809,7,
ankrahmun|west.gate~runes:,node,33117,32809,7,
ankrahmun|west.gate~runes:,node,33122,32812,7,
ankrahmun|west.gate~runes:,stand,33123,32812,7,
ankrahmun|west.gate~runes:,node,33129,32816,6,
ankrahmun|west.gate~runes:,stand,33130,32816,6,
ankrahmun|west.gate~runes:,node,33130,32817,5,
ankrahmun|west.gate~runes:,stand,33130,32817,5,

# --- ankrahmun|east.gate~runes: (21 waypoints) ---
ankrahmun|east.gate~runes:,node,33240,32798,7,
ankrahmun|east.gate~runes:,stand,33240,32799,7,
ankrahmun|east.gate~runes:,stand,33239,32803,6,
ankrahmun|east.gate~runes:,node,33230,32806,7,
ankrahmun|east.gate~runes:,node,33217,32806,7,
ankrahmun|east.gate~runes:,node,33217,32802,7,
ankrahmun|east.gate~runes:,node,33208,32802,7,
ankrahmun|east.gate~runes:,node,33200,32802,7,
ankrahmun|east.gate~runes:,node,33197,32800,7,
ankrahmun|east.gate~runes:,node,33188,32800,7,
ankrahmun|east.gate~runes:,node,33180,32800,7,
ankrahmun|east.gate~runes:,node,33176,32804,7,
ankrahmun|east.gate~runes:,node,33164,32804,7,
ankrahmun|east.gate~runes:,node,33154,32804,7,
ankrahmun|east.gate~runes:,node,33144,32805,7,
ankrahmun|east.gate~runes:,node,33139,32811,7,
ankrahmun|east.gate~runes:,stand,33138,32811,7,
ankrahmun|east.gate~runes:,node,33132,32816,6,
ankrahmun|east.gate~runes:,stand,33131,32816,6,
ankrahmun|east.gate~runes:,node,33130,32817,5,
ankrahmun|east.gate~runes:,stand,33130,32817,5,

# --- ankrahmun|north.gate~runes: (16 waypoints) ---
ankrahmun|north.gate~runes:,node,33153,32761,7,
ankrahmun|north.gate~runes:,stand,33153,32762,7,
ankrahmun|north.gate~runes:,stand,33153,32766,6,
ankrahmun|north.gate~runes:,node,33153,32774,7,
ankrahmun|north.gate~runes:,node,33153,32781,7,
ankrahmun|north.gate~runes:,node,33146,32781,7,
ankrahmun|north.gate~runes:,node,33139,32781,7,
ankrahmun|north.gate~runes:,node,33139,32788,7,
ankrahmun|north.gate~runes:,node,33139,32795,7,
ankrahmun|north.gate~runes:,node,33136,32804,7,
ankrahmun|north.gate~runes:,stand,33136,32805,7,
ankrahmun|north.gate~runes:,node,33132,32811,6,
ankrahmun|north.gate~runes:,node,33132,32816,6,
ankrahmun|north.gate~runes:,stand,33131,32816,6,
ankrahmun|north.gate~runes:,node,33130,32817,5,
ankrahmun|north.gate~runes:,stand,33130,32817,5,

# --- ankrahmun|boat~bank: (17 waypoints) ---
ankrahmun|boat~bank:,node,33085,32883,6,
ankrahmun|boat~bank:,node,33084,32878,6,
ankrahmun|boat~bank:,stand,33084,32877,6,
ankrahmun|boat~bank:,node,33089,32873,7,
ankrahmun|boat~bank:,node,33089,32865,7,
ankrahmun|boat~bank:,node,33089,32857,7,
ankrahmun|boat~bank:,node,33090,32851,7,
ankrahmun|boat~bank:,node,33098,32851,7,
ankrahmun|boat~bank:,node,33107,32851,7,
ankrahmun|boat~bank:,node,33114,32850,7,
ankrahmun|boat~bank:,node,33116,32842,7,
ankrahmun|boat~bank:,node,33116,32833,7,
ankrahmun|boat~bank:,node,33122,32829,7,
ankrahmun|boat~bank:,node,33128,32827,7,
ankrahmun|boat~bank:,stand,33128,32826,7,
ankrahmun|boat~bank:,node,33132,32821,6,
ankrahmun|boat~bank:,stand,33132,32821,6,

# --- ankrahmun|depot~bank: (6 waypoints) ---
ankrahmun|depot~bank:,node,33125,32837,7,
ankrahmun|depot~bank:,node,33126,32832,7,
ankrahmun|depot~bank:,node,33128,32827,7,
ankrahmun|depot~bank:,stand,33128,32826,7,
ankrahmun|depot~bank:,node,33132,32821,6,
ankrahmun|depot~bank:,stand,33132,32821,6,

# --- ankrahmun|potions~bank: (3 waypoints) ---
ankrahmun|potions~bank:,stand,33131,32816,5,
ankrahmun|potions~bank:,node,33132,32821,6,
ankrahmun|potions~bank:,stand,33132,32821,6,

# --- ankrahmun|runes~bank: (3 waypoints) ---
ankrahmun|runes~bank:,stand,33131,32816,5,
ankrahmun|runes~bank:,node,33132,32821,6,
ankrahmun|runes~bank:,stand,33132,32821,6,

# --- ankrahmun|bank~bank: (2 waypoints) ---
ankrahmun|bank~bank:,node,33132,32821,6,
ankrahmun|bank~bank:,stand,33132,32821,6,

# --- ankrahmun|loot~bank: (3 waypoints) ---
ankrahmun|loot~bank:,node,33133,32816,6,
ankrahmun|loot~bank:,node,33132,32821,6,
ankrahmun|loot~bank:,stand,33132,32821,6,

# --- ankrahmun|food~bank: (2 waypoints) ---
ankrahmun|food~bank:,node,33132,32821,6,
ankrahmun|food~bank:,stand,33132,32821,6,

# --- ankrahmun|ammo~bank: (10 waypoints) ---
ankrahmun|ammo~bank:,node,33150,32810,4,
ankrahmun|ammo~bank:,stand,33149,32809,4,
ankrahmun|ammo~bank:,stand,33151,32809,5,
ankrahmun|ammo~bank:,node,33149,32811,6,
ankrahmun|ammo~bank:,node,33146,32811,6,
ankrahmun|ammo~bank:,stand,33145,32811,6,
ankrahmun|ammo~bank:,node,33139,32818,7,
ankrahmun|ammo~bank:,stand,33138,32818,7,
ankrahmun|ammo~bank:,node,33132,32821,6,
ankrahmun|ammo~bank:,stand,33132,32821,6,

# --- ankrahmun|trainers~bank: (13 waypoints) ---
ankrahmun|trainers~bank:,node,33167,32815,4,
ankrahmun|trainers~bank:,node,33160,32815,4,
ankrahmun|trainers~bank:,node,33154,32813,4,
ankrahmun|trainers~bank:,node,33150,32810,4,
ankrahmun|trainers~bank:,stand,33149,32809,4,
ankrahmun|trainers~bank:,stand,33151,32809,5,
ankrahmun|trainers~bank:,node,33149,32811,6,
ankrahmun|trainers~bank:,node,33146,32811,6,
ankrahmun|trainers~bank:,stand,33145,32811,6,
ankrahmun|trainers~bank:,node,33139,32818,7,
ankrahmun|trainers~bank:,stand,33138,32818,7,
ankrahmun|trainers~bank:,node,33132,32821,6,
ankrahmun|trainers~bank:,stand,33132,32821,6,

# --- ankrahmun|temple~bank: (19 waypoints) ---
ankrahmun|temple~bank:,node,33195,32851,8,
ankrahmun|temple~bank:,stand,33195,32850,8,
ankrahmun|temple~bank:,node,33196,32851,7,
ankrahmun|temple~bank:,node,33196,32859,7,
ankrahmun|temple~bank:,node,33187,32859,7,
ankrahmun|temple~bank:,node,33186,32853,7,
ankrahmun|temple~bank:,node,33186,32847,7,
ankrahmun|temple~bank:,node,33179,32847,7,
ankrahmun|temple~bank:,node,33171,32847,7,
ankrahmun|temple~bank:,node,33165,32845,7,
ankrahmun|temple~bank:,node,33164,32837,7,
ankrahmun|temple~bank:,node,33164,32830,7,
ankrahmun|temple~bank:,node,33157,32830,7,
ankrahmun|temple~bank:,node,33150,32830,7,
ankrahmun|temple~bank:,node,33142,32829,7,
ankrahmun|temple~bank:,node,33136,32827,7,
ankrahmun|temple~bank:,stand,33135,32826,7,
ankrahmun|temple~bank:,node,33132,32821,6,
ankrahmun|temple~bank:,stand,33132,32821,6,

# --- ankrahmun|west.gate~bank: (13 waypoints) ---
ankrahmun|west.gate~bank:,node,33087,32783,7,
ankrahmun|west.gate~bank:,stand,33087,32784,7,
ankrahmun|west.gate~bank:,stand,33087,32787,6,
ankrahmun|west.gate~bank:,node,33092,32793,7,
ankrahmun|west.gate~bank:,node,33098,32793,7,
ankrahmun|west.gate~bank:,node,33099,32801,7,
ankrahmun|west.gate~bank:,node,33099,32807,7,
ankrahmun|west.gate~bank:,node,33109,32808,7,
ankrahmun|west.gate~bank:,node,33119,32809,7,
ankrahmun|west.gate~bank:,node,33122,32817,7,
ankrahmun|west.gate~bank:,stand,33123,32817,7,
ankrahmun|west.gate~bank:,node,33132,32821,6,
ankrahmun|west.gate~bank:,stand,33132,32821,6,

# --- ankrahmun|east.gate~bank: (21 waypoints) ---
ankrahmun|east.gate~bank:,node,33240,32798,7,
ankrahmun|east.gate~bank:,stand,33240,32799,7,
ankrahmun|east.gate~bank:,stand,33239,32803,6,
ankrahmun|east.gate~bank:,node,33236,32810,7,
ankrahmun|east.gate~bank:,node,33231,32814,7,
ankrahmun|east.gate~bank:,node,33231,32820,7,
ankrahmun|east.gate~bank:,node,33223,32821,7,
ankrahmun|east.gate~bank:,node,33214,32821,7,
ankrahmun|east.gate~bank:,node,33205,32821,7,
ankrahmun|east.gate~bank:,node,33196,32821,7,
ankrahmun|east.gate~bank:,node,33187,32821,7,
ankrahmun|east.gate~bank:,node,33178,32824,7,
ankrahmun|east.gate~bank:,node,33172,32827,7,
ankrahmun|east.gate~bank:,node,33165,32828,7,
ankrahmun|east.gate~bank:,node,33157,32829,7,
ankrahmun|east.gate~bank:,node,33150,32829,7,
ankrahmun|east.gate~bank:,node,33142,32828,7,
ankrahmun|east.gate~bank:,node,33136,32827,7,
ankrahmun|east.gate~bank:,stand,33135,32826,7,
ankrahmun|east.gate~bank:,node,33132,32821,6,
ankrahmun|east.gate~bank:,stand,33132,32821,6,

# --- ankrahmun|north.gate~bank: (15 waypoints) ---
ankrahmun|north.gate~bank:,node,33153,32761,7,
ankrahmun|north.gate~bank:,stand,33153,32762,7,
ankrahmun|north.gate~bank:,stand,33153,32766,6,
ankrahmun|north.gate~bank:,node,33153,32773,7,
ankrahmun|north.gate~bank:,node,33153,32781,7,
ankrahmun|north.gate~bank:,node,33146,32781,7,
ankrahmun|north.gate~bank:,node,33139,32781,7,
ankrahmun|north.gate~bank:,node,33139,32788,7,
ankrahmun|north.gate~bank:,node,33139,32794,7,
ankrahmun|north.gate~bank:,node,33138,32800,7,
ankrahmun|north.gate~bank:,node,33134,32804,7,
ankrahmun|north.gate~bank:,stand,33134,32805,7,
ankrahmun|north.gate~bank:,node,33133,32816,6,
ankrahmun|north.gate~bank:,node,33132,32821,6,
ankrahmun|north.gate~bank:,stand,33132,32821,6,

# --- ankrahmun|boat~food: (17 waypoints) ---
ankrahmun|boat~food:,node,33085,32883,6,
ankrahmun|boat~food:,node,33084,32878,6,
ankrahmun|boat~food:,stand,33084,32877,6,
ankrahmun|boat~food:,node,33089,32873,7,
ankrahmun|boat~food:,node,33089,32865,7,
ankrahmun|boat~food:,node,33089,32857,7,
ankrahmun|boat~food:,node,33090,32851,7,
ankrahmun|boat~food:,node,33098,32851,7,
ankrahmun|boat~food:,node,33107,32851,7,
ankrahmun|boat~food:,node,33114,32850,7,
ankrahmun|boat~food:,node,33116,32842,7,
ankrahmun|boat~food:,node,33116,32833,7,
ankrahmun|boat~food:,node,33122,32829,7,
ankrahmun|boat~food:,node,33128,32827,7,
ankrahmun|boat~food:,stand,33128,32826,7,
ankrahmun|boat~food:,node,33129,32821,6,
ankrahmun|boat~food:,stand,33129,32821,6,

# --- ankrahmun|depot~food: (6 waypoints) ---
ankrahmun|depot~food:,node,33125,32837,7,
ankrahmun|depot~food:,node,33126,32832,7,
ankrahmun|depot~food:,node,33128,32827,7,
ankrahmun|depot~food:,stand,33128,32826,7,
ankrahmun|depot~food:,node,33129,32821,6,
ankrahmun|depot~food:,stand,33129,32821,6,

# --- ankrahmun|potions~food: (3 waypoints) ---
ankrahmun|potions~food:,stand,33130,32816,5,
ankrahmun|potions~food:,node,33129,32821,6,
ankrahmun|potions~food:,stand,33129,32821,6,

# --- ankrahmun|runes~food: (3 waypoints) ---
ankrahmun|runes~food:,stand,33130,32816,5,
ankrahmun|runes~food:,node,33129,32821,6,
ankrahmun|runes~food:,stand,33129,32821,6,

# --- ankrahmun|bank~food: (2 waypoints) ---
ankrahmun|bank~food:,node,33129,32821,6,
ankrahmun|bank~food:,stand,33129,32821,6,

# --- ankrahmun|loot~food: (3 waypoints) ---
ankrahmun|loot~food:,node,33133,32816,6,
ankrahmun|loot~food:,node,33129,32821,6,
ankrahmun|loot~food:,stand,33129,32821,6,

# --- ankrahmun|food~food: (2 waypoints) ---
ankrahmun|food~food:,node,33129,32821,6,
ankrahmun|food~food:,stand,33129,32821,6,

# --- ankrahmun|ammo~food: (10 waypoints) ---
ankrahmun|ammo~food:,node,33150,32810,4,
ankrahmun|ammo~food:,stand,33149,32809,4,
ankrahmun|ammo~food:,stand,33151,32809,5,
ankrahmun|ammo~food:,node,33149,32811,6,
ankrahmun|ammo~food:,node,33146,32811,6,
ankrahmun|ammo~food:,stand,33145,32811,6,
ankrahmun|ammo~food:,node,33139,32818,7,
ankrahmun|ammo~food:,stand,33138,32818,7,
ankrahmun|ammo~food:,node,33129,32821,6,
ankrahmun|ammo~food:,stand,33129,32821,6,

# --- ankrahmun|trainers~food: (13 waypoints) ---
ankrahmun|trainers~food:,node,33167,32815,4,
ankrahmun|trainers~food:,node,33160,32815,4,
ankrahmun|trainers~food:,node,33154,32813,4,
ankrahmun|trainers~food:,node,33150,32810,4,
ankrahmun|trainers~food:,stand,33149,32809,4,
ankrahmun|trainers~food:,stand,33151,32809,5,
ankrahmun|trainers~food:,node,33149,32811,6,
ankrahmun|trainers~food:,node,33146,32811,6,
ankrahmun|trainers~food:,stand,33145,32811,6,
ankrahmun|trainers~food:,node,33139,32818,7,
ankrahmun|trainers~food:,stand,33138,32818,7,
ankrahmun|trainers~food:,node,33129,32821,6,
ankrahmun|trainers~food:,stand,33129,32821,6,

# --- ankrahmun|temple~food: (19 waypoints) ---
ankrahmun|temple~food:,node,33195,32851,8,
ankrahmun|temple~food:,stand,33195,32850,8,
ankrahmun|temple~food:,node,33196,32851,7,
ankrahmun|temple~food:,node,33196,32859,7,
ankrahmun|temple~food:,node,33187,32859,7,
ankrahmun|temple~food:,node,33186,32853,7,
ankrahmun|temple~food:,node,33186,32847,7,
ankrahmun|temple~food:,node,33179,32847,7,
ankrahmun|temple~food:,node,33171,32847,7,
ankrahmun|temple~food:,node,33165,32845,7,
ankrahmun|temple~food:,node,33164,32837,7,
ankrahmun|temple~food:,node,33164,32830,7,
ankrahmun|temple~food:,node,33157,32830,7,
ankrahmun|temple~food:,node,33150,32830,7,
ankrahmun|temple~food:,node,33142,32829,7,
ankrahmun|temple~food:,node,33136,32827,7,
ankrahmun|temple~food:,stand,33135,32826,7,
ankrahmun|temple~food:,node,33129,32821,6,
ankrahmun|temple~food:,stand,33129,32821,6,

# --- ankrahmun|west.gate~food: (13 waypoints) ---
ankrahmun|west.gate~food:,node,33087,32783,7,
ankrahmun|west.gate~food:,stand,33087,32784,7,
ankrahmun|west.gate~food:,stand,33087,32787,6,
ankrahmun|west.gate~food:,node,33092,32793,7,
ankrahmun|west.gate~food:,node,33098,32793,7,
ankrahmun|west.gate~food:,node,33099,32801,7,
ankrahmun|west.gate~food:,node,33099,32807,7,
ankrahmun|west.gate~food:,node,33109,32808,7,
ankrahmun|west.gate~food:,node,33119,32809,7,
ankrahmun|west.gate~food:,node,33122,32817,7,
ankrahmun|west.gate~food:,stand,33123,32817,7,
ankrahmun|west.gate~food:,node,33129,32821,6,
ankrahmun|west.gate~food:,stand,33129,32821,6,

# --- ankrahmun|east.gate~food: (21 waypoints) ---
ankrahmun|east.gate~food:,node,33240,32798,7,
ankrahmun|east.gate~food:,stand,33240,32799,7,
ankrahmun|east.gate~food:,stand,33239,32803,6,
ankrahmun|east.gate~food:,node,33236,32810,7,
ankrahmun|east.gate~food:,node,33231,32814,7,
ankrahmun|east.gate~food:,node,33231,32820,7,
ankrahmun|east.gate~food:,node,33223,32821,7,
ankrahmun|east.gate~food:,node,33214,32821,7,
ankrahmun|east.gate~food:,node,33205,32821,7,
ankrahmun|east.gate~food:,node,33196,32821,7,
ankrahmun|east.gate~food:,node,33187,32821,7,
ankrahmun|east.gate~food:,node,33178,32824,7,
ankrahmun|east.gate~food:,node,33172,32827,7,
ankrahmun|east.gate~food:,node,33165,32828,7,
ankrahmun|east.gate~food:,node,33157,32829,7,
ankrahmun|east.gate~food:,node,33150,32829,7,
ankrahmun|east.gate~food:,node,33142,32828,7,
ankrahmun|east.gate~food:,node,33136,32827,7,
ankrahmun|east.gate~food:,stand,33135,32826,7,
ankrahmun|east.gate~food:,node,33129,32821,6,
ankrahmun|east.gate~food:,stand,33129,32821,6,

# --- ankrahmun|north.gate~food: (15 waypoints) ---
ankrahmun|north.gate~food:,node,33153,32761,7,
ankrahmun|north.gate~food:,stand,33153,32762,7,
ankrahmun|north.gate~food:,stand,33153,32766,6,
ankrahmun|north.gate~food:,node,33153,32773,7,
ankrahmun|north.gate~food:,node,33153,32781,7,
ankrahmun|north.gate~food:,node,33146,32781,7,
ankrahmun|north.gate~food:,node,33139,32781,7,
ankrahmun|north.gate~food:,node,33139,32788,7,
ankrahmun|north.gate~food:,node,33139,32794,7,
ankrahmun|north.gate~food:,node,33138,32800,7,
ankrahmun|north.gate~food:,node,33134,32804,7,
ankrahmun|north.gate~food:,stand,33134,32805,7,
ankrahmun|north.gate~food:,node,33133,32816,6,
ankrahmun|north.gate~food:,node,33129,32821,6,
ankrahmun|north.gate~food:,stand,33129,32821,6,

# --- ankrahmun|boat~loot: (17 waypoints) ---
ankrahmun|boat~loot:,node,33085,32883,6,
ankrahmun|boat~loot:,node,33084,32878,6,
ankrahmun|boat~loot:,stand,33084,32877,6,
ankrahmun|boat~loot:,node,33089,32873,7,
ankrahmun|boat~loot:,node,33089,32865,7,
ankrahmun|boat~loot:,node,33089,32857,7,
ankrahmun|boat~loot:,node,33090,32851,7,
ankrahmun|boat~loot:,node,33098,32851,7,
ankrahmun|boat~loot:,node,33107,32851,7,
ankrahmun|boat~loot:,node,33114,32850,7,
ankrahmun|boat~loot:,node,33116,32842,7,
ankrahmun|boat~loot:,node,33116,32833,7,
ankrahmun|boat~loot:,node,33122,32829,7,
ankrahmun|boat~loot:,node,33128,32827,7,
ankrahmun|boat~loot:,stand,33128,32826,7,
ankrahmun|boat~loot:,node,33132,32811,6,
ankrahmun|boat~loot:,stand,33132,32811,6,

# --- ankrahmun|depot~loot: (6 waypoints) ---
ankrahmun|depot~loot:,node,33125,32837,7,
ankrahmun|depot~loot:,node,33126,32832,7,
ankrahmun|depot~loot:,node,33128,32827,7,
ankrahmun|depot~loot:,stand,33128,32826,7,
ankrahmun|depot~loot:,node,33132,32811,6,
ankrahmun|depot~loot:,stand,33132,32811,6,

# --- ankrahmun|potions~loot: (3 waypoints) ---
ankrahmun|potions~loot:,stand,33131,32816,5,
ankrahmun|potions~loot:,node,33132,32811,6,
ankrahmun|potions~loot:,stand,33132,32811,6,

# --- ankrahmun|runes~loot: (3 waypoints) ---
ankrahmun|runes~loot:,stand,33131,32816,5,
ankrahmun|runes~loot:,node,33132,32811,6,
ankrahmun|runes~loot:,stand,33132,32811,6,

# --- ankrahmun|bank~loot: (2 waypoints) ---
ankrahmun|bank~loot:,node,33132,32811,6,
ankrahmun|bank~loot:,stand,33132,32811,6,

# --- ankrahmun|loot~loot: (2 waypoints) ---
ankrahmun|loot~loot:,node,33132,32811,6,
ankrahmun|loot~loot:,stand,33132,32811,6,

# --- ankrahmun|food~loot: (2 waypoints) ---
ankrahmun|food~loot:,node,33132,32811,6,
ankrahmun|food~loot:,stand,33132,32811,6,

# --- ankrahmun|ammo~loot: (10 waypoints) ---
ankrahmun|ammo~loot:,node,33150,32810,4,
ankrahmun|ammo~loot:,stand,33149,32809,4,
ankrahmun|ammo~loot:,stand,33151,32809,5,
ankrahmun|ammo~loot:,node,33149,32811,6,
ankrahmun|ammo~loot:,node,33146,32811,6,
ankrahmun|ammo~loot:,stand,33145,32811,6,
ankrahmun|ammo~loot:,node,33139,32818,7,
ankrahmun|ammo~loot:,stand,33138,32818,7,
ankrahmun|ammo~loot:,node,33132,32811,6,
ankrahmun|ammo~loot:,stand,33132,32811,6,

# --- ankrahmun|trainers~loot: (13 waypoints) ---
ankrahmun|trainers~loot:,node,33167,32815,4,
ankrahmun|trainers~loot:,node,33160,32815,4,
ankrahmun|trainers~loot:,node,33154,32813,4,
ankrahmun|trainers~loot:,node,33150,32810,4,
ankrahmun|trainers~loot:,stand,33149,32809,4,
ankrahmun|trainers~loot:,stand,33151,32809,5,
ankrahmun|trainers~loot:,node,33149,32811,6,
ankrahmun|trainers~loot:,node,33146,32811,6,
ankrahmun|trainers~loot:,stand,33145,32811,6,
ankrahmun|trainers~loot:,node,33139,32818,7,
ankrahmun|trainers~loot:,stand,33138,32818,7,
ankrahmun|trainers~loot:,node,33132,32811,6,
ankrahmun|trainers~loot:,stand,33132,32811,6,

# --- ankrahmun|temple~loot: (19 waypoints) ---
ankrahmun|temple~loot:,node,33195,32851,8,
ankrahmun|temple~loot:,stand,33195,32850,8,
ankrahmun|temple~loot:,node,33196,32851,7,
ankrahmun|temple~loot:,node,33196,32859,7,
ankrahmun|temple~loot:,node,33187,32859,7,
ankrahmun|temple~loot:,node,33186,32853,7,
ankrahmun|temple~loot:,node,33186,32847,7,
ankrahmun|temple~loot:,node,33179,32847,7,
ankrahmun|temple~loot:,node,33171,32847,7,
ankrahmun|temple~loot:,node,33165,32845,7,
ankrahmun|temple~loot:,node,33164,32837,7,
ankrahmun|temple~loot:,node,33164,32830,7,
ankrahmun|temple~loot:,node,33157,32830,7,
ankrahmun|temple~loot:,node,33150,32830,7,
ankrahmun|temple~loot:,node,33142,32829,7,
ankrahmun|temple~loot:,node,33136,32827,7,
ankrahmun|temple~loot:,stand,33135,32826,7,
ankrahmun|temple~loot:,node,33132,32811,6,
ankrahmun|temple~loot:,stand,33132,32811,6,

# --- ankrahmun|west.gate~loot: (13 waypoints) ---
ankrahmun|west.gate~loot:,node,33087,32783,7,
ankrahmun|west.gate~loot:,stand,33087,32784,7,
ankrahmun|west.gate~loot:,stand,33087,32787,6,
ankrahmun|west.gate~loot:,node,33092,32793,7,
ankrahmun|west.gate~loot:,node,33098,32793,7,
ankrahmun|west.gate~loot:,node,33099,32801,7,
ankrahmun|west.gate~loot:,node,33099,32807,7,
ankrahmun|west.gate~loot:,node,33109,32808,7,
ankrahmun|west.gate~loot:,node,33119,32809,7,
ankrahmun|west.gate~loot:,node,33122,32817,7,
ankrahmun|west.gate~loot:,stand,33123,32817,7,
ankrahmun|west.gate~loot:,node,33132,32811,6,
ankrahmun|west.gate~loot:,stand,33132,32811,6,

# --- ankrahmun|east.gate~loot: (21 waypoints) ---
ankrahmun|east.gate~loot:,node,33240,32798,7,
ankrahmun|east.gate~loot:,stand,33240,32799,7,
ankrahmun|east.gate~loot:,stand,33239,32803,6,
ankrahmun|east.gate~loot:,node,33236,32810,7,
ankrahmun|east.gate~loot:,node,33231,32814,7,
ankrahmun|east.gate~loot:,node,33231,32820,7,
ankrahmun|east.gate~loot:,node,33223,32821,7,
ankrahmun|east.gate~loot:,node,33214,32821,7,
ankrahmun|east.gate~loot:,node,33205,32821,7,
ankrahmun|east.gate~loot:,node,33196,32821,7,
ankrahmun|east.gate~loot:,node,33187,32821,7,
ankrahmun|east.gate~loot:,node,33178,32824,7,
ankrahmun|east.gate~loot:,node,33172,32827,7,
ankrahmun|east.gate~loot:,node,33165,32828,7,
ankrahmun|east.gate~loot:,node,33157,32829,7,
ankrahmun|east.gate~loot:,node,33150,32829,7,
ankrahmun|east.gate~loot:,node,33142,32828,7,
ankrahmun|east.gate~loot:,node,33136,32827,7,
ankrahmun|east.gate~loot:,stand,33135,32826,7,
ankrahmun|east.gate~loot:,node,33132,32811,6,
ankrahmun|east.gate~loot:,stand,33132,32811,6,

# --- ankrahmun|north.gate~loot: (14 waypoints) ---
ankrahmun|north.gate~loot:,node,33153,32761,7,
ankrahmun|north.gate~loot:,stand,33153,32762,7,
ankrahmun|north.gate~loot:,stand,33153,32766,6,
ankrahmun|north.gate~loot:,node,33153,32773,7,
ankrahmun|north.gate~loot:,node,33153,32781,7,
ankrahmun|north.gate~loot:,node,33146,32781,7,
ankrahmun|north.gate~loot:,node,33139,32781,7,
ankrahmun|north.gate~loot:,node,33139,32788,7,
ankrahmun|north.gate~loot:,node,33139,32794,7,
ankrahmun|north.gate~loot:,node,33138,32800,7,
ankrahmun|north.gate~loot:,node,33134,32804,7,
ankrahmun|north.gate~loot:,stand,33134,32805,7,
ankrahmun|north.gate~loot:,node,33132,32811,6,
ankrahmun|north.gate~loot:,stand,33132,32811,6,

# --- ankrahmun|boat~ammo: (27 waypoints) ---
ankrahmun|boat~ammo:,node,33085,32883,6,
ankrahmun|boat~ammo:,node,33084,32878,6,
ankrahmun|boat~ammo:,stand,33084,32877,6,
ankrahmun|boat~ammo:,node,33088,32872,7,
ankrahmun|boat~ammo:,node,33090,32865,7,
ankrahmun|boat~ammo:,node,33090,32858,7,
ankrahmun|boat~ammo:,node,33090,32851,7,
ankrahmun|boat~ammo:,node,33098,32851,7,
ankrahmun|boat~ammo:,node,33107,32851,7,
ankrahmun|boat~ammo:,node,33114,32850,7,
ankrahmun|boat~ammo:,node,33115,32845,7,
ankrahmun|boat~ammo:,node,33116,32839,7,
ankrahmun|boat~ammo:,node,33116,32833,7,
ankrahmun|boat~ammo:,node,33123,32832,7,
ankrahmun|boat~ammo:,node,33130,32832,7,
ankrahmun|boat~ammo:,node,33137,32832,7,
ankrahmun|boat~ammo:,node,33141,32828,7,
ankrahmun|boat~ammo:,node,33142,32822,7,
ankrahmun|boat~ammo:,node,33143,32816,7,
ankrahmun|boat~ammo:,node,33144,32811,7,
ankrahmun|boat~ammo:,stand,33145,32811,7,
ankrahmun|boat~ammo:,node,33150,32811,6,
ankrahmun|boat~ammo:,stand,33151,32809,6,
ankrahmun|boat~ammo:,stand,33149,32809,5,
ankrahmun|boat~ammo:,node,33152,32811,4,
ankrahmun|boat~ammo:,node,33156,32812,4,
ankrahmun|boat~ammo:,stand,33156,32812,4,

# --- ankrahmun|depot~ammo: (15 waypoints) ---
ankrahmun|depot~ammo:,node,33127,32837,7,
ankrahmun|depot~ammo:,node,33127,32832,7,
ankrahmun|depot~ammo:,node,33132,32832,7,
ankrahmun|depot~ammo:,node,33137,32832,7,
ankrahmun|depot~ammo:,node,33141,32828,7,
ankrahmun|depot~ammo:,node,33142,32822,7,
ankrahmun|depot~ammo:,node,33143,32816,7,
ankrahmun|depot~ammo:,node,33144,32811,7,
ankrahmun|depot~ammo:,stand,33145,32811,7,
ankrahmun|depot~ammo:,node,33150,32811,6,
ankrahmun|depot~ammo:,stand,33151,32809,6,
ankrahmun|depot~ammo:,stand,33149,32809,5,
ankrahmun|depot~ammo:,node,33152,32811,4,
ankrahmun|depot~ammo:,node,33156,32812,4,
ankrahmun|depot~ammo:,stand,33156,32812,4,

# --- ankrahmun|potions~ammo: (11 waypoints) ---
ankrahmun|potions~ammo:,stand,33131,32816,5,
ankrahmun|potions~ammo:,node,33137,32816,6,
ankrahmun|potions~ammo:,stand,33138,32816,6,
ankrahmun|potions~ammo:,node,33144,32811,7,
ankrahmun|potions~ammo:,stand,33145,32811,7,
ankrahmun|potions~ammo:,node,33150,32811,6,
ankrahmun|potions~ammo:,stand,33151,32809,6,
ankrahmun|potions~ammo:,stand,33149,32809,5,
ankrahmun|potions~ammo:,node,33152,32811,4,
ankrahmun|potions~ammo:,node,33156,32812,4,
ankrahmun|potions~ammo:,stand,33156,32812,4,

# --- ankrahmun|runes~ammo: (11 waypoints) ---
ankrahmun|runes~ammo:,stand,33131,32816,5,
ankrahmun|runes~ammo:,node,33137,32816,6,
ankrahmun|runes~ammo:,stand,33138,32816,6,
ankrahmun|runes~ammo:,node,33144,32811,7,
ankrahmun|runes~ammo:,stand,33145,32811,7,
ankrahmun|runes~ammo:,node,33150,32811,6,
ankrahmun|runes~ammo:,stand,33151,32809,6,
ankrahmun|runes~ammo:,stand,33149,32809,5,
ankrahmun|runes~ammo:,node,33152,32811,4,
ankrahmun|runes~ammo:,node,33156,32812,4,
ankrahmun|runes~ammo:,stand,33156,32812,4,

# --- ankrahmun|bank~ammo: (10 waypoints) ---
ankrahmun|bank~ammo:,node,33137,32816,6,
ankrahmun|bank~ammo:,stand,33138,32816,6,
ankrahmun|bank~ammo:,node,33144,32811,7,
ankrahmun|bank~ammo:,stand,33145,32811,7,
ankrahmun|bank~ammo:,node,33150,32811,6,
ankrahmun|bank~ammo:,stand,33151,32809,6,
ankrahmun|bank~ammo:,stand,33149,32809,5,
ankrahmun|bank~ammo:,node,33152,32811,4,
ankrahmun|bank~ammo:,node,33156,32812,4,
ankrahmun|bank~ammo:,stand,33156,32812,4,

# --- ankrahmun|loot~ammo: (10 waypoints) ---
ankrahmun|loot~ammo:,node,33137,32813,6,
ankrahmun|loot~ammo:,stand,33138,32813,6,
ankrahmun|loot~ammo:,node,33144,32811,7,
ankrahmun|loot~ammo:,stand,33145,32811,7,
ankrahmun|loot~ammo:,node,33150,32811,6,
ankrahmun|loot~ammo:,stand,33151,32809,6,
ankrahmun|loot~ammo:,stand,33149,32809,5,
ankrahmun|loot~ammo:,node,33152,32811,4,
ankrahmun|loot~ammo:,node,33156,32812,4,
ankrahmun|loot~ammo:,stand,33156,32812,4,

# --- ankrahmun|food~ammo: (11 waypoints) ---
ankrahmun|food~ammo:,node,33132,32818,6,
ankrahmun|food~ammo:,node,33137,32816,6,
ankrahmun|food~ammo:,stand,33138,32816,6,
ankrahmun|food~ammo:,node,33144,32811,7,
ankrahmun|food~ammo:,stand,33145,32811,7,
ankrahmun|food~ammo:,node,33150,32811,6,
ankrahmun|food~ammo:,stand,33151,32809,6,
ankrahmun|food~ammo:,stand,33149,32809,5,
ankrahmun|food~ammo:,node,33152,32811,4,
ankrahmun|food~ammo:,node,33156,32812,4,
ankrahmun|food~ammo:,stand,33156,32812,4,

# --- ankrahmun|ammo~ammo: (2 waypoints) ---
ankrahmun|ammo~ammo:,node,33156,32812,4,
ankrahmun|ammo~ammo:,stand,33156,32812,4,

# --- ankrahmun|trainers~ammo: (4 waypoints) ---
ankrahmun|trainers~ammo:,node,33167,32815,4,
ankrahmun|trainers~ammo:,node,33161,32815,4,
ankrahmun|trainers~ammo:,node,33156,32812,4,
ankrahmun|trainers~ammo:,stand,33156,32812,4,

# --- ankrahmun|temple~ammo: (20 waypoints) ---
ankrahmun|temple~ammo:,node,33195,32851,8,
ankrahmun|temple~ammo:,stand,33195,32850,8,
ankrahmun|temple~ammo:,node,33196,32851,7,
ankrahmun|temple~ammo:,node,33196,32859,7,
ankrahmun|temple~ammo:,node,33187,32859,7,
ankrahmun|temple~ammo:,node,33187,32853,7,
ankrahmun|temple~ammo:,node,33185,32847,7,
ankrahmun|temple~ammo:,node,33183,32838,7,
ankrahmun|temple~ammo:,node,33183,32828,7,
ankrahmun|temple~ammo:,node,33175,32821,7,
ankrahmun|temple~ammo:,stand,33174,32821,7,
ankrahmun|temple~ammo:,node,33169,32819,6,
ankrahmun|temple~ammo:,node,33167,32813,6,
ankrahmun|temple~ammo:,node,33159,32812,6,
ankrahmun|temple~ammo:,node,33152,32810,6,
ankrahmun|temple~ammo:,stand,33151,32809,6,
ankrahmun|temple~ammo:,stand,33149,32809,5,
ankrahmun|temple~ammo:,node,33152,32811,4,
ankrahmun|temple~ammo:,node,33156,32812,4,
ankrahmun|temple~ammo:,stand,33156,32812,4,

# --- ankrahmun|west.gate~ammo: (20 waypoints) ---
ankrahmun|west.gate~ammo:,node,33087,32783,7,
ankrahmun|west.gate~ammo:,stand,33087,32784,7,
ankrahmun|west.gate~ammo:,stand,33087,32787,6,
ankrahmun|west.gate~ammo:,node,33092,32793,7,
ankrahmun|west.gate~ammo:,node,33098,32793,7,
ankrahmun|west.gate~ammo:,node,33099,32800,7,
ankrahmun|west.gate~ammo:,node,33100,32806,7,
ankrahmun|west.gate~ammo:,node,33107,32808,7,
ankrahmun|west.gate~ammo:,node,33117,32808,7,
ankrahmun|west.gate~ammo:,node,33121,32803,7,
ankrahmun|west.gate~ammo:,node,33130,32803,7,
ankrahmun|west.gate~ammo:,node,33140,32803,7,
ankrahmun|west.gate~ammo:,node,33144,32811,7,
ankrahmun|west.gate~ammo:,stand,33145,32811,7,
ankrahmun|west.gate~ammo:,node,33150,32811,6,
ankrahmun|west.gate~ammo:,stand,33151,32809,6,
ankrahmun|west.gate~ammo:,stand,33149,32809,5,
ankrahmun|west.gate~ammo:,node,33152,32811,4,
ankrahmun|west.gate~ammo:,node,33156,32812,4,
ankrahmun|west.gate~ammo:,stand,33156,32812,4,

# --- ankrahmun|east.gate~ammo: (21 waypoints) ---
ankrahmun|east.gate~ammo:,node,33240,32798,7,
ankrahmun|east.gate~ammo:,stand,33240,32799,7,
ankrahmun|east.gate~ammo:,stand,33239,32803,6,
ankrahmun|east.gate~ammo:,node,33235,32810,7,
ankrahmun|east.gate~ammo:,node,33231,32813,7,
ankrahmun|east.gate~ammo:,node,33231,32820,7,
ankrahmun|east.gate~ammo:,node,33222,32820,7,
ankrahmun|east.gate~ammo:,node,33211,32820,7,
ankrahmun|east.gate~ammo:,node,33199,32820,7,
ankrahmun|east.gate~ammo:,node,33188,32820,7,
ankrahmun|east.gate~ammo:,node,33175,32821,7,
ankrahmun|east.gate~ammo:,stand,33174,32821,7,
ankrahmun|east.gate~ammo:,node,33169,32819,6,
ankrahmun|east.gate~ammo:,node,33167,32813,6,
ankrahmun|east.gate~ammo:,node,33159,32812,6,
ankrahmun|east.gate~ammo:,node,33152,32810,6,
ankrahmun|east.gate~ammo:,stand,33151,32809,6,
ankrahmun|east.gate~ammo:,stand,33149,32809,5,
ankrahmun|east.gate~ammo:,node,33152,32811,4,
ankrahmun|east.gate~ammo:,node,33156,32812,4,
ankrahmun|east.gate~ammo:,stand,33156,32812,4,

# --- ankrahmun|north.gate~ammo: (17 waypoints) ---
ankrahmun|north.gate~ammo:,node,33153,32761,7,
ankrahmun|north.gate~ammo:,stand,33153,32762,7,
ankrahmun|north.gate~ammo:,stand,33153,32766,6,
ankrahmun|north.gate~ammo:,node,33153,32773,7,
ankrahmun|north.gate~ammo:,node,33153,32781,7,
ankrahmun|north.gate~ammo:,node,33160,32781,7,
ankrahmun|north.gate~ammo:,node,33160,32788,7,
ankrahmun|north.gate~ammo:,node,33160,32797,7,
ankrahmun|north.gate~ammo:,node,33160,32804,7,
ankrahmun|north.gate~ammo:,node,33153,32805,7,
ankrahmun|north.gate~ammo:,stand,33153,32806,7,
ankrahmun|north.gate~ammo:,node,33152,32810,6,
ankrahmun|north.gate~ammo:,stand,33151,32809,6,
ankrahmun|north.gate~ammo:,stand,33149,32809,5,
ankrahmun|north.gate~ammo:,node,33152,32811,4,
ankrahmun|north.gate~ammo:,node,33156,32812,4,
ankrahmun|north.gate~ammo:,stand,33156,32812,4,

# --- ankrahmun|boat~trainers: (29 waypoints) ---
ankrahmun|boat~trainers:,node,33085,32883,6,
ankrahmun|boat~trainers:,node,33084,32878,6,
ankrahmun|boat~trainers:,stand,33084,32877,6,
ankrahmun|boat~trainers:,node,33088,32872,7,
ankrahmun|boat~trainers:,node,33090,32865,7,
ankrahmun|boat~trainers:,node,33090,32858,7,
ankrahmun|boat~trainers:,node,33090,32851,7,
ankrahmun|boat~trainers:,node,33098,32851,7,
ankrahmun|boat~trainers:,node,33107,32851,7,
ankrahmun|boat~trainers:,node,33114,32850,7,
ankrahmun|boat~trainers:,node,33115,32845,7,
ankrahmun|boat~trainers:,node,33116,32839,7,
ankrahmun|boat~trainers:,node,33116,32833,7,
ankrahmun|boat~trainers:,node,33123,32832,7,
ankrahmun|boat~trainers:,node,33130,32832,7,
ankrahmun|boat~trainers:,node,33137,32832,7,
ankrahmun|boat~trainers:,node,33141,32828,7,
ankrahmun|boat~trainers:,node,33142,32822,7,
ankrahmun|boat~trainers:,node,33143,32816,7,
ankrahmun|boat~trainers:,node,33144,32811,7,
ankrahmun|boat~trainers:,stand,33145,32811,7,
ankrahmun|boat~trainers:,node,33150,32811,6,
ankrahmun|boat~trainers:,stand,33151,32809,6,
ankrahmun|boat~trainers:,stand,33149,32809,5,
ankrahmun|boat~trainers:,node,33152,32811,4,
ankrahmun|boat~trainers:,node,33161,32815,4,
ankrahmun|boat~trainers:,node,33167,32815,4,
ankrahmun|boat~trainers:,node,33167,32811,4,
ankrahmun|boat~trainers:,stand,33167,32811,4,

# --- ankrahmun|depot~trainers: (17 waypoints) ---
ankrahmun|depot~trainers:,node,33127,32837,7,
ankrahmun|depot~trainers:,node,33127,32832,7,
ankrahmun|depot~trainers:,node,33132,32832,7,
ankrahmun|depot~trainers:,node,33137,32832,7,
ankrahmun|depot~trainers:,node,33141,32828,7,
ankrahmun|depot~trainers:,node,33142,32822,7,
ankrahmun|depot~trainers:,node,33143,32816,7,
ankrahmun|depot~trainers:,node,33144,32811,7,
ankrahmun|depot~trainers:,stand,33145,32811,7,
ankrahmun|depot~trainers:,node,33150,32811,6,
ankrahmun|depot~trainers:,stand,33151,32809,6,
ankrahmun|depot~trainers:,stand,33149,32809,5,
ankrahmun|depot~trainers:,node,33152,32811,4,
ankrahmun|depot~trainers:,node,33161,32815,4,
ankrahmun|depot~trainers:,node,33167,32815,4,
ankrahmun|depot~trainers:,node,33167,32811,4,
ankrahmun|depot~trainers:,stand,33167,32811,4,

# --- ankrahmun|potions~trainers: (13 waypoints) ---
ankrahmun|potions~trainers:,stand,33131,32816,5,
ankrahmun|potions~trainers:,node,33137,32816,6,
ankrahmun|potions~trainers:,stand,33138,32816,6,
ankrahmun|potions~trainers:,node,33144,32811,7,
ankrahmun|potions~trainers:,stand,33145,32811,7,
ankrahmun|potions~trainers:,node,33150,32811,6,
ankrahmun|potions~trainers:,stand,33151,32809,6,
ankrahmun|potions~trainers:,stand,33149,32809,5,
ankrahmun|potions~trainers:,node,33152,32811,4,
ankrahmun|potions~trainers:,node,33161,32815,4,
ankrahmun|potions~trainers:,node,33167,32815,4,
ankrahmun|potions~trainers:,node,33167,32811,4,
ankrahmun|potions~trainers:,stand,33167,32811,4,

# --- ankrahmun|runes~trainers: (13 waypoints) ---
ankrahmun|runes~trainers:,stand,33131,32816,5,
ankrahmun|runes~trainers:,node,33137,32816,6,
ankrahmun|runes~trainers:,stand,33138,32816,6,
ankrahmun|runes~trainers:,node,33144,32811,7,
ankrahmun|runes~trainers:,stand,33145,32811,7,
ankrahmun|runes~trainers:,node,33150,32811,6,
ankrahmun|runes~trainers:,stand,33151,32809,6,
ankrahmun|runes~trainers:,stand,33149,32809,5,
ankrahmun|runes~trainers:,node,33152,32811,4,
ankrahmun|runes~trainers:,node,33161,32815,4,
ankrahmun|runes~trainers:,node,33167,32815,4,
ankrahmun|runes~trainers:,node,33167,32811,4,
ankrahmun|runes~trainers:,stand,33167,32811,4,

# --- ankrahmun|bank~trainers: (12 waypoints) ---
ankrahmun|bank~trainers:,node,33137,32816,6,
ankrahmun|bank~trainers:,stand,33138,32816,6,
ankrahmun|bank~trainers:,node,33144,32811,7,
ankrahmun|bank~trainers:,stand,33145,32811,7,
ankrahmun|bank~trainers:,node,33150,32811,6,
ankrahmun|bank~trainers:,stand,33151,32809,6,
ankrahmun|bank~trainers:,stand,33149,32809,5,
ankrahmun|bank~trainers:,node,33152,32811,4,
ankrahmun|bank~trainers:,node,33161,32815,4,
ankrahmun|bank~trainers:,node,33167,32815,4,
ankrahmun|bank~trainers:,node,33167,32811,4,
ankrahmun|bank~trainers:,stand,33167,32811,4,

# --- ankrahmun|loot~trainers: (12 waypoints) ---
ankrahmun|loot~trainers:,node,33137,32813,6,
ankrahmun|loot~trainers:,stand,33138,32813,6,
ankrahmun|loot~trainers:,node,33144,32811,7,
ankrahmun|loot~trainers:,stand,33145,32811,7,
ankrahmun|loot~trainers:,node,33150,32811,6,
ankrahmun|loot~trainers:,stand,33151,32809,6,
ankrahmun|loot~trainers:,stand,33149,32809,5,
ankrahmun|loot~trainers:,node,33152,32811,4,
ankrahmun|loot~trainers:,node,33161,32815,4,
ankrahmun|loot~trainers:,node,33167,32815,4,
ankrahmun|loot~trainers:,node,33167,32811,4,
ankrahmun|loot~trainers:,stand,33167,32811,4,

# --- ankrahmun|food~trainers: (13 waypoints) ---
ankrahmun|food~trainers:,node,33132,32818,6,
ankrahmun|food~trainers:,node,33137,32816,6,
ankrahmun|food~trainers:,stand,33138,32816,6,
ankrahmun|food~trainers:,node,33144,32811,7,
ankrahmun|food~trainers:,stand,33145,32811,7,
ankrahmun|food~trainers:,node,33150,32811,6,
ankrahmun|food~trainers:,stand,33151,32809,6,
ankrahmun|food~trainers:,stand,33149,32809,5,
ankrahmun|food~trainers:,node,33152,32811,4,
ankrahmun|food~trainers:,node,33161,32815,4,
ankrahmun|food~trainers:,node,33167,32815,4,
ankrahmun|food~trainers:,node,33167,32811,4,
ankrahmun|food~trainers:,stand,33167,32811,4,

# --- ankrahmun|ammo~trainers: (4 waypoints) ---
ankrahmun|ammo~trainers:,node,33161,32815,4,
ankrahmun|ammo~trainers:,node,33167,32815,4,
ankrahmun|ammo~trainers:,node,33167,32811,4,
ankrahmun|ammo~trainers:,stand,33167,32811,4,

# --- ankrahmun|trainers~trainers: (2 waypoints) ---
ankrahmun|trainers~trainers:,node,33167,32811,4,
ankrahmun|trainers~trainers:,stand,33167,32811,4,

# --- ankrahmun|temple~trainers: (22 waypoints) ---
ankrahmun|temple~trainers:,node,33195,32851,8,
ankrahmun|temple~trainers:,stand,33195,32850,8,
ankrahmun|temple~trainers:,node,33196,32851,7,
ankrahmun|temple~trainers:,node,33196,32859,7,
ankrahmun|temple~trainers:,node,33187,32859,7,
ankrahmun|temple~trainers:,node,33187,32853,7,
ankrahmun|temple~trainers:,node,33185,32847,7,
ankrahmun|temple~trainers:,node,33183,32838,7,
ankrahmun|temple~trainers:,node,33183,32828,7,
ankrahmun|temple~trainers:,node,33175,32821,7,
ankrahmun|temple~trainers:,stand,33174,32821,7,
ankrahmun|temple~trainers:,node,33169,32819,6,
ankrahmun|temple~trainers:,node,33167,32813,6,
ankrahmun|temple~trainers:,node,33159,32812,6,
ankrahmun|temple~trainers:,node,33152,32810,6,
ankrahmun|temple~trainers:,stand,33151,32809,6,
ankrahmun|temple~trainers:,stand,33149,32809,5,
ankrahmun|temple~trainers:,node,33152,32811,4,
ankrahmun|temple~trainers:,node,33161,32815,4,
ankrahmun|temple~trainers:,node,33167,32815,4,
ankrahmun|temple~trainers:,node,33167,32811,4,
ankrahmun|temple~trainers:,stand,33167,32811,4,

# --- ankrahmun|west.gate~trainers: (22 waypoints) ---
ankrahmun|west.gate~trainers:,node,33087,32783,7,
ankrahmun|west.gate~trainers:,stand,33087,32784,7,
ankrahmun|west.gate~trainers:,stand,33087,32787,6,
ankrahmun|west.gate~trainers:,node,33092,32793,7,
ankrahmun|west.gate~trainers:,node,33098,32793,7,
ankrahmun|west.gate~trainers:,node,33099,32800,7,
ankrahmun|west.gate~trainers:,node,33100,32806,7,
ankrahmun|west.gate~trainers:,node,33107,32808,7,
ankrahmun|west.gate~trainers:,node,33117,32808,7,
ankrahmun|west.gate~trainers:,node,33121,32803,7,
ankrahmun|west.gate~trainers:,node,33130,32803,7,
ankrahmun|west.gate~trainers:,node,33140,32803,7,
ankrahmun|west.gate~trainers:,node,33144,32811,7,
ankrahmun|west.gate~trainers:,stand,33145,32811,7,
ankrahmun|west.gate~trainers:,node,33150,32811,6,
ankrahmun|west.gate~trainers:,stand,33151,32809,6,
ankrahmun|west.gate~trainers:,stand,33149,32809,5,
ankrahmun|west.gate~trainers:,node,33152,32811,4,
ankrahmun|west.gate~trainers:,node,33161,32815,4,
ankrahmun|west.gate~trainers:,node,33167,32815,4,
ankrahmun|west.gate~trainers:,node,33167,32811,4,
ankrahmun|west.gate~trainers:,stand,33167,32811,4,

# --- ankrahmun|east.gate~trainers: (23 waypoints) ---
ankrahmun|east.gate~trainers:,node,33240,32798,7,
ankrahmun|east.gate~trainers:,stand,33240,32799,7,
ankrahmun|east.gate~trainers:,stand,33239,32803,6,
ankrahmun|east.gate~trainers:,node,33235,32810,7,
ankrahmun|east.gate~trainers:,node,33231,32813,7,
ankrahmun|east.gate~trainers:,node,33231,32820,7,
ankrahmun|east.gate~trainers:,node,33222,32820,7,
ankrahmun|east.gate~trainers:,node,33211,32820,7,
ankrahmun|east.gate~trainers:,node,33199,32820,7,
ankrahmun|east.gate~trainers:,node,33188,32820,7,
ankrahmun|east.gate~trainers:,node,33175,32821,7,
ankrahmun|east.gate~trainers:,stand,33174,32821,7,
ankrahmun|east.gate~trainers:,node,33169,32819,6,
ankrahmun|east.gate~trainers:,node,33167,32813,6,
ankrahmun|east.gate~trainers:,node,33159,32812,6,
ankrahmun|east.gate~trainers:,node,33152,32810,6,
ankrahmun|east.gate~trainers:,stand,33151,32809,6,
ankrahmun|east.gate~trainers:,stand,33149,32809,5,
ankrahmun|east.gate~trainers:,node,33152,32811,4,
ankrahmun|east.gate~trainers:,node,33161,32815,4,
ankrahmun|east.gate~trainers:,node,33167,32815,4,
ankrahmun|east.gate~trainers:,node,33167,32811,4,
ankrahmun|east.gate~trainers:,stand,33167,32811,4,

# --- ankrahmun|north.gate~trainers: (19 waypoints) ---
ankrahmun|north.gate~trainers:,node,33153,32761,7,
ankrahmun|north.gate~trainers:,stand,33153,32762,7,
ankrahmun|north.gate~trainers:,stand,33153,32766,6,
ankrahmun|north.gate~trainers:,node,33153,32773,7,
ankrahmun|north.gate~trainers:,node,33153,32781,7,
ankrahmun|north.gate~trainers:,node,33160,32781,7,
ankrahmun|north.gate~trainers:,node,33160,32788,7,
ankrahmun|north.gate~trainers:,node,33160,32797,7,
ankrahmun|north.gate~trainers:,node,33160,32804,7,
ankrahmun|north.gate~trainers:,node,33153,32805,7,
ankrahmun|north.gate~trainers:,stand,33153,32806,7,
ankrahmun|north.gate~trainers:,node,33152,32810,6,
ankrahmun|north.gate~trainers:,stand,33151,32809,6,
ankrahmun|north.gate~trainers:,stand,33149,32809,5,
ankrahmun|north.gate~trainers:,node,33152,32811,4,
ankrahmun|north.gate~trainers:,node,33161,32815,4,
ankrahmun|north.gate~trainers:,node,33167,32815,4,
ankrahmun|north.gate~trainers:,node,33167,32811,4,
ankrahmun|north.gate~trainers:,stand,33167,32811,4,

# --- ankrahmun|boat~temple: (29 waypoints) ---
ankrahmun|boat~temple:,node,33085,32883,6,
ankrahmun|boat~temple:,node,33085,32878,6,
ankrahmun|boat~temple:,stand,33084,32877,6,
ankrahmun|boat~temple:,node,33088,32872,7,
ankrahmun|boat~temple:,node,33089,32865,7,
ankrahmun|boat~temple:,node,33090,32857,7,
ankrahmun|boat~temple:,node,33090,32851,7,
ankrahmun|boat~temple:,node,33098,32851,7,
ankrahmun|boat~temple:,node,33106,32851,7,
ankrahmun|boat~temple:,node,33113,32852,7,
ankrahmun|boat~temple:,node,33117,32855,7,
ankrahmun|boat~temple:,node,33124,32855,7,
ankrahmun|boat~temple:,node,33132,32855,7,
ankrahmun|boat~temple:,node,33139,32856,7,
ankrahmun|boat~temple:,node,33148,32856,7,
ankrahmun|boat~temple:,node,33156,32856,7,
ankrahmun|boat~temple:,node,33163,32856,7,
ankrahmun|boat~temple:,node,33164,32863,7,
ankrahmun|boat~temple:,node,33165,32868,7,
ankrahmun|boat~temple:,node,33172,32868,7,
ankrahmun|boat~temple:,node,33179,32868,7,
ankrahmun|boat~temple:,node,33186,32868,7,
ankrahmun|boat~temple:,node,33187,32861,7,
ankrahmun|boat~temple:,node,33193,32860,7,
ankrahmun|boat~temple:,node,33196,32855,7,
ankrahmun|boat~temple:,node,33196,32851,7,
ankrahmun|boat~temple:,stand,33195,32850,7,
ankrahmun|boat~temple:,node,33195,32853,8,
ankrahmun|boat~temple:,stand,33195,32853,8,

# --- ankrahmun|depot~temple: (19 waypoints) ---
ankrahmun|depot~temple:,node,33127,32849,7,
ankrahmun|depot~temple:,node,33127,32855,7,
ankrahmun|depot~temple:,node,33132,32855,7,
ankrahmun|depot~temple:,node,33139,32856,7,
ankrahmun|depot~temple:,node,33148,32856,7,
ankrahmun|depot~temple:,node,33156,32856,7,
ankrahmun|depot~temple:,node,33163,32856,7,
ankrahmun|depot~temple:,node,33164,32863,7,
ankrahmun|depot~temple:,node,33165,32868,7,
ankrahmun|depot~temple:,node,33172,32868,7,
ankrahmun|depot~temple:,node,33179,32868,7,
ankrahmun|depot~temple:,node,33186,32868,7,
ankrahmun|depot~temple:,node,33187,32861,7,
ankrahmun|depot~temple:,node,33193,32860,7,
ankrahmun|depot~temple:,node,33196,32855,7,
ankrahmun|depot~temple:,node,33196,32851,7,
ankrahmun|depot~temple:,stand,33195,32850,7,
ankrahmun|depot~temple:,node,33195,32853,8,
ankrahmun|depot~temple:,stand,33195,32853,8,

# --- ankrahmun|potions~temple: (21 waypoints) ---
ankrahmun|potions~temple:,stand,33131,32816,5,
ankrahmun|potions~temple:,node,33137,32818,6,
ankrahmun|potions~temple:,stand,33138,32818,6,
ankrahmun|potions~temple:,node,33141,32823,7,
ankrahmun|potions~temple:,node,33147,32828,7,
ankrahmun|potions~temple:,node,33156,32829,7,
ankrahmun|potions~temple:,node,33164,32830,7,
ankrahmun|potions~temple:,node,33164,32836,7,
ankrahmun|potions~temple:,node,33165,32841,7,
ankrahmun|potions~temple:,node,33165,32846,7,
ankrahmun|potions~temple:,node,33173,32847,7,
ankrahmun|potions~temple:,node,33180,32847,7,
ankrahmun|potions~temple:,node,33186,32847,7,
ankrahmun|potions~temple:,node,33187,32853,7,
ankrahmun|potions~temple:,node,33187,32859,7,
ankrahmun|potions~temple:,node,33193,32859,7,
ankrahmun|potions~temple:,node,33196,32855,7,
ankrahmun|potions~temple:,node,33196,32851,7,
ankrahmun|potions~temple:,stand,33195,32850,7,
ankrahmun|potions~temple:,node,33195,32853,8,
ankrahmun|potions~temple:,stand,33195,32853,8,

# --- ankrahmun|runes~temple: (21 waypoints) ---
ankrahmun|runes~temple:,stand,33131,32816,5,
ankrahmun|runes~temple:,node,33137,32818,6,
ankrahmun|runes~temple:,stand,33138,32818,6,
ankrahmun|runes~temple:,node,33141,32823,7,
ankrahmun|runes~temple:,node,33147,32828,7,
ankrahmun|runes~temple:,node,33156,32829,7,
ankrahmun|runes~temple:,node,33164,32830,7,
ankrahmun|runes~temple:,node,33164,32836,7,
ankrahmun|runes~temple:,node,33165,32841,7,
ankrahmun|runes~temple:,node,33165,32846,7,
ankrahmun|runes~temple:,node,33173,32847,7,
ankrahmun|runes~temple:,node,33180,32847,7,
ankrahmun|runes~temple:,node,33186,32847,7,
ankrahmun|runes~temple:,node,33187,32853,7,
ankrahmun|runes~temple:,node,33187,32859,7,
ankrahmun|runes~temple:,node,33193,32859,7,
ankrahmun|runes~temple:,node,33196,32855,7,
ankrahmun|runes~temple:,node,33196,32851,7,
ankrahmun|runes~temple:,stand,33195,32850,7,
ankrahmun|runes~temple:,node,33195,32853,8,
ankrahmun|runes~temple:,stand,33195,32853,8,

# --- ankrahmun|bank~temple: (19 waypoints) ---
ankrahmun|bank~temple:,node,33137,32823,6,
ankrahmun|bank~temple:,stand,33138,32823,6,
ankrahmun|bank~temple:,node,33147,32828,7,
ankrahmun|bank~temple:,node,33156,32829,7,
ankrahmun|bank~temple:,node,33164,32830,7,
ankrahmun|bank~temple:,node,33164,32836,7,
ankrahmun|bank~temple:,node,33165,32841,7,
ankrahmun|bank~temple:,node,33165,32846,7,
ankrahmun|bank~temple:,node,33173,32847,7,
ankrahmun|bank~temple:,node,33180,32847,7,
ankrahmun|bank~temple:,node,33186,32847,7,
ankrahmun|bank~temple:,node,33187,32853,7,
ankrahmun|bank~temple:,node,33187,32859,7,
ankrahmun|bank~temple:,node,33193,32859,7,
ankrahmun|bank~temple:,node,33196,32855,7,
ankrahmun|bank~temple:,node,33196,32851,7,
ankrahmun|bank~temple:,stand,33195,32850,7,
ankrahmun|bank~temple:,node,33195,32853,8,
ankrahmun|bank~temple:,stand,33195,32853,8,

# --- ankrahmun|loot~temple: (21 waypoints) ---
ankrahmun|loot~temple:,node,33137,32813,6,
ankrahmun|loot~temple:,stand,33138,32813,6,
ankrahmun|loot~temple:,node,33141,32816,7,
ankrahmun|loot~temple:,node,33141,32823,7,
ankrahmun|loot~temple:,node,33147,32828,7,
ankrahmun|loot~temple:,node,33156,32829,7,
ankrahmun|loot~temple:,node,33164,32830,7,
ankrahmun|loot~temple:,node,33164,32836,7,
ankrahmun|loot~temple:,node,33165,32841,7,
ankrahmun|loot~temple:,node,33165,32846,7,
ankrahmun|loot~temple:,node,33173,32847,7,
ankrahmun|loot~temple:,node,33180,32847,7,
ankrahmun|loot~temple:,node,33186,32847,7,
ankrahmun|loot~temple:,node,33187,32853,7,
ankrahmun|loot~temple:,node,33187,32859,7,
ankrahmun|loot~temple:,node,33193,32859,7,
ankrahmun|loot~temple:,node,33196,32855,7,
ankrahmun|loot~temple:,node,33196,32851,7,
ankrahmun|loot~temple:,stand,33195,32850,7,
ankrahmun|loot~temple:,node,33195,32853,8,
ankrahmun|loot~temple:,stand,33195,32853,8,

# --- ankrahmun|food~temple: (20 waypoints) ---
ankrahmun|food~temple:,node,33132,32823,6,
ankrahmun|food~temple:,node,33137,32823,6,
ankrahmun|food~temple:,stand,33138,32823,6,
ankrahmun|food~temple:,node,33147,32828,7,
ankrahmun|food~temple:,node,33156,32829,7,
ankrahmun|food~temple:,node,33164,32830,7,
ankrahmun|food~temple:,node,33164,32836,7,
ankrahmun|food~temple:,node,33165,32841,7,
ankrahmun|food~temple:,node,33165,32846,7,
ankrahmun|food~temple:,node,33173,32847,7,
ankrahmun|food~temple:,node,33180,32847,7,
ankrahmun|food~temple:,node,33186,32847,7,
ankrahmun|food~temple:,node,33187,32853,7,
ankrahmun|food~temple:,node,33187,32859,7,
ankrahmun|food~temple:,node,33193,32859,7,
ankrahmun|food~temple:,node,33196,32855,7,
ankrahmun|food~temple:,node,33196,32851,7,
ankrahmun|food~temple:,stand,33195,32850,7,
ankrahmun|food~temple:,node,33195,32853,8,
ankrahmun|food~temple:,stand,33195,32853,8,

# --- ankrahmun|ammo~temple: (21 waypoints) ---
ankrahmun|ammo~temple:,node,33150,32810,4,
ankrahmun|ammo~temple:,stand,33149,32809,4,
ankrahmun|ammo~temple:,stand,33151,32809,5,
ankrahmun|ammo~temple:,node,33156,32812,6,
ankrahmun|ammo~temple:,node,33163,32813,6,
ankrahmun|ammo~temple:,node,33169,32815,6,
ankrahmun|ammo~temple:,node,33173,32817,6,
ankrahmun|ammo~temple:,stand,33174,32817,6,
ankrahmun|ammo~temple:,node,33178,32821,7,
ankrahmun|ammo~temple:,node,33183,32828,7,
ankrahmun|ammo~temple:,node,33183,32836,7,
ankrahmun|ammo~temple:,node,33185,32842,7,
ankrahmun|ammo~temple:,node,33186,32847,7,
ankrahmun|ammo~temple:,node,33187,32853,7,
ankrahmun|ammo~temple:,node,33187,32859,7,
ankrahmun|ammo~temple:,node,33193,32859,7,
ankrahmun|ammo~temple:,node,33196,32855,7,
ankrahmun|ammo~temple:,node,33196,32851,7,
ankrahmun|ammo~temple:,stand,33195,32850,7,
ankrahmun|ammo~temple:,node,33195,32853,8,
ankrahmun|ammo~temple:,stand,33195,32853,8,

# --- ankrahmun|trainers~temple: (24 waypoints) ---
ankrahmun|trainers~temple:,node,33167,32815,4,
ankrahmun|trainers~temple:,node,33160,32815,4,
ankrahmun|trainers~temple:,node,33154,32813,4,
ankrahmun|trainers~temple:,node,33150,32810,4,
ankrahmun|trainers~temple:,stand,33149,32809,4,
ankrahmun|trainers~temple:,stand,33151,32809,5,
ankrahmun|trainers~temple:,node,33156,32812,6,
ankrahmun|trainers~temple:,node,33163,32813,6,
ankrahmun|trainers~temple:,node,33169,32815,6,
ankrahmun|trainers~temple:,node,33173,32817,6,
ankrahmun|trainers~temple:,stand,33174,32817,6,
ankrahmun|trainers~temple:,node,33178,32821,7,
ankrahmun|trainers~temple:,node,33183,32828,7,
ankrahmun|trainers~temple:,node,33183,32836,7,
ankrahmun|trainers~temple:,node,33185,32842,7,
ankrahmun|trainers~temple:,node,33186,32847,7,
ankrahmun|trainers~temple:,node,33187,32853,7,
ankrahmun|trainers~temple:,node,33187,32859,7,
ankrahmun|trainers~temple:,node,33193,32859,7,
ankrahmun|trainers~temple:,node,33196,32855,7,
ankrahmun|trainers~temple:,node,33196,32851,7,
ankrahmun|trainers~temple:,stand,33195,32850,7,
ankrahmun|trainers~temple:,node,33195,32853,8,
ankrahmun|trainers~temple:,stand,33195,32853,8,

# --- ankrahmun|temple~temple: (4 waypoints) ---
ankrahmun|temple~temple:,node,33196,32851,7,
ankrahmun|temple~temple:,stand,33195,32850,7,
ankrahmun|temple~temple:,node,33195,32853,8,
ankrahmun|temple~temple:,stand,33195,32853,8,

# --- ankrahmun|west.gate~temple: (30 waypoints) ---
ankrahmun|west.gate~temple:,node,33087,32783,7,
ankrahmun|west.gate~temple:,stand,33087,32784,7,
ankrahmun|west.gate~temple:,stand,33087,32787,6,
ankrahmun|west.gate~temple:,node,33089,32792,7,
ankrahmun|west.gate~temple:,node,33098,32793,7,
ankrahmun|west.gate~temple:,node,33099,32800,7,
ankrahmun|west.gate~temple:,node,33099,32807,7,
ankrahmun|west.gate~temple:,node,33109,32808,7,
ankrahmun|west.gate~temple:,node,33119,32809,7,
ankrahmun|west.gate~temple:,node,33120,32818,7,
ankrahmun|west.gate~temple:,node,33122,32828,7,
ankrahmun|west.gate~temple:,node,33131,32828,7,
ankrahmun|west.gate~temple:,node,33140,32829,7,
ankrahmun|west.gate~temple:,node,33147,32829,7,
ankrahmun|west.gate~temple:,node,33156,32829,7,
ankrahmun|west.gate~temple:,node,33164,32830,7,
ankrahmun|west.gate~temple:,node,33164,32836,7,
ankrahmun|west.gate~temple:,node,33165,32841,7,
ankrahmun|west.gate~temple:,node,33165,32846,7,
ankrahmun|west.gate~temple:,node,33173,32847,7,
ankrahmun|west.gate~temple:,node,33180,32847,7,
ankrahmun|west.gate~temple:,node,33186,32847,7,
ankrahmun|west.gate~temple:,node,33187,32853,7,
ankrahmun|west.gate~temple:,node,33187,32859,7,
ankrahmun|west.gate~temple:,node,33193,32859,7,
ankrahmun|west.gate~temple:,node,33196,32855,7,
ankrahmun|west.gate~temple:,node,33196,32851,7,
ankrahmun|west.gate~temple:,stand,33195,32850,7,
ankrahmun|west.gate~temple:,node,33195,32853,8,
ankrahmun|west.gate~temple:,stand,33195,32853,8,

# --- ankrahmun|east.gate~temple: (20 waypoints) ---
ankrahmun|east.gate~temple:,node,33240,32798,7,
ankrahmun|east.gate~temple:,stand,33240,32799,7,
ankrahmun|east.gate~temple:,stand,33239,32803,6,
ankrahmun|east.gate~temple:,node,33235,32810,7,
ankrahmun|east.gate~temple:,node,33231,32813,7,
ankrahmun|east.gate~temple:,node,33231,32821,7,
ankrahmun|east.gate~temple:,node,33223,32821,7,
ankrahmun|east.gate~temple:,node,33215,32821,7,
ankrahmun|east.gate~temple:,node,33207,32821,7,
ankrahmun|east.gate~temple:,node,33206,32830,7,
ankrahmun|east.gate~temple:,node,33206,32839,7,
ankrahmun|east.gate~temple:,node,33206,32847,7,
ankrahmun|east.gate~temple:,node,33203,32853,7,
ankrahmun|east.gate~temple:,node,33203,32859,7,
ankrahmun|east.gate~temple:,node,33196,32859,7,
ankrahmun|east.gate~temple:,node,33196,32855,7,
ankrahmun|east.gate~temple:,node,33196,32851,7,
ankrahmun|east.gate~temple:,stand,33195,32850,7,
ankrahmun|east.gate~temple:,node,33195,32853,8,
ankrahmun|east.gate~temple:,stand,33195,32853,8,

# --- ankrahmun|north.gate~temple: (24 waypoints) ---
ankrahmun|north.gate~temple:,node,33153,32761,7,
ankrahmun|north.gate~temple:,stand,33153,32762,7,
ankrahmun|north.gate~temple:,stand,33153,32766,6,
ankrahmun|north.gate~temple:,node,33153,32774,7,
ankrahmun|north.gate~temple:,node,33153,32781,7,
ankrahmun|north.gate~temple:,node,33160,32781,7,
ankrahmun|north.gate~temple:,node,33161,32789,7,
ankrahmun|north.gate~temple:,node,33161,32797,7,
ankrahmun|north.gate~temple:,node,33163,32803,7,
ankrahmun|north.gate~temple:,node,33173,32804,7,
ankrahmun|north.gate~temple:,node,33178,32810,7,
ankrahmun|north.gate~temple:,node,33178,32821,7,
ankrahmun|north.gate~temple:,node,33183,32828,7,
ankrahmun|north.gate~temple:,node,33183,32836,7,
ankrahmun|north.gate~temple:,node,33185,32842,7,
ankrahmun|north.gate~temple:,node,33186,32847,7,
ankrahmun|north.gate~temple:,node,33187,32853,7,
ankrahmun|north.gate~temple:,node,33187,32859,7,
ankrahmun|north.gate~temple:,node,33193,32859,7,
ankrahmun|north.gate~temple:,node,33196,32855,7,
ankrahmun|north.gate~temple:,node,33196,32851,7,
ankrahmun|north.gate~temple:,stand,33195,32850,7,
ankrahmun|north.gate~temple:,node,33195,32853,8,
ankrahmun|north.gate~temple:,stand,33195,32853,8,

# --- ankrahmun|boat~west.gate: (23 waypoints) ---
ankrahmun|boat~west.gate:,node,33085,32883,6,
ankrahmun|boat~west.gate:,node,33085,32878,6,
ankrahmun|boat~west.gate:,stand,33084,32877,6,
ankrahmun|boat~west.gate:,node,33088,32872,7,
ankrahmun|boat~west.gate:,node,33089,32865,7,
ankrahmun|boat~west.gate:,node,33089,32859,7,
ankrahmun|boat~west.gate:,node,33090,32852,7,
ankrahmun|boat~west.gate:,node,33093,32848,7,
ankrahmun|boat~west.gate:,node,33094,32842,7,
ankrahmun|boat~west.gate:,node,33094,32836,7,
ankrahmun|boat~west.gate:,node,33094,32830,7,
ankrahmun|boat~west.gate:,node,33098,32830,7,
ankrahmun|boat~west.gate:,node,33098,32824,7,
ankrahmun|boat~west.gate:,node,33098,32818,7,
ankrahmun|boat~west.gate:,node,33098,32812,7,
ankrahmun|boat~west.gate:,node,33098,32805,7,
ankrahmun|boat~west.gate:,node,33098,32799,7,
ankrahmun|boat~west.gate:,node,33098,32793,7,
ankrahmun|boat~west.gate:,node,33091,32791,7,
ankrahmun|boat~west.gate:,node,33087,32788,7,
ankrahmun|boat~west.gate:,stand,33087,32787,7,
ankrahmun|boat~west.gate:,stand,33086,32784,6,
ankrahmun|boat~west.gate:,node,33086,32783,7,

# --- ankrahmun|depot~west.gate: (15 waypoints) ---
ankrahmun|depot~west.gate:,node,33126,32833,7,
ankrahmun|depot~west.gate:,node,33118,32830,7,
ankrahmun|depot~west.gate:,node,33109,32829,7,
ankrahmun|depot~west.gate:,node,33099,32829,7,
ankrahmun|depot~west.gate:,node,33098,32824,7,
ankrahmun|depot~west.gate:,node,33098,32818,7,
ankrahmun|depot~west.gate:,node,33098,32812,7,
ankrahmun|depot~west.gate:,node,33098,32805,7,
ankrahmun|depot~west.gate:,node,33098,32799,7,
ankrahmun|depot~west.gate:,node,33098,32793,7,
ankrahmun|depot~west.gate:,node,33091,32791,7,
ankrahmun|depot~west.gate:,node,33087,32788,7,
ankrahmun|depot~west.gate:,stand,33087,32787,7,
ankrahmun|depot~west.gate:,stand,33086,32784,6,
ankrahmun|depot~west.gate:,node,33086,32783,7,

# --- ankrahmun|potions~west.gate: (14 waypoints) ---
ankrahmun|potions~west.gate:,stand,33130,32816,5,
ankrahmun|potions~west.gate:,node,33124,32816,6,
ankrahmun|potions~west.gate:,stand,33123,32816,6,
ankrahmun|potions~west.gate:,node,33119,32809,7,
ankrahmun|potions~west.gate:,node,33111,32808,7,
ankrahmun|potions~west.gate:,node,33101,32808,7,
ankrahmun|potions~west.gate:,node,33098,32805,7,
ankrahmun|potions~west.gate:,node,33098,32799,7,
ankrahmun|potions~west.gate:,node,33098,32793,7,
ankrahmun|potions~west.gate:,node,33091,32791,7,
ankrahmun|potions~west.gate:,node,33087,32788,7,
ankrahmun|potions~west.gate:,stand,33087,32787,7,
ankrahmun|potions~west.gate:,stand,33086,32784,6,
ankrahmun|potions~west.gate:,node,33086,32783,7,

# --- ankrahmun|runes~west.gate: (14 waypoints) ---
ankrahmun|runes~west.gate:,stand,33130,32816,5,
ankrahmun|runes~west.gate:,node,33124,32816,6,
ankrahmun|runes~west.gate:,stand,33123,32816,6,
ankrahmun|runes~west.gate:,node,33119,32809,7,
ankrahmun|runes~west.gate:,node,33111,32808,7,
ankrahmun|runes~west.gate:,node,33101,32808,7,
ankrahmun|runes~west.gate:,node,33098,32805,7,
ankrahmun|runes~west.gate:,node,33098,32799,7,
ankrahmun|runes~west.gate:,node,33098,32793,7,
ankrahmun|runes~west.gate:,node,33091,32791,7,
ankrahmun|runes~west.gate:,node,33087,32788,7,
ankrahmun|runes~west.gate:,stand,33087,32787,7,
ankrahmun|runes~west.gate:,stand,33086,32784,6,
ankrahmun|runes~west.gate:,node,33086,32783,7,

# --- ankrahmun|bank~west.gate: (14 waypoints) ---
ankrahmun|bank~west.gate:,node,33129,32818,6,
ankrahmun|bank~west.gate:,node,33124,32816,6,
ankrahmun|bank~west.gate:,stand,33123,32816,6,
ankrahmun|bank~west.gate:,node,33119,32809,7,
ankrahmun|bank~west.gate:,node,33111,32808,7,
ankrahmun|bank~west.gate:,node,33101,32808,7,
ankrahmun|bank~west.gate:,node,33098,32805,7,
ankrahmun|bank~west.gate:,node,33098,32799,7,
ankrahmun|bank~west.gate:,node,33098,32793,7,
ankrahmun|bank~west.gate:,node,33091,32791,7,
ankrahmun|bank~west.gate:,node,33087,32788,7,
ankrahmun|bank~west.gate:,stand,33087,32787,7,
ankrahmun|bank~west.gate:,stand,33086,32784,6,
ankrahmun|bank~west.gate:,node,33086,32783,7,

# --- ankrahmun|loot~west.gate: (14 waypoints) ---
ankrahmun|loot~west.gate:,node,33129,32813,6,
ankrahmun|loot~west.gate:,node,33124,32813,6,
ankrahmun|loot~west.gate:,stand,33123,32813,6,
ankrahmun|loot~west.gate:,node,33119,32809,7,
ankrahmun|loot~west.gate:,node,33111,32808,7,
ankrahmun|loot~west.gate:,node,33101,32808,7,
ankrahmun|loot~west.gate:,node,33098,32805,7,
ankrahmun|loot~west.gate:,node,33098,32799,7,
ankrahmun|loot~west.gate:,node,33098,32793,7,
ankrahmun|loot~west.gate:,node,33091,32791,7,
ankrahmun|loot~west.gate:,node,33087,32788,7,
ankrahmun|loot~west.gate:,stand,33087,32787,7,
ankrahmun|loot~west.gate:,stand,33086,32784,6,
ankrahmun|loot~west.gate:,node,33086,32783,7,

# --- ankrahmun|food~west.gate: (15 waypoints) ---
ankrahmun|food~west.gate:,node,33124,32823,6,
ankrahmun|food~west.gate:,stand,33123,32823,6,
ankrahmun|food~west.gate:,node,33120,32820,7,
ankrahmun|food~west.gate:,node,33120,32814,7,
ankrahmun|food~west.gate:,node,33119,32809,7,
ankrahmun|food~west.gate:,node,33111,32808,7,
ankrahmun|food~west.gate:,node,33101,32808,7,
ankrahmun|food~west.gate:,node,33098,32805,7,
ankrahmun|food~west.gate:,node,33098,32799,7,
ankrahmun|food~west.gate:,node,33098,32793,7,
ankrahmun|food~west.gate:,node,33091,32791,7,
ankrahmun|food~west.gate:,node,33087,32788,7,
ankrahmun|food~west.gate:,stand,33087,32787,7,
ankrahmun|food~west.gate:,stand,33086,32784,6,
ankrahmun|food~west.gate:,node,33086,32783,7,

# --- ankrahmun|ammo~west.gate: (20 waypoints) ---
ankrahmun|ammo~west.gate:,node,33150,32810,4,
ankrahmun|ammo~west.gate:,stand,33149,32809,4,
ankrahmun|ammo~west.gate:,stand,33151,32809,5,
ankrahmun|ammo~west.gate:,node,33146,32811,6,
ankrahmun|ammo~west.gate:,stand,33145,32811,6,
ankrahmun|ammo~west.gate:,node,33142,32808,7,
ankrahmun|ammo~west.gate:,node,33140,32803,7,
ankrahmun|ammo~west.gate:,node,33130,32803,7,
ankrahmun|ammo~west.gate:,node,33121,32803,7,
ankrahmun|ammo~west.gate:,node,33118,32807,7,
ankrahmun|ammo~west.gate:,node,33109,32807,7,
ankrahmun|ammo~west.gate:,node,33100,32807,7,
ankrahmun|ammo~west.gate:,node,33098,32805,7,
ankrahmun|ammo~west.gate:,node,33098,32799,7,
ankrahmun|ammo~west.gate:,node,33098,32793,7,
ankrahmun|ammo~west.gate:,node,33091,32791,7,
ankrahmun|ammo~west.gate:,node,33087,32788,7,
ankrahmun|ammo~west.gate:,stand,33087,32787,7,
ankrahmun|ammo~west.gate:,stand,33086,32784,6,
ankrahmun|ammo~west.gate:,node,33086,32783,7,

# --- ankrahmun|trainers~west.gate: (24 waypoints) ---
ankrahmun|trainers~west.gate:,node,33167,32815,4,
ankrahmun|trainers~west.gate:,node,33160,32815,4,
ankrahmun|trainers~west.gate:,node,33154,32813,4,
ankrahmun|trainers~west.gate:,node,33150,32810,4,
ankrahmun|trainers~west.gate:,stand,33149,32809,4,
ankrahmun|trainers~west.gate:,stand,33151,32809,5,
ankrahmun|trainers~west.gate:,node,33151,32811,6,
ankrahmun|trainers~west.gate:,node,33146,32811,6,
ankrahmun|trainers~west.gate:,stand,33145,32811,6,
ankrahmun|trainers~west.gate:,node,33142,32808,7,
ankrahmun|trainers~west.gate:,node,33140,32803,7,
ankrahmun|trainers~west.gate:,node,33130,32803,7,
ankrahmun|trainers~west.gate:,node,33121,32803,7,
ankrahmun|trainers~west.gate:,node,33118,32807,7,
ankrahmun|trainers~west.gate:,node,33109,32807,7,
ankrahmun|trainers~west.gate:,node,33100,32807,7,
ankrahmun|trainers~west.gate:,node,33098,32805,7,
ankrahmun|trainers~west.gate:,node,33098,32799,7,
ankrahmun|trainers~west.gate:,node,33098,32793,7,
ankrahmun|trainers~west.gate:,node,33091,32791,7,
ankrahmun|trainers~west.gate:,node,33087,32788,7,
ankrahmun|trainers~west.gate:,stand,33087,32787,7,
ankrahmun|trainers~west.gate:,stand,33086,32784,6,
ankrahmun|trainers~west.gate:,node,33086,32783,7,

# --- ankrahmun|temple~west.gate: (27 waypoints) ---
ankrahmun|temple~west.gate:,node,33195,32851,8,
ankrahmun|temple~west.gate:,stand,33195,32850,8,
ankrahmun|temple~west.gate:,node,33196,32851,7,
ankrahmun|temple~west.gate:,node,33196,32859,7,
ankrahmun|temple~west.gate:,node,33187,32859,7,
ankrahmun|temple~west.gate:,node,33186,32847,7,
ankrahmun|temple~west.gate:,node,33175,32847,7,
ankrahmun|temple~west.gate:,node,33165,32846,7,
ankrahmun|temple~west.gate:,node,33164,32838,7,
ankrahmun|temple~west.gate:,node,33164,32830,7,
ankrahmun|temple~west.gate:,node,33154,32830,7,
ankrahmun|temple~west.gate:,node,33144,32830,7,
ankrahmun|temple~west.gate:,node,33131,32828,7,
ankrahmun|temple~west.gate:,node,33121,32828,7,
ankrahmun|temple~west.gate:,node,33120,32820,7,
ankrahmun|temple~west.gate:,node,33120,32814,7,
ankrahmun|temple~west.gate:,node,33119,32809,7,
ankrahmun|temple~west.gate:,node,33111,32808,7,
ankrahmun|temple~west.gate:,node,33101,32808,7,
ankrahmun|temple~west.gate:,node,33098,32805,7,
ankrahmun|temple~west.gate:,node,33098,32799,7,
ankrahmun|temple~west.gate:,node,33098,32793,7,
ankrahmun|temple~west.gate:,node,33091,32791,7,
ankrahmun|temple~west.gate:,node,33087,32788,7,
ankrahmun|temple~west.gate:,stand,33087,32787,7,
ankrahmun|temple~west.gate:,stand,33086,32784,6,
ankrahmun|temple~west.gate:,node,33086,32783,7,

# --- ankrahmun|west.gate~west.gate: (4 waypoints) ---
ankrahmun|west.gate~west.gate:,node,33087,32788,7,
ankrahmun|west.gate~west.gate:,stand,33087,32787,7,
ankrahmun|west.gate~west.gate:,stand,33086,32784,6,
ankrahmun|west.gate~west.gate:,node,33086,32783,7,

# --- ankrahmun|east.gate~west.gate: (30 waypoints) ---
ankrahmun|east.gate~west.gate:,node,33240,32798,7,
ankrahmun|east.gate~west.gate:,stand,33240,32799,7,
ankrahmun|east.gate~west.gate:,stand,33239,32803,6,
ankrahmun|east.gate~west.gate:,node,33236,32806,7,
ankrahmun|east.gate~west.gate:,node,33226,32806,7,
ankrahmun|east.gate~west.gate:,node,33217,32806,7,
ankrahmun|east.gate~west.gate:,node,33217,32802,7,
ankrahmun|east.gate~west.gate:,node,33209,32802,7,
ankrahmun|east.gate~west.gate:,node,33200,32802,7,
ankrahmun|east.gate~west.gate:,node,33198,32800,7,
ankrahmun|east.gate~west.gate:,node,33188,32800,7,
ankrahmun|east.gate~west.gate:,node,33179,32800,7,
ankrahmun|east.gate~west.gate:,node,33179,32803,7,
ankrahmun|east.gate~west.gate:,node,33170,32803,7,
ankrahmun|east.gate~west.gate:,node,33160,32803,7,
ankrahmun|east.gate~west.gate:,node,33150,32803,7,
ankrahmun|east.gate~west.gate:,node,33140,32803,7,
ankrahmun|east.gate~west.gate:,node,33130,32803,7,
ankrahmun|east.gate~west.gate:,node,33121,32803,7,
ankrahmun|east.gate~west.gate:,node,33118,32807,7,
ankrahmun|east.gate~west.gate:,node,33109,32807,7,
ankrahmun|east.gate~west.gate:,node,33100,32807,7,
ankrahmun|east.gate~west.gate:,node,33098,32805,7,
ankrahmun|east.gate~west.gate:,node,33098,32799,7,
ankrahmun|east.gate~west.gate:,node,33098,32793,7,
ankrahmun|east.gate~west.gate:,node,33091,32791,7,
ankrahmun|east.gate~west.gate:,node,33087,32788,7,
ankrahmun|east.gate~west.gate:,stand,33087,32787,7,
ankrahmun|east.gate~west.gate:,stand,33086,32784,6,
ankrahmun|east.gate~west.gate:,node,33086,32783,7,

# --- ankrahmun|north.gate~west.gate: (19 waypoints) ---
ankrahmun|north.gate~west.gate:,node,33153,32761,7,
ankrahmun|north.gate~west.gate:,stand,33153,32762,7,
ankrahmun|north.gate~west.gate:,stand,33153,32766,6,
ankrahmun|north.gate~west.gate:,node,33153,32768,7,
ankrahmun|north.gate~west.gate:,node,33140,32768,7,
ankrahmun|north.gate~west.gate:,node,33140,32774,7,
ankrahmun|north.gate~west.gate:,node,33140,32779,7,
ankrahmun|north.gate~west.gate:,node,33139,32784,7,
ankrahmun|north.gate~west.gate:,node,33132,32784,7,
ankrahmun|north.gate~west.gate:,node,33124,32784,7,
ankrahmun|north.gate~west.gate:,node,33119,32784,7,
ankrahmun|north.gate~west.gate:,node,33119,32788,7,
ankrahmun|north.gate~west.gate:,node,33111,32788,7,
ankrahmun|north.gate~west.gate:,node,33099,32788,7,
ankrahmun|north.gate~west.gate:,node,33091,32791,7,
ankrahmun|north.gate~west.gate:,node,33087,32788,7,
ankrahmun|north.gate~west.gate:,stand,33087,32787,7,
ankrahmun|north.gate~west.gate:,stand,33086,32784,6,
ankrahmun|north.gate~west.gate:,node,33086,32783,7,

# --- ankrahmun|boat~east.gate: (31 waypoints) ---
ankrahmun|boat~east.gate:,node,33085,32883,6,
ankrahmun|boat~east.gate:,node,33085,32878,6,
ankrahmun|boat~east.gate:,stand,33084,32877,6,
ankrahmun|boat~east.gate:,node,33088,32872,7,
ankrahmun|boat~east.gate:,node,33089,32864,7,
ankrahmun|boat~east.gate:,node,33090,32857,7,
ankrahmun|boat~east.gate:,node,33090,32851,7,
ankrahmun|boat~east.gate:,node,33094,32847,7,
ankrahmun|boat~east.gate:,node,33094,32839,7,
ankrahmun|boat~east.gate:,node,33094,32830,7,
ankrahmun|boat~east.gate:,node,33104,32830,7,
ankrahmun|boat~east.gate:,node,33114,32830,7,
ankrahmun|boat~east.gate:,node,33126,32829,7,
ankrahmun|boat~east.gate:,node,33140,32829,7,
ankrahmun|boat~east.gate:,node,33151,32830,7,
ankrahmun|boat~east.gate:,node,33162,32830,7,
ankrahmun|boat~east.gate:,node,33166,32828,7,
ankrahmun|boat~east.gate:,node,33177,32828,7,
ankrahmun|boat~east.gate:,node,33181,32824,7,
ankrahmun|boat~east.gate:,node,33187,32820,7,
ankrahmun|boat~east.gate:,node,33195,32820,7,
ankrahmun|boat~east.gate:,node,33204,32820,7,
ankrahmun|boat~east.gate:,node,33214,32820,7,
ankrahmun|boat~east.gate:,node,33223,32820,7,
ankrahmun|boat~east.gate:,node,33231,32820,7,
ankrahmun|boat~east.gate:,node,33231,32813,7,
ankrahmun|boat~east.gate:,node,33237,32809,7,
ankrahmun|boat~east.gate:,node,33239,32804,7,
ankrahmun|boat~east.gate:,stand,33239,32803,7,
ankrahmun|boat~east.gate:,stand,33239,32799,6,
ankrahmun|boat~east.gate:,node,33239,32798,7,

# --- ankrahmun|depot~east.gate: (21 waypoints) ---
ankrahmun|depot~east.gate:,node,33127,32838,7,
ankrahmun|depot~east.gate:,node,33127,32833,7,
ankrahmun|depot~east.gate:,node,33135,32832,7,
ankrahmun|depot~east.gate:,node,33139,32830,7,
ankrahmun|depot~east.gate:,node,33151,32830,7,
ankrahmun|depot~east.gate:,node,33162,32830,7,
ankrahmun|depot~east.gate:,node,33166,32828,7,
ankrahmun|depot~east.gate:,node,33177,32828,7,
ankrahmun|depot~east.gate:,node,33181,32824,7,
ankrahmun|depot~east.gate:,node,33187,32820,7,
ankrahmun|depot~east.gate:,node,33195,32820,7,
ankrahmun|depot~east.gate:,node,33204,32820,7,
ankrahmun|depot~east.gate:,node,33214,32820,7,
ankrahmun|depot~east.gate:,node,33223,32820,7,
ankrahmun|depot~east.gate:,node,33231,32820,7,
ankrahmun|depot~east.gate:,node,33231,32813,7,
ankrahmun|depot~east.gate:,node,33237,32809,7,
ankrahmun|depot~east.gate:,node,33239,32804,7,
ankrahmun|depot~east.gate:,stand,33239,32803,7,
ankrahmun|depot~east.gate:,stand,33239,32799,6,
ankrahmun|depot~east.gate:,node,33239,32798,7,

# --- ankrahmun|potions~east.gate: (22 waypoints) ---
ankrahmun|potions~east.gate:,stand,33131,32816,5,
ankrahmun|potions~east.gate:,node,33137,32818,6,
ankrahmun|potions~east.gate:,stand,33138,32818,6,
ankrahmun|potions~east.gate:,node,33141,32820,7,
ankrahmun|potions~east.gate:,node,33144,32827,7,
ankrahmun|potions~east.gate:,node,33151,32829,7,
ankrahmun|potions~east.gate:,node,33162,32829,7,
ankrahmun|potions~east.gate:,node,33166,32828,7,
ankrahmun|potions~east.gate:,node,33177,32828,7,
ankrahmun|potions~east.gate:,node,33181,32824,7,
ankrahmun|potions~east.gate:,node,33187,32820,7,
ankrahmun|potions~east.gate:,node,33195,32820,7,
ankrahmun|potions~east.gate:,node,33204,32820,7,
ankrahmun|potions~east.gate:,node,33214,32820,7,
ankrahmun|potions~east.gate:,node,33223,32820,7,
ankrahmun|potions~east.gate:,node,33231,32820,7,
ankrahmun|potions~east.gate:,node,33231,32813,7,
ankrahmun|potions~east.gate:,node,33237,32809,7,
ankrahmun|potions~east.gate:,node,33239,32804,7,
ankrahmun|potions~east.gate:,stand,33239,32803,7,
ankrahmun|potions~east.gate:,stand,33239,32799,6,
ankrahmun|potions~east.gate:,node,33239,32798,7,

# --- ankrahmun|runes~east.gate: (22 waypoints) ---
ankrahmun|runes~east.gate:,stand,33131,32816,5,
ankrahmun|runes~east.gate:,node,33137,32818,6,
ankrahmun|runes~east.gate:,stand,33138,32818,6,
ankrahmun|runes~east.gate:,node,33141,32820,7,
ankrahmun|runes~east.gate:,node,33144,32827,7,
ankrahmun|runes~east.gate:,node,33151,32829,7,
ankrahmun|runes~east.gate:,node,33162,32829,7,
ankrahmun|runes~east.gate:,node,33166,32828,7,
ankrahmun|runes~east.gate:,node,33177,32828,7,
ankrahmun|runes~east.gate:,node,33181,32824,7,
ankrahmun|runes~east.gate:,node,33187,32820,7,
ankrahmun|runes~east.gate:,node,33195,32820,7,
ankrahmun|runes~east.gate:,node,33204,32820,7,
ankrahmun|runes~east.gate:,node,33214,32820,7,
ankrahmun|runes~east.gate:,node,33223,32820,7,
ankrahmun|runes~east.gate:,node,33231,32820,7,
ankrahmun|runes~east.gate:,node,33231,32813,7,
ankrahmun|runes~east.gate:,node,33237,32809,7,
ankrahmun|runes~east.gate:,node,33239,32804,7,
ankrahmun|runes~east.gate:,stand,33239,32803,7,
ankrahmun|runes~east.gate:,stand,33239,32799,6,
ankrahmun|runes~east.gate:,node,33239,32798,7,

# --- ankrahmun|bank~east.gate: (20 waypoints) ---
ankrahmun|bank~east.gate:,node,33137,32823,6,
ankrahmun|bank~east.gate:,stand,33138,32823,6,
ankrahmun|bank~east.gate:,node,33144,32827,7,
ankrahmun|bank~east.gate:,node,33151,32829,7,
ankrahmun|bank~east.gate:,node,33162,32829,7,
ankrahmun|bank~east.gate:,node,33166,32828,7,
ankrahmun|bank~east.gate:,node,33177,32828,7,
ankrahmun|bank~east.gate:,node,33181,32824,7,
ankrahmun|bank~east.gate:,node,33187,32820,7,
ankrahmun|bank~east.gate:,node,33195,32820,7,
ankrahmun|bank~east.gate:,node,33204,32820,7,
ankrahmun|bank~east.gate:,node,33214,32820,7,
ankrahmun|bank~east.gate:,node,33223,32820,7,
ankrahmun|bank~east.gate:,node,33231,32820,7,
ankrahmun|bank~east.gate:,node,33231,32813,7,
ankrahmun|bank~east.gate:,node,33237,32809,7,
ankrahmun|bank~east.gate:,node,33239,32804,7,
ankrahmun|bank~east.gate:,stand,33239,32803,7,
ankrahmun|bank~east.gate:,stand,33239,32799,6,
ankrahmun|bank~east.gate:,node,33239,32798,7,

# --- ankrahmun|loot~east.gate: (22 waypoints) ---
ankrahmun|loot~east.gate:,node,33137,32813,6,
ankrahmun|loot~east.gate:,stand,33138,32813,6,
ankrahmun|loot~east.gate:,node,33141,32815,7,
ankrahmun|loot~east.gate:,node,33141,32820,7,
ankrahmun|loot~east.gate:,node,33144,32827,7,
ankrahmun|loot~east.gate:,node,33151,32829,7,
ankrahmun|loot~east.gate:,node,33162,32829,7,
ankrahmun|loot~east.gate:,node,33166,32828,7,
ankrahmun|loot~east.gate:,node,33177,32828,7,
ankrahmun|loot~east.gate:,node,33181,32824,7,
ankrahmun|loot~east.gate:,node,33187,32820,7,
ankrahmun|loot~east.gate:,node,33195,32820,7,
ankrahmun|loot~east.gate:,node,33204,32820,7,
ankrahmun|loot~east.gate:,node,33214,32820,7,
ankrahmun|loot~east.gate:,node,33223,32820,7,
ankrahmun|loot~east.gate:,node,33231,32820,7,
ankrahmun|loot~east.gate:,node,33231,32813,7,
ankrahmun|loot~east.gate:,node,33237,32809,7,
ankrahmun|loot~east.gate:,node,33239,32804,7,
ankrahmun|loot~east.gate:,stand,33239,32803,7,
ankrahmun|loot~east.gate:,stand,33239,32799,6,
ankrahmun|loot~east.gate:,node,33239,32798,7,

# --- ankrahmun|food~east.gate: (21 waypoints) ---
ankrahmun|food~east.gate:,node,33132,32823,6,
ankrahmun|food~east.gate:,node,33137,32823,6,
ankrahmun|food~east.gate:,stand,33138,32823,6,
ankrahmun|food~east.gate:,node,33144,32827,7,
ankrahmun|food~east.gate:,node,33151,32829,7,
ankrahmun|food~east.gate:,node,33162,32829,7,
ankrahmun|food~east.gate:,node,33166,32828,7,
ankrahmun|food~east.gate:,node,33177,32828,7,
ankrahmun|food~east.gate:,node,33181,32824,7,
ankrahmun|food~east.gate:,node,33187,32820,7,
ankrahmun|food~east.gate:,node,33195,32820,7,
ankrahmun|food~east.gate:,node,33204,32820,7,
ankrahmun|food~east.gate:,node,33214,32820,7,
ankrahmun|food~east.gate:,node,33223,32820,7,
ankrahmun|food~east.gate:,node,33231,32820,7,
ankrahmun|food~east.gate:,node,33231,32813,7,
ankrahmun|food~east.gate:,node,33237,32809,7,
ankrahmun|food~east.gate:,node,33239,32804,7,
ankrahmun|food~east.gate:,stand,33239,32803,7,
ankrahmun|food~east.gate:,stand,33239,32799,6,
ankrahmun|food~east.gate:,node,33239,32798,7,

# --- ankrahmun|ammo~east.gate: (20 waypoints) ---
ankrahmun|ammo~east.gate:,node,33150,32810,4,
ankrahmun|ammo~east.gate:,stand,33149,32809,4,
ankrahmun|ammo~east.gate:,stand,33151,32809,5,
ankrahmun|ammo~east.gate:,node,33156,32812,6,
ankrahmun|ammo~east.gate:,node,33166,32813,6,
ankrahmun|ammo~east.gate:,node,33173,32817,6,
ankrahmun|ammo~east.gate:,stand,33174,32817,6,
ankrahmun|ammo~east.gate:,node,33179,32819,7,
ankrahmun|ammo~east.gate:,node,33187,32820,7,
ankrahmun|ammo~east.gate:,node,33195,32820,7,
ankrahmun|ammo~east.gate:,node,33204,32820,7,
ankrahmun|ammo~east.gate:,node,33214,32820,7,
ankrahmun|ammo~east.gate:,node,33223,32820,7,
ankrahmun|ammo~east.gate:,node,33231,32820,7,
ankrahmun|ammo~east.gate:,node,33231,32813,7,
ankrahmun|ammo~east.gate:,node,33237,32809,7,
ankrahmun|ammo~east.gate:,node,33239,32804,7,
ankrahmun|ammo~east.gate:,stand,33239,32803,7,
ankrahmun|ammo~east.gate:,stand,33239,32799,6,
ankrahmun|ammo~east.gate:,node,33239,32798,7,

# --- ankrahmun|trainers~east.gate: (23 waypoints) ---
ankrahmun|trainers~east.gate:,node,33167,32815,4,
ankrahmun|trainers~east.gate:,node,33161,32815,4,
ankrahmun|trainers~east.gate:,node,33155,32813,4,
ankrahmun|trainers~east.gate:,node,33150,32810,4,
ankrahmun|trainers~east.gate:,stand,33149,32809,4,
ankrahmun|trainers~east.gate:,stand,33151,32809,5,
ankrahmun|trainers~east.gate:,node,33156,32812,6,
ankrahmun|trainers~east.gate:,node,33166,32813,6,
ankrahmun|trainers~east.gate:,node,33173,32817,6,
ankrahmun|trainers~east.gate:,stand,33174,32817,6,
ankrahmun|trainers~east.gate:,node,33179,32819,7,
ankrahmun|trainers~east.gate:,node,33187,32820,7,
ankrahmun|trainers~east.gate:,node,33195,32820,7,
ankrahmun|trainers~east.gate:,node,33204,32820,7,
ankrahmun|trainers~east.gate:,node,33214,32820,7,
ankrahmun|trainers~east.gate:,node,33223,32820,7,
ankrahmun|trainers~east.gate:,node,33231,32820,7,
ankrahmun|trainers~east.gate:,node,33231,32813,7,
ankrahmun|trainers~east.gate:,node,33237,32809,7,
ankrahmun|trainers~east.gate:,node,33239,32804,7,
ankrahmun|trainers~east.gate:,stand,33239,32803,7,
ankrahmun|trainers~east.gate:,stand,33239,32799,6,
ankrahmun|trainers~east.gate:,node,33239,32798,7,

# --- ankrahmun|temple~east.gate: (18 waypoints) ---
ankrahmun|temple~east.gate:,node,33195,32851,8,
ankrahmun|temple~east.gate:,stand,33195,32850,8,
ankrahmun|temple~east.gate:,node,33196,32851,7,
ankrahmun|temple~east.gate:,node,33196,32859,7,
ankrahmun|temple~east.gate:,node,33203,32859,7,
ankrahmun|temple~east.gate:,node,33204,32848,7,
ankrahmun|temple~east.gate:,node,33206,32837,7,
ankrahmun|temple~east.gate:,node,33207,32829,7,
ankrahmun|temple~east.gate:,node,33207,32821,7,
ankrahmun|temple~east.gate:,node,33214,32820,7,
ankrahmun|temple~east.gate:,node,33223,32820,7,
ankrahmun|temple~east.gate:,node,33231,32820,7,
ankrahmun|temple~east.gate:,node,33231,32813,7,
ankrahmun|temple~east.gate:,node,33237,32809,7,
ankrahmun|temple~east.gate:,node,33239,32804,7,
ankrahmun|temple~east.gate:,stand,33239,32803,7,
ankrahmun|temple~east.gate:,stand,33239,32799,6,
ankrahmun|temple~east.gate:,node,33239,32798,7,

# --- ankrahmun|west.gate~east.gate: (29 waypoints) ---
ankrahmun|west.gate~east.gate:,node,33087,32783,7,
ankrahmun|west.gate~east.gate:,stand,33087,32784,7,
ankrahmun|west.gate~east.gate:,stand,33087,32787,6,
ankrahmun|west.gate~east.gate:,node,33089,32791,7,
ankrahmun|west.gate~east.gate:,node,33098,32793,7,
ankrahmun|west.gate~east.gate:,node,33099,32800,7,
ankrahmun|west.gate~east.gate:,node,33099,32807,7,
ankrahmun|west.gate~east.gate:,node,33109,32807,7,
ankrahmun|west.gate~east.gate:,node,33118,32807,7,
ankrahmun|west.gate~east.gate:,node,33121,32803,7,
ankrahmun|west.gate~east.gate:,node,33131,32803,7,
ankrahmun|west.gate~east.gate:,node,33140,32803,7,
ankrahmun|west.gate~east.gate:,node,33152,32804,7,
ankrahmun|west.gate~east.gate:,node,33165,32804,7,
ankrahmun|west.gate~east.gate:,node,33175,32804,7,
ankrahmun|west.gate~east.gate:,node,33177,32811,7,
ankrahmun|west.gate~east.gate:,node,33179,32819,7,
ankrahmun|west.gate~east.gate:,node,33187,32820,7,
ankrahmun|west.gate~east.gate:,node,33195,32820,7,
ankrahmun|west.gate~east.gate:,node,33204,32820,7,
ankrahmun|west.gate~east.gate:,node,33214,32820,7,
ankrahmun|west.gate~east.gate:,node,33223,32820,7,
ankrahmun|west.gate~east.gate:,node,33231,32820,7,
ankrahmun|west.gate~east.gate:,node,33231,32813,7,
ankrahmun|west.gate~east.gate:,node,33237,32809,7,
ankrahmun|west.gate~east.gate:,node,33239,32804,7,
ankrahmun|west.gate~east.gate:,stand,33239,32803,7,
ankrahmun|west.gate~east.gate:,stand,33239,32799,6,
ankrahmun|west.gate~east.gate:,node,33239,32798,7,

# --- ankrahmun|east.gate~east.gate: (4 waypoints) ---
ankrahmun|east.gate~east.gate:,node,33239,32804,7,
ankrahmun|east.gate~east.gate:,stand,33239,32803,7,
ankrahmun|east.gate~east.gate:,stand,33239,32799,6,
ankrahmun|east.gate~east.gate:,node,33239,32798,7,

# --- ankrahmun|north.gate~east.gate: (25 waypoints) ---
ankrahmun|north.gate~east.gate:,node,33153,32761,7,
ankrahmun|north.gate~east.gate:,stand,33153,32762,7,
ankrahmun|north.gate~east.gate:,stand,33153,32766,6,
ankrahmun|north.gate~east.gate:,node,33153,32772,7,
ankrahmun|north.gate~east.gate:,node,33153,32781,7,
ankrahmun|north.gate~east.gate:,node,33160,32781,7,
ankrahmun|north.gate~east.gate:,node,33161,32789,7,
ankrahmun|north.gate~east.gate:,node,33161,32796,7,
ankrahmun|north.gate~east.gate:,node,33162,32802,7,
ankrahmun|north.gate~east.gate:,node,33168,32803,7,
ankrahmun|north.gate~east.gate:,node,33175,32804,7,
ankrahmun|north.gate~east.gate:,node,33177,32811,7,
ankrahmun|north.gate~east.gate:,node,33179,32819,7,
ankrahmun|north.gate~east.gate:,node,33187,32820,7,
ankrahmun|north.gate~east.gate:,node,33195,32820,7,
ankrahmun|north.gate~east.gate:,node,33204,32820,7,
ankrahmun|north.gate~east.gate:,node,33214,32820,7,
ankrahmun|north.gate~east.gate:,node,33223,32820,7,
ankrahmun|north.gate~east.gate:,node,33231,32820,7,
ankrahmun|north.gate~east.gate:,node,33231,32813,7,
ankrahmun|north.gate~east.gate:,node,33237,32809,7,
ankrahmun|north.gate~east.gate:,node,33239,32804,7,
ankrahmun|north.gate~east.gate:,stand,33239,32803,7,
ankrahmun|north.gate~east.gate:,stand,33239,32799,6,
ankrahmun|north.gate~east.gate:,node,33239,32798,7,

# --- ankrahmun|boat~north.gate: (25 waypoints) ---
ankrahmun|boat~north.gate:,node,33085,32883,6,
ankrahmun|boat~north.gate:,node,33085,32878,6,
ankrahmun|boat~north.gate:,stand,33084,32877,6,
ankrahmun|boat~north.gate:,node,33088,32872,7,
ankrahmun|boat~north.gate:,node,33090,32860,7,
ankrahmun|boat~north.gate:,node,33090,32851,7,
ankrahmun|boat~north.gate:,node,33104,32850,7,
ankrahmun|boat~north.gate:,node,33114,32850,7,
ankrahmun|boat~north.gate:,node,33116,32841,7,
ankrahmun|boat~north.gate:,node,33116,32833,7,
ankrahmun|boat~north.gate:,node,33120,32828,7,
ankrahmun|boat~north.gate:,node,33120,32815,7,
ankrahmun|boat~north.gate:,node,33121,32803,7,
ankrahmun|boat~north.gate:,node,33131,32802,7,
ankrahmun|boat~north.gate:,node,33137,32802,7,
ankrahmun|boat~north.gate:,node,33138,32795,7,
ankrahmun|boat~north.gate:,node,33139,32787,7,
ankrahmun|boat~north.gate:,node,33139,32781,7,
ankrahmun|boat~north.gate:,node,33146,32781,7,
ankrahmun|boat~north.gate:,node,33153,32781,7,
ankrahmun|boat~north.gate:,node,33153,32775,7,
ankrahmun|boat~north.gate:,node,33153,32767,7,
ankrahmun|boat~north.gate:,stand,33153,32766,7,
ankrahmun|boat~north.gate:,stand,33153,32762,6,
ankrahmun|boat~north.gate:,node,33153,32761,7,

# --- ankrahmun|depot~north.gate: (18 waypoints) ---
ankrahmun|depot~north.gate:,node,33127,32833,7,
ankrahmun|depot~north.gate:,node,33134,32832,7,
ankrahmun|depot~north.gate:,node,33140,32828,7,
ankrahmun|depot~north.gate:,node,33141,32822,7,
ankrahmun|depot~north.gate:,node,33141,32817,7,
ankrahmun|depot~north.gate:,node,33141,32811,7,
ankrahmun|depot~north.gate:,node,33141,32805,7,
ankrahmun|depot~north.gate:,node,33139,32802,7,
ankrahmun|depot~north.gate:,node,33139,32795,7,
ankrahmun|depot~north.gate:,node,33139,32787,7,
ankrahmun|depot~north.gate:,node,33139,32781,7,
ankrahmun|depot~north.gate:,node,33146,32781,7,
ankrahmun|depot~north.gate:,node,33153,32781,7,
ankrahmun|depot~north.gate:,node,33153,32775,7,
ankrahmun|depot~north.gate:,node,33153,32767,7,
ankrahmun|depot~north.gate:,stand,33153,32766,7,
ankrahmun|depot~north.gate:,stand,33153,32762,6,
ankrahmun|depot~north.gate:,node,33153,32761,7,

# --- ankrahmun|potions~north.gate: (16 waypoints) ---
ankrahmun|potions~north.gate:,stand,33131,32816,5,
ankrahmun|potions~north.gate:,node,33132,32817,6,
ankrahmun|potions~north.gate:,node,33132,32812,6,
ankrahmun|potions~north.gate:,node,33134,32806,6,
ankrahmun|potions~north.gate:,stand,33134,32805,6,
ankrahmun|potions~north.gate:,node,33138,32802,7,
ankrahmun|potions~north.gate:,node,33138,32795,7,
ankrahmun|potions~north.gate:,node,33139,32787,7,
ankrahmun|potions~north.gate:,node,33139,32781,7,
ankrahmun|potions~north.gate:,node,33146,32781,7,
ankrahmun|potions~north.gate:,node,33153,32781,7,
ankrahmun|potions~north.gate:,node,33153,32775,7,
ankrahmun|potions~north.gate:,node,33153,32767,7,
ankrahmun|potions~north.gate:,stand,33153,32766,7,
ankrahmun|potions~north.gate:,stand,33153,32762,6,
ankrahmun|potions~north.gate:,node,33153,32761,7,

# --- ankrahmun|runes~north.gate: (16 waypoints) ---
ankrahmun|runes~north.gate:,stand,33131,32816,5,
ankrahmun|runes~north.gate:,node,33132,32817,6,
ankrahmun|runes~north.gate:,node,33132,32812,6,
ankrahmun|runes~north.gate:,node,33134,32806,6,
ankrahmun|runes~north.gate:,stand,33134,32805,6,
ankrahmun|runes~north.gate:,node,33138,32802,7,
ankrahmun|runes~north.gate:,node,33138,32795,7,
ankrahmun|runes~north.gate:,node,33139,32787,7,
ankrahmun|runes~north.gate:,node,33139,32781,7,
ankrahmun|runes~north.gate:,node,33146,32781,7,
ankrahmun|runes~north.gate:,node,33153,32781,7,
ankrahmun|runes~north.gate:,node,33153,32775,7,
ankrahmun|runes~north.gate:,node,33153,32767,7,
ankrahmun|runes~north.gate:,stand,33153,32766,7,
ankrahmun|runes~north.gate:,stand,33153,32762,6,
ankrahmun|runes~north.gate:,node,33153,32761,7,

# --- ankrahmun|bank~north.gate: (14 waypoints) ---
ankrahmun|bank~north.gate:,node,33132,32812,6,
ankrahmun|bank~north.gate:,node,33134,32806,6,
ankrahmun|bank~north.gate:,stand,33134,32805,6,
ankrahmun|bank~north.gate:,node,33138,32802,7,
ankrahmun|bank~north.gate:,node,33138,32795,7,
ankrahmun|bank~north.gate:,node,33139,32787,7,
ankrahmun|bank~north.gate:,node,33139,32781,7,
ankrahmun|bank~north.gate:,node,33146,32781,7,
ankrahmun|bank~north.gate:,node,33153,32781,7,
ankrahmun|bank~north.gate:,node,33153,32775,7,
ankrahmun|bank~north.gate:,node,33153,32767,7,
ankrahmun|bank~north.gate:,stand,33153,32766,7,
ankrahmun|bank~north.gate:,stand,33153,32762,6,
ankrahmun|bank~north.gate:,node,33153,32761,7,

# --- ankrahmun|loot~north.gate: (13 waypoints) ---
ankrahmun|loot~north.gate:,node,33134,32806,6,
ankrahmun|loot~north.gate:,stand,33134,32805,6,
ankrahmun|loot~north.gate:,node,33138,32802,7,
ankrahmun|loot~north.gate:,node,33138,32795,7,
ankrahmun|loot~north.gate:,node,33139,32787,7,
ankrahmun|loot~north.gate:,node,33139,32781,7,
ankrahmun|loot~north.gate:,node,33146,32781,7,
ankrahmun|loot~north.gate:,node,33153,32781,7,
ankrahmun|loot~north.gate:,node,33153,32775,7,
ankrahmun|loot~north.gate:,node,33153,32767,7,
ankrahmun|loot~north.gate:,stand,33153,32766,7,
ankrahmun|loot~north.gate:,stand,33153,32762,6,
ankrahmun|loot~north.gate:,node,33153,32761,7,

# --- ankrahmun|food~north.gate: (15 waypoints) ---
ankrahmun|food~north.gate:,node,33132,32817,6,
ankrahmun|food~north.gate:,node,33132,32812,6,
ankrahmun|food~north.gate:,node,33134,32806,6,
ankrahmun|food~north.gate:,stand,33134,32805,6,
ankrahmun|food~north.gate:,node,33138,32802,7,
ankrahmun|food~north.gate:,node,33138,32795,7,
ankrahmun|food~north.gate:,node,33139,32787,7,
ankrahmun|food~north.gate:,node,33139,32781,7,
ankrahmun|food~north.gate:,node,33146,32781,7,
ankrahmun|food~north.gate:,node,33153,32781,7,
ankrahmun|food~north.gate:,node,33153,32775,7,
ankrahmun|food~north.gate:,node,33153,32767,7,
ankrahmun|food~north.gate:,stand,33153,32766,7,
ankrahmun|food~north.gate:,stand,33153,32762,6,
ankrahmun|food~north.gate:,node,33153,32761,7,

# --- ankrahmun|ammo~north.gate: (17 waypoints) ---
ankrahmun|ammo~north.gate:,node,33150,32810,4,
ankrahmun|ammo~north.gate:,stand,33149,32809,4,
ankrahmun|ammo~north.gate:,stand,33151,32809,5,
ankrahmun|ammo~north.gate:,node,33150,32807,6,
ankrahmun|ammo~north.gate:,stand,33150,32806,6,
ankrahmun|ammo~north.gate:,node,33147,32803,7,
ankrahmun|ammo~north.gate:,node,33139,32802,7,
ankrahmun|ammo~north.gate:,node,33139,32795,7,
ankrahmun|ammo~north.gate:,node,33139,32787,7,
ankrahmun|ammo~north.gate:,node,33139,32781,7,
ankrahmun|ammo~north.gate:,node,33146,32781,7,
ankrahmun|ammo~north.gate:,node,33153,32781,7,
ankrahmun|ammo~north.gate:,node,33153,32775,7,
ankrahmun|ammo~north.gate:,node,33153,32767,7,
ankrahmun|ammo~north.gate:,stand,33153,32766,7,
ankrahmun|ammo~north.gate:,stand,33153,32762,6,
ankrahmun|ammo~north.gate:,node,33153,32761,7,

# --- ankrahmun|trainers~north.gate: (20 waypoints) ---
ankrahmun|trainers~north.gate:,node,33167,32815,4,
ankrahmun|trainers~north.gate:,node,33161,32815,4,
ankrahmun|trainers~north.gate:,node,33154,32813,4,
ankrahmun|trainers~north.gate:,node,33150,32810,4,
ankrahmun|trainers~north.gate:,stand,33149,32809,4,
ankrahmun|trainers~north.gate:,stand,33151,32809,5,
ankrahmun|trainers~north.gate:,node,33150,32807,6,
ankrahmun|trainers~north.gate:,stand,33150,32806,6,
ankrahmun|trainers~north.gate:,node,33147,32803,7,
ankrahmun|trainers~north.gate:,node,33139,32802,7,
ankrahmun|trainers~north.gate:,node,33139,32795,7,
ankrahmun|trainers~north.gate:,node,33139,32787,7,
ankrahmun|trainers~north.gate:,node,33139,32781,7,
ankrahmun|trainers~north.gate:,node,33146,32781,7,
ankrahmun|trainers~north.gate:,node,33153,32781,7,
ankrahmun|trainers~north.gate:,node,33153,32775,7,
ankrahmun|trainers~north.gate:,node,33153,32767,7,
ankrahmun|trainers~north.gate:,stand,33153,32766,7,
ankrahmun|trainers~north.gate:,stand,33153,32762,6,
ankrahmun|trainers~north.gate:,node,33153,32761,7,

# --- ankrahmun|temple~north.gate: (23 waypoints) ---
ankrahmun|temple~north.gate:,node,33195,32851,8,
ankrahmun|temple~north.gate:,stand,33195,32850,8,
ankrahmun|temple~north.gate:,node,33196,32851,7,
ankrahmun|temple~north.gate:,node,33196,32859,7,
ankrahmun|temple~north.gate:,node,33187,32859,7,
ankrahmun|temple~north.gate:,node,33187,32852,7,
ankrahmun|temple~north.gate:,node,33186,32844,7,
ankrahmun|temple~north.gate:,node,33184,32839,7,
ankrahmun|temple~north.gate:,node,33184,32831,7,
ankrahmun|temple~north.gate:,node,33180,32823,7,
ankrahmun|temple~north.gate:,node,33177,32815,7,
ankrahmun|temple~north.gate:,node,33176,32806,7,
ankrahmun|temple~north.gate:,node,33172,32803,7,
ankrahmun|temple~north.gate:,node,33162,32802,7,
ankrahmun|temple~north.gate:,node,33161,32794,7,
ankrahmun|temple~north.gate:,node,33161,32786,7,
ankrahmun|temple~north.gate:,node,33160,32781,7,
ankrahmun|temple~north.gate:,node,33153,32781,7,
ankrahmun|temple~north.gate:,node,33153,32775,7,
ankrahmun|temple~north.gate:,node,33153,32767,7,
ankrahmun|temple~north.gate:,stand,33153,32766,7,
ankrahmun|temple~north.gate:,stand,33153,32762,6,
ankrahmun|temple~north.gate:,node,33153,32761,7,

# --- ankrahmun|west.gate~north.gate: (18 waypoints) ---
ankrahmun|west.gate~north.gate:,node,33087,32783,7,
ankrahmun|west.gate~north.gate:,stand,33087,32784,7,
ankrahmun|west.gate~north.gate:,stand,33087,32787,6,
ankrahmun|west.gate~north.gate:,node,33091,32791,7,
ankrahmun|west.gate~north.gate:,node,33099,32788,7,
ankrahmun|west.gate~north.gate:,node,33111,32788,7,
ankrahmun|west.gate~north.gate:,node,33119,32788,7,
ankrahmun|west.gate~north.gate:,node,33119,32784,7,
ankrahmun|west.gate~north.gate:,node,33127,32784,7,
ankrahmun|west.gate~north.gate:,node,33139,32784,7,
ankrahmun|west.gate~north.gate:,node,33139,32781,7,
ankrahmun|west.gate~north.gate:,node,33140,32775,7,
ankrahmun|west.gate~north.gate:,node,33140,32768,7,
ankrahmun|west.gate~north.gate:,node,33148,32768,7,
ankrahmun|west.gate~north.gate:,node,33153,32767,7,
ankrahmun|west.gate~north.gate:,stand,33153,32766,7,
ankrahmun|west.gate~north.gate:,stand,33153,32762,6,
ankrahmun|west.gate~north.gate:,node,33153,32761,7,

# --- ankrahmun|east.gate~north.gate: (23 waypoints) ---
ankrahmun|east.gate~north.gate:,node,33240,32798,7,
ankrahmun|east.gate~north.gate:,stand,33240,32799,7,
ankrahmun|east.gate~north.gate:,stand,33239,32803,6,
ankrahmun|east.gate~north.gate:,node,33232,32806,7,
ankrahmun|east.gate~north.gate:,node,33224,32806,7,
ankrahmun|east.gate~north.gate:,node,33217,32806,7,
ankrahmun|east.gate~north.gate:,node,33217,32802,7,
ankrahmun|east.gate~north.gate:,node,33207,32801,7,
ankrahmun|east.gate~north.gate:,node,33198,32801,7,
ankrahmun|east.gate~north.gate:,node,33197,32800,7,
ankrahmun|east.gate~north.gate:,node,33187,32799,7,
ankrahmun|east.gate~north.gate:,node,33179,32798,7,
ankrahmun|east.gate~north.gate:,node,33179,32792,7,
ankrahmun|east.gate~north.gate:,node,33179,32785,7,
ankrahmun|east.gate~north.gate:,node,33171,32785,7,
ankrahmun|east.gate~north.gate:,node,33162,32785,7,
ankrahmun|east.gate~north.gate:,node,33160,32781,7,
ankrahmun|east.gate~north.gate:,node,33153,32781,7,
ankrahmun|east.gate~north.gate:,node,33153,32775,7,
ankrahmun|east.gate~north.gate:,node,33153,32767,7,
ankrahmun|east.gate~north.gate:,stand,33153,32766,7,
ankrahmun|east.gate~north.gate:,stand,33153,32762,6,
ankrahmun|east.gate~north.gate:,node,33153,32761,7,

# --- ankrahmun|north.gate~north.gate: (4 waypoints) ---
ankrahmun|north.gate~north.gate:,node,33153,32767,7,
ankrahmun|north.gate~north.gate:,stand,33153,32766,7,
ankrahmun|north.gate~north.gate:,stand,33153,32762,6,
ankrahmun|north.gate~north.gate:,node,33153,32761,7,
