source_name,waypoint_type,pos_x,pos_y,pos_z,action_label

# --- liberty bay|boat~boat: (2 waypoints) ---
liberty bay|boat~boat:,node,32284,32893,6,
liberty bay|boat~boat:,stand,32285,32892,6,

# --- liberty bay|boat~meriana.exit: (17 waypoints) ---
liberty bay|boat~meriana.exit:,node,32277,32893,6,
liberty bay|boat~meriana.exit:,node,32277,32885,6,
liberty bay|boat~meriana.exit:,node,32277,32877,6,
liberty bay|boat~meriana.exit:,node,32284,32873,6,
liberty bay|boat~meriana.exit:,node,32292,32873,6,
liberty bay|boat~meriana.exit:,node,32300,32873,6,
liberty bay|boat~meriana.exit:,node,32305,32869,6,
liberty bay|boat~meriana.exit:,stand,32306,32868,6,
liberty bay|boat~meriana.exit:,node,32311,32868,7,
liberty bay|boat~meriana.exit:,node,32316,32866,7,
liberty bay|boat~meriana.exit:,node,32320,32862,7,
liberty bay|boat~meriana.exit:,node,32326,32859,7,
liberty bay|boat~meriana.exit:,node,32331,32856,7,
liberty bay|boat~meriana.exit:,node,32337,32853,7,
liberty bay|boat~meriana.exit:,node,32344,32853,7,
liberty bay|boat~meriana.exit:,node,32347,32857,7,
liberty bay|boat~meriana.exit:,stand,32347,32857,7,

# --- liberty bay|depot~meriana.exit: (9 waypoints) ---
liberty bay|depot~meriana.exit:,node,32335,32837,7,
liberty bay|depot~meriana.exit:,stand,32336,32838,7,
liberty bay|depot~meriana.exit:,node,32336,32837,6,
liberty bay|depot~meriana.exit:,stand,32336,32838,6,
liberty bay|depot~meriana.exit:,node,32336,32844,7,
liberty bay|depot~meriana.exit:,node,32337,32852,7,
liberty bay|depot~meriana.exit:,node,32344,32853,7,
liberty bay|depot~meriana.exit:,node,32347,32857,7,
liberty bay|depot~meriana.exit:,stand,32347,32857,7,

# --- liberty bay|potions~meriana.exit: (10 waypoints) ---
liberty bay|potions~meriana.exit:,node,32345,32815,7,
liberty bay|potions~meriana.exit:,node,32340,32817,7,
liberty bay|potions~meriana.exit:,node,32340,32823,7,
liberty bay|potions~meriana.exit:,node,32342,32828,7,
liberty bay|potions~meriana.exit:,node,32342,32834,7,
liberty bay|potions~meriana.exit:,node,32342,32841,7,
liberty bay|potions~meriana.exit:,node,32343,32847,7,
liberty bay|potions~meriana.exit:,node,32344,32853,7,
liberty bay|potions~meriana.exit:,node,32347,32857,7,
liberty bay|potions~meriana.exit:,stand,32347,32857,7,

# --- liberty bay|runes~meriana.exit: (10 waypoints) ---
liberty bay|runes~meriana.exit:,node,32345,32815,7,
liberty bay|runes~meriana.exit:,node,32340,32817,7,
liberty bay|runes~meriana.exit:,node,32340,32823,7,
liberty bay|runes~meriana.exit:,node,32342,32828,7,
liberty bay|runes~meriana.exit:,node,32342,32834,7,
liberty bay|runes~meriana.exit:,node,32342,32841,7,
liberty bay|runes~meriana.exit:,node,32343,32847,7,
liberty bay|runes~meriana.exit:,node,32344,32853,7,
liberty bay|runes~meriana.exit:,node,32347,32857,7,
liberty bay|runes~meriana.exit:,stand,32347,32857,7,

# --- liberty bay|ammo~meriana.exit: (13 waypoints) ---
liberty bay|ammo~meriana.exit:,node,32293,32826,7,
liberty bay|ammo~meriana.exit:,node,32300,32826,7,
liberty bay|ammo~meriana.exit:,node,32306,32827,7,
liberty bay|ammo~meriana.exit:,node,32310,32832,7,
liberty bay|ammo~meriana.exit:,node,32316,32834,7,
liberty bay|ammo~meriana.exit:,node,32323,32835,7,
liberty bay|ammo~meriana.exit:,node,32331,32836,7,
liberty bay|ammo~meriana.exit:,node,32335,32839,7,
liberty bay|ammo~meriana.exit:,node,32336,32844,7,
liberty bay|ammo~meriana.exit:,node,32337,32852,7,
liberty bay|ammo~meriana.exit:,node,32344,32853,7,
liberty bay|ammo~meriana.exit:,node,32347,32857,7,
liberty bay|ammo~meriana.exit:,stand,32347,32857,7,

# --- liberty bay|loot~meriana.exit: (13 waypoints) ---
liberty bay|loot~meriana.exit:,node,32293,32826,7,
liberty bay|loot~meriana.exit:,node,32300,32826,7,
liberty bay|loot~meriana.exit:,node,32306,32827,7,
liberty bay|loot~meriana.exit:,node,32310,32832,7,
liberty bay|loot~meriana.exit:,node,32316,32834,7,
liberty bay|loot~meriana.exit:,node,32323,32835,7,
liberty bay|loot~meriana.exit:,node,32331,32836,7,
liberty bay|loot~meriana.exit:,node,32335,32839,7,
liberty bay|loot~meriana.exit:,node,32336,32844,7,
liberty bay|loot~meriana.exit:,node,32337,32852,7,
liberty bay|loot~meriana.exit:,node,32344,32853,7,
liberty bay|loot~meriana.exit:,node,32347,32857,7,
liberty bay|loot~meriana.exit:,stand,32347,32857,7,

# --- liberty bay|temple~meriana.exit: (12 waypoints) ---
liberty bay|temple~meriana.exit:,node,32314,32820,6,
liberty bay|temple~meriana.exit:,stand,32314,32821,6,
liberty bay|temple~meriana.exit:,node,32315,32826,7,
liberty bay|temple~meriana.exit:,node,32318,32832,7,
liberty bay|temple~meriana.exit:,node,32323,32835,7,
liberty bay|temple~meriana.exit:,node,32331,32836,7,
liberty bay|temple~meriana.exit:,node,32335,32839,7,
liberty bay|temple~meriana.exit:,node,32336,32844,7,
liberty bay|temple~meriana.exit:,node,32337,32852,7,
liberty bay|temple~meriana.exit:,node,32344,32853,7,
liberty bay|temple~meriana.exit:,node,32347,32857,7,
liberty bay|temple~meriana.exit:,stand,32347,32857,7,

# --- liberty bay|bank~meriana.exit: (5 waypoints) ---
liberty bay|bank~meriana.exit:,node,32342,32841,7,
liberty bay|bank~meriana.exit:,node,32343,32847,7,
liberty bay|bank~meriana.exit:,node,32344,32853,7,
liberty bay|bank~meriana.exit:,node,32347,32857,7,
liberty bay|bank~meriana.exit:,stand,32347,32857,7,

# --- liberty bay|food~meriana.exit: (12 waypoints) ---
liberty bay|food~meriana.exit:,node,32303,32838,7,
liberty bay|food~meriana.exit:,node,32310,32840,7,
liberty bay|food~meriana.exit:,node,32316,32840,7,
liberty bay|food~meriana.exit:,node,32321,32838,7,
liberty bay|food~meriana.exit:,node,32325,32836,7,
liberty bay|food~meriana.exit:,node,32331,32836,7,
liberty bay|food~meriana.exit:,node,32335,32839,7,
liberty bay|food~meriana.exit:,node,32336,32844,7,
liberty bay|food~meriana.exit:,node,32337,32852,7,
liberty bay|food~meriana.exit:,node,32344,32853,7,
liberty bay|food~meriana.exit:,node,32347,32857,7,
liberty bay|food~meriana.exit:,stand,32347,32857,7,

# --- liberty bay|trainers~meriana.exit: (29 waypoints) ---
liberty bay|trainers~meriana.exit:,node,32395,32815,2,
liberty bay|trainers~meriana.exit:,stand,32400,32812,2,
liberty bay|trainers~meriana.exit:,stand,32398,32811,3,
liberty bay|trainers~meriana.exit:,node,32401,32816,4,
liberty bay|trainers~meriana.exit:,node,32409,32817,4,
liberty bay|trainers~meriana.exit:,node,32409,32807,4,
liberty bay|trainers~meriana.exit:,stand,32409,32806,4,
liberty bay|trainers~meriana.exit:,node,32406,32801,5,
liberty bay|trainers~meriana.exit:,node,32398,32801,5,
liberty bay|trainers~meriana.exit:,node,32391,32801,5,
liberty bay|trainers~meriana.exit:,stand,32391,32802,5,
liberty bay|trainers~meriana.exit:,node,32388,32808,6,
liberty bay|trainers~meriana.exit:,node,32387,32812,6,
liberty bay|trainers~meriana.exit:,node,32383,32816,6,
liberty bay|trainers~meriana.exit:,stand,32383,32815,6,
liberty bay|trainers~meriana.exit:,node,32371,32815,7,
liberty bay|trainers~meriana.exit:,node,32364,32815,7,
liberty bay|trainers~meriana.exit:,node,32357,32815,7,
liberty bay|trainers~meriana.exit:,node,32351,32815,7,
liberty bay|trainers~meriana.exit:,node,32345,32815,7,
liberty bay|trainers~meriana.exit:,node,32340,32817,7,
liberty bay|trainers~meriana.exit:,node,32340,32823,7,
liberty bay|trainers~meriana.exit:,node,32342,32828,7,
liberty bay|trainers~meriana.exit:,node,32342,32834,7,
liberty bay|trainers~meriana.exit:,node,32342,32841,7,
liberty bay|trainers~meriana.exit:,node,32343,32847,7,
liberty bay|trainers~meriana.exit:,node,32344,32853,7,
liberty bay|trainers~meriana.exit:,node,32347,32857,7,
liberty bay|trainers~meriana.exit:,stand,32347,32857,7,

# --- liberty bay|south.exit~meriana.exit: (8 waypoints) ---
liberty bay|south.exit~meriana.exit:,node,32310,32860,7,
liberty bay|south.exit~meriana.exit:,node,32320,32862,7,
liberty bay|south.exit~meriana.exit:,node,32326,32859,7,
liberty bay|south.exit~meriana.exit:,node,32331,32856,7,
liberty bay|south.exit~meriana.exit:,node,32337,32853,7,
liberty bay|south.exit~meriana.exit:,node,32344,32853,7,
liberty bay|south.exit~meriana.exit:,node,32347,32857,7,
liberty bay|south.exit~meriana.exit:,stand,32347,32857,7,

# --- liberty bay|west.exit~meriana.exit: (19 waypoints) ---
liberty bay|west.exit~meriana.exit:,node,32267,32817,7,
liberty bay|west.exit~meriana.exit:,node,32273,32814,7,
liberty bay|west.exit~meriana.exit:,node,32280,32814,7,
liberty bay|west.exit~meriana.exit:,node,32286,32814,7,
liberty bay|west.exit~meriana.exit:,node,32287,32821,7,
liberty bay|west.exit~meriana.exit:,node,32288,32826,7,
liberty bay|west.exit~meriana.exit:,node,32293,32826,7,
liberty bay|west.exit~meriana.exit:,node,32300,32826,7,
liberty bay|west.exit~meriana.exit:,node,32306,32827,7,
liberty bay|west.exit~meriana.exit:,node,32310,32832,7,
liberty bay|west.exit~meriana.exit:,node,32316,32834,7,
liberty bay|west.exit~meriana.exit:,node,32323,32835,7,
liberty bay|west.exit~meriana.exit:,node,32331,32836,7,
liberty bay|west.exit~meriana.exit:,node,32335,32839,7,
liberty bay|west.exit~meriana.exit:,node,32336,32844,7,
liberty bay|west.exit~meriana.exit:,node,32337,32852,7,
liberty bay|west.exit~meriana.exit:,node,32344,32853,7,
liberty bay|west.exit~meriana.exit:,node,32347,32857,7,
liberty bay|west.exit~meriana.exit:,stand,32347,32857,7,

# --- liberty bay|meriana.exit~meriana.exit: (2 waypoints) ---
liberty bay|meriana.exit~meriana.exit:,node,32347,32857,7,
liberty bay|meriana.exit~meriana.exit:,stand,32347,32857,7,

# --- liberty bay|meriana.exit~boat: (35 waypoints) ---
liberty bay|meriana.exit~boat:,node,32313,32709,7,
liberty bay|meriana.exit~boat:,node,32312,32717,7,
liberty bay|meriana.exit~boat:,node,32309,32724,7,
liberty bay|meriana.exit~boat:,node,32304,32733,7,
liberty bay|meriana.exit~boat:,node,32299,32742,7,
liberty bay|meriana.exit~boat:,node,32293,32749,7,
liberty bay|meriana.exit~boat:,node,32288,32754,7,
liberty bay|meriana.exit~boat:,node,32287,32763,7,
liberty bay|meriana.exit~boat:,node,32286,32771,7,
liberty bay|meriana.exit~boat:,node,32284,32780,7,
liberty bay|meriana.exit~boat:,node,32284,32788,7,
liberty bay|meriana.exit~boat:,node,32284,32796,7,
liberty bay|meriana.exit~boat:,node,32289,32800,7,
liberty bay|meriana.exit~boat:,node,32289,32806,7,
liberty bay|meriana.exit~boat:,node,32289,32812,7,
liberty bay|meriana.exit~boat:,node,32294,32813,7,
liberty bay|meriana.exit~boat:,node,32299,32818,7,
liberty bay|meriana.exit~boat:,node,32299,32824,7,
liberty bay|meriana.exit~boat:,node,32304,32827,7,
liberty bay|meriana.exit~boat:,node,32310,32828,7,
liberty bay|meriana.exit~boat:,node,32310,32834,7,
liberty bay|meriana.exit~boat:,node,32310,32840,7,
liberty bay|meriana.exit~boat:,node,32310,32846,7,
liberty bay|meriana.exit~boat:,node,32310,32852,7,
liberty bay|meriana.exit~boat:,node,32310,32858,7,
liberty bay|meriana.exit~boat:,node,32307,32862,7,
liberty bay|meriana.exit~boat:,node,32306,32868,7,
liberty bay|meriana.exit~boat:,ladder,32306,32868,7,
liberty bay|meriana.exit~boat:,node,32301,32873,6,
liberty bay|meriana.exit~boat:,node,32291,32873,6,
liberty bay|meriana.exit~boat:,node,32281,32873,6,
liberty bay|meriana.exit~boat:,node,32277,32878,6,
liberty bay|meriana.exit~boat:,node,32277,32889,6,
liberty bay|meriana.exit~boat:,node,32284,32892,6,
liberty bay|meriana.exit~boat:,stand,32284,32892,6,

# --- liberty bay|meriana.exit~depot: (25 waypoints) ---
liberty bay|meriana.exit~depot:,node,32313,32709,7,
liberty bay|meriana.exit~depot:,node,32312,32717,7,
liberty bay|meriana.exit~depot:,node,32309,32724,7,
liberty bay|meriana.exit~depot:,node,32304,32733,7,
liberty bay|meriana.exit~depot:,node,32299,32742,7,
liberty bay|meriana.exit~depot:,node,32293,32749,7,
liberty bay|meriana.exit~depot:,node,32288,32754,7,
liberty bay|meriana.exit~depot:,node,32287,32763,7,
liberty bay|meriana.exit~depot:,node,32286,32771,7,
liberty bay|meriana.exit~depot:,node,32284,32780,7,
liberty bay|meriana.exit~depot:,node,32284,32788,7,
liberty bay|meriana.exit~depot:,node,32284,32796,7,
liberty bay|meriana.exit~depot:,node,32289,32800,7,
liberty bay|meriana.exit~depot:,node,32289,32806,7,
liberty bay|meriana.exit~depot:,node,32289,32812,7,
liberty bay|meriana.exit~depot:,node,32294,32813,7,
liberty bay|meriana.exit~depot:,node,32299,32818,7,
liberty bay|meriana.exit~depot:,node,32299,32824,7,
liberty bay|meriana.exit~depot:,node,32304,32827,7,
liberty bay|meriana.exit~depot:,node,32310,32828,7,
liberty bay|meriana.exit~depot:,node,32314,32832,7,
liberty bay|meriana.exit~depot:,node,32321,32834,7,
liberty bay|meriana.exit~depot:,node,32329,32835,7,
liberty bay|meriana.exit~depot:,node,32335,32837,7,
liberty bay|meriana.exit~depot:,stand,32336,32838,7,

# --- liberty bay|meriana.exit~potions: (30 waypoints) ---
liberty bay|meriana.exit~potions:,node,32313,32709,7,
liberty bay|meriana.exit~potions:,node,32312,32717,7,
liberty bay|meriana.exit~potions:,node,32309,32724,7,
liberty bay|meriana.exit~potions:,node,32304,32733,7,
liberty bay|meriana.exit~potions:,node,32299,32742,7,
liberty bay|meriana.exit~potions:,node,32293,32749,7,
liberty bay|meriana.exit~potions:,node,32288,32754,7,
liberty bay|meriana.exit~potions:,node,32287,32763,7,
liberty bay|meriana.exit~potions:,node,32286,32771,7,
liberty bay|meriana.exit~potions:,node,32284,32780,7,
liberty bay|meriana.exit~potions:,node,32284,32788,7,
liberty bay|meriana.exit~potions:,node,32284,32796,7,
liberty bay|meriana.exit~potions:,node,32289,32800,7,
liberty bay|meriana.exit~potions:,node,32289,32806,7,
liberty bay|meriana.exit~potions:,node,32289,32812,7,
liberty bay|meriana.exit~potions:,node,32294,32813,7,
liberty bay|meriana.exit~potions:,node,32299,32818,7,
liberty bay|meriana.exit~potions:,node,32299,32824,7,
liberty bay|meriana.exit~potions:,node,32304,32827,7,
liberty bay|meriana.exit~potions:,node,32310,32828,7,
liberty bay|meriana.exit~potions:,node,32314,32832,7,
liberty bay|meriana.exit~potions:,node,32322,32832,7,
liberty bay|meriana.exit~potions:,node,32324,32828,7,
liberty bay|meriana.exit~potions:,node,32331,32827,7,
liberty bay|meriana.exit~potions:,node,32338,32827,7,
liberty bay|meriana.exit~potions:,node,32340,32823,7,
liberty bay|meriana.exit~potions:,node,32340,32817,7,
liberty bay|meriana.exit~potions:,node,32346,32815,7,
liberty bay|meriana.exit~potions:,node,32346,32810,7,
liberty bay|meriana.exit~potions:,stand,32346,32810,7,

# --- liberty bay|meriana.exit~runes: (30 waypoints) ---
liberty bay|meriana.exit~runes:,node,32313,32709,7,
liberty bay|meriana.exit~runes:,node,32312,32717,7,
liberty bay|meriana.exit~runes:,node,32309,32724,7,
liberty bay|meriana.exit~runes:,node,32304,32733,7,
liberty bay|meriana.exit~runes:,node,32299,32742,7,
liberty bay|meriana.exit~runes:,node,32293,32749,7,
liberty bay|meriana.exit~runes:,node,32288,32754,7,
liberty bay|meriana.exit~runes:,node,32287,32763,7,
liberty bay|meriana.exit~runes:,node,32286,32771,7,
liberty bay|meriana.exit~runes:,node,32284,32780,7,
liberty bay|meriana.exit~runes:,node,32284,32788,7,
liberty bay|meriana.exit~runes:,node,32284,32796,7,
liberty bay|meriana.exit~runes:,node,32289,32800,7,
liberty bay|meriana.exit~runes:,node,32289,32806,7,
liberty bay|meriana.exit~runes:,node,32289,32812,7,
liberty bay|meriana.exit~runes:,node,32294,32813,7,
liberty bay|meriana.exit~runes:,node,32299,32818,7,
liberty bay|meriana.exit~runes:,node,32299,32824,7,
liberty bay|meriana.exit~runes:,node,32304,32827,7,
liberty bay|meriana.exit~runes:,node,32310,32828,7,
liberty bay|meriana.exit~runes:,node,32314,32832,7,
liberty bay|meriana.exit~runes:,node,32322,32832,7,
liberty bay|meriana.exit~runes:,node,32324,32828,7,
liberty bay|meriana.exit~runes:,node,32331,32827,7,
liberty bay|meriana.exit~runes:,node,32338,32827,7,
liberty bay|meriana.exit~runes:,node,32340,32823,7,
liberty bay|meriana.exit~runes:,node,32340,32817,7,
liberty bay|meriana.exit~runes:,node,32346,32815,7,
liberty bay|meriana.exit~runes:,node,32346,32810,7,
liberty bay|meriana.exit~runes:,stand,32346,32810,7,

# --- liberty bay|meriana.exit~ammo: (18 waypoints) ---
liberty bay|meriana.exit~ammo:,node,32313,32709,7,
liberty bay|meriana.exit~ammo:,node,32312,32717,7,
liberty bay|meriana.exit~ammo:,node,32309,32724,7,
liberty bay|meriana.exit~ammo:,node,32304,32733,7,
liberty bay|meriana.exit~ammo:,node,32299,32742,7,
liberty bay|meriana.exit~ammo:,node,32293,32749,7,
liberty bay|meriana.exit~ammo:,node,32288,32754,7,
liberty bay|meriana.exit~ammo:,node,32287,32763,7,
liberty bay|meriana.exit~ammo:,node,32286,32771,7,
liberty bay|meriana.exit~ammo:,node,32284,32780,7,
liberty bay|meriana.exit~ammo:,node,32284,32788,7,
liberty bay|meriana.exit~ammo:,node,32284,32796,7,
liberty bay|meriana.exit~ammo:,node,32289,32800,7,
liberty bay|meriana.exit~ammo:,node,32289,32806,7,
liberty bay|meriana.exit~ammo:,node,32289,32812,7,
liberty bay|meriana.exit~ammo:,node,32287,32817,7,
liberty bay|meriana.exit~ammo:,node,32292,32820,7,
liberty bay|meriana.exit~ammo:,stand,32292,32820,7,

# --- liberty bay|meriana.exit~loot: (18 waypoints) ---
liberty bay|meriana.exit~loot:,node,32313,32709,7,
liberty bay|meriana.exit~loot:,node,32312,32717,7,
liberty bay|meriana.exit~loot:,node,32309,32724,7,
liberty bay|meriana.exit~loot:,node,32304,32733,7,
liberty bay|meriana.exit~loot:,node,32299,32742,7,
liberty bay|meriana.exit~loot:,node,32293,32749,7,
liberty bay|meriana.exit~loot:,node,32288,32754,7,
liberty bay|meriana.exit~loot:,node,32287,32763,7,
liberty bay|meriana.exit~loot:,node,32286,32771,7,
liberty bay|meriana.exit~loot:,node,32284,32780,7,
liberty bay|meriana.exit~loot:,node,32284,32788,7,
liberty bay|meriana.exit~loot:,node,32284,32796,7,
liberty bay|meriana.exit~loot:,node,32289,32800,7,
liberty bay|meriana.exit~loot:,node,32289,32806,7,
liberty bay|meriana.exit~loot:,node,32289,32812,7,
liberty bay|meriana.exit~loot:,node,32287,32817,7,
liberty bay|meriana.exit~loot:,node,32292,32820,7,
liberty bay|meriana.exit~loot:,stand,32292,32820,7,

# --- liberty bay|meriana.exit~temple: (22 waypoints) ---
liberty bay|meriana.exit~temple:,node,32313,32709,7,
liberty bay|meriana.exit~temple:,node,32312,32717,7,
liberty bay|meriana.exit~temple:,node,32309,32724,7,
liberty bay|meriana.exit~temple:,node,32304,32733,7,
liberty bay|meriana.exit~temple:,node,32299,32742,7,
liberty bay|meriana.exit~temple:,node,32293,32749,7,
liberty bay|meriana.exit~temple:,node,32288,32754,7,
liberty bay|meriana.exit~temple:,node,32287,32763,7,
liberty bay|meriana.exit~temple:,node,32286,32771,7,
liberty bay|meriana.exit~temple:,node,32284,32780,7,
liberty bay|meriana.exit~temple:,node,32284,32788,7,
liberty bay|meriana.exit~temple:,node,32284,32796,7,
liberty bay|meriana.exit~temple:,node,32289,32800,7,
liberty bay|meriana.exit~temple:,node,32289,32806,7,
liberty bay|meriana.exit~temple:,node,32289,32812,7,
liberty bay|meriana.exit~temple:,node,32294,32813,7,
liberty bay|meriana.exit~temple:,node,32299,32818,7,
liberty bay|meriana.exit~temple:,node,32299,32824,7,
liberty bay|meriana.exit~temple:,node,32304,32827,7,
liberty bay|meriana.exit~temple:,node,32310,32828,7,
liberty bay|meriana.exit~temple:,node,32317,32827,7,
liberty bay|meriana.exit~temple:,stand,32317,32827,7,

# --- liberty bay|meriana.exit~bank: (25 waypoints) ---
liberty bay|meriana.exit~bank:,node,32313,32709,7,
liberty bay|meriana.exit~bank:,node,32312,32717,7,
liberty bay|meriana.exit~bank:,node,32309,32724,7,
liberty bay|meriana.exit~bank:,node,32304,32733,7,
liberty bay|meriana.exit~bank:,node,32299,32742,7,
liberty bay|meriana.exit~bank:,node,32293,32749,7,
liberty bay|meriana.exit~bank:,node,32288,32754,7,
liberty bay|meriana.exit~bank:,node,32287,32763,7,
liberty bay|meriana.exit~bank:,node,32286,32771,7,
liberty bay|meriana.exit~bank:,node,32284,32780,7,
liberty bay|meriana.exit~bank:,node,32284,32788,7,
liberty bay|meriana.exit~bank:,node,32284,32796,7,
liberty bay|meriana.exit~bank:,node,32289,32800,7,
liberty bay|meriana.exit~bank:,node,32289,32806,7,
liberty bay|meriana.exit~bank:,node,32289,32812,7,
liberty bay|meriana.exit~bank:,node,32294,32813,7,
liberty bay|meriana.exit~bank:,node,32299,32818,7,
liberty bay|meriana.exit~bank:,node,32299,32824,7,
liberty bay|meriana.exit~bank:,node,32304,32827,7,
liberty bay|meriana.exit~bank:,node,32310,32828,7,
liberty bay|meriana.exit~bank:,node,32314,32832,7,
liberty bay|meriana.exit~bank:,node,32321,32834,7,
liberty bay|meriana.exit~bank:,node,32329,32835,7,
liberty bay|meriana.exit~bank:,node,32338,32836,7,
liberty bay|meriana.exit~bank:,stand,32338,32836,7,

# --- liberty bay|meriana.exit~food: (21 waypoints) ---
liberty bay|meriana.exit~food:,node,32313,32709,7,
liberty bay|meriana.exit~food:,node,32312,32717,7,
liberty bay|meriana.exit~food:,node,32309,32724,7,
liberty bay|meriana.exit~food:,node,32304,32733,7,
liberty bay|meriana.exit~food:,node,32299,32742,7,
liberty bay|meriana.exit~food:,node,32293,32749,7,
liberty bay|meriana.exit~food:,node,32288,32754,7,
liberty bay|meriana.exit~food:,node,32287,32763,7,
liberty bay|meriana.exit~food:,node,32286,32771,7,
liberty bay|meriana.exit~food:,node,32284,32780,7,
liberty bay|meriana.exit~food:,node,32284,32788,7,
liberty bay|meriana.exit~food:,node,32284,32796,7,
liberty bay|meriana.exit~food:,node,32289,32800,7,
liberty bay|meriana.exit~food:,node,32289,32806,7,
liberty bay|meriana.exit~food:,node,32289,32812,7,
liberty bay|meriana.exit~food:,node,32294,32813,7,
liberty bay|meriana.exit~food:,node,32299,32818,7,
liberty bay|meriana.exit~food:,node,32299,32824,7,
liberty bay|meriana.exit~food:,node,32302,32829,7,
liberty bay|meriana.exit~food:,node,32300,32832,7,
liberty bay|meriana.exit~food:,stand,32300,32832,7,

# --- liberty bay|meriana.exit~trainers: (48 waypoints) ---
liberty bay|meriana.exit~trainers:,node,32313,32709,7,
liberty bay|meriana.exit~trainers:,node,32312,32717,7,
liberty bay|meriana.exit~trainers:,node,32309,32724,7,
liberty bay|meriana.exit~trainers:,node,32304,32733,7,
liberty bay|meriana.exit~trainers:,node,32299,32742,7,
liberty bay|meriana.exit~trainers:,node,32293,32749,7,
liberty bay|meriana.exit~trainers:,node,32288,32754,7,
liberty bay|meriana.exit~trainers:,node,32287,32763,7,
liberty bay|meriana.exit~trainers:,node,32286,32771,7,
liberty bay|meriana.exit~trainers:,node,32284,32780,7,
liberty bay|meriana.exit~trainers:,node,32284,32788,7,
liberty bay|meriana.exit~trainers:,node,32284,32796,7,
liberty bay|meriana.exit~trainers:,node,32289,32800,7,
liberty bay|meriana.exit~trainers:,node,32289,32806,7,
liberty bay|meriana.exit~trainers:,node,32289,32812,7,
liberty bay|meriana.exit~trainers:,node,32294,32813,7,
liberty bay|meriana.exit~trainers:,node,32299,32811,7,
liberty bay|meriana.exit~trainers:,node,32302,32806,7,
liberty bay|meriana.exit~trainers:,node,32311,32806,7,
liberty bay|meriana.exit~trainers:,node,32319,32806,7,
liberty bay|meriana.exit~trainers:,node,32331,32806,7,
liberty bay|meriana.exit~trainers:,node,32340,32807,7,
liberty bay|meriana.exit~trainers:,node,32340,32813,7,
liberty bay|meriana.exit~trainers:,node,32346,32815,7,
liberty bay|meriana.exit~trainers:,node,32353,32815,7,
liberty bay|meriana.exit~trainers:,node,32360,32815,7,
liberty bay|meriana.exit~trainers:,node,32367,32815,7,
liberty bay|meriana.exit~trainers:,node,32374,32815,7,
liberty bay|meriana.exit~trainers:,node,32382,32814,7,
liberty bay|meriana.exit~trainers:,stand,32383,32815,7,
liberty bay|meriana.exit~trainers:,node,32387,32814,6,
liberty bay|meriana.exit~trainers:,node,32389,32808,6,
liberty bay|meriana.exit~trainers:,node,32391,32803,6,
liberty bay|meriana.exit~trainers:,stand,32391,32802,6,
liberty bay|meriana.exit~trainers:,node,32398,32801,5,
liberty bay|meriana.exit~trainers:,node,32405,32801,5,
liberty bay|meriana.exit~trainers:,node,32409,32805,5,
liberty bay|meriana.exit~trainers:,stand,32409,32806,5,
liberty bay|meriana.exit~trainers:,node,32409,32817,4,
liberty bay|meriana.exit~trainers:,node,32403,32817,4,
liberty bay|meriana.exit~trainers:,node,32398,32812,4,
liberty bay|meriana.exit~trainers:,stand,32398,32811,4,
liberty bay|meriana.exit~trainers:,stand,32397,32810,3,
liberty bay|meriana.exit~trainers:,stand,32397,32812,3,
liberty bay|meriana.exit~trainers:,stand,32400,32812,3,
liberty bay|meriana.exit~trainers:,node,32395,32815,2,
liberty bay|meriana.exit~trainers:,node,32395,32822,2,
liberty bay|meriana.exit~trainers:,stand,32395,32822,2,

# --- liberty bay|meriana.exit~south.exit: (25 waypoints) ---
liberty bay|meriana.exit~south.exit:,node,32313,32709,7,
liberty bay|meriana.exit~south.exit:,node,32312,32717,7,
liberty bay|meriana.exit~south.exit:,node,32309,32724,7,
liberty bay|meriana.exit~south.exit:,node,32304,32733,7,
liberty bay|meriana.exit~south.exit:,node,32299,32742,7,
liberty bay|meriana.exit~south.exit:,node,32293,32749,7,
liberty bay|meriana.exit~south.exit:,node,32288,32754,7,
liberty bay|meriana.exit~south.exit:,node,32287,32763,7,
liberty bay|meriana.exit~south.exit:,node,32286,32771,7,
liberty bay|meriana.exit~south.exit:,node,32284,32780,7,
liberty bay|meriana.exit~south.exit:,node,32284,32788,7,
liberty bay|meriana.exit~south.exit:,node,32284,32796,7,
liberty bay|meriana.exit~south.exit:,node,32289,32800,7,
liberty bay|meriana.exit~south.exit:,node,32289,32806,7,
liberty bay|meriana.exit~south.exit:,node,32289,32812,7,
liberty bay|meriana.exit~south.exit:,node,32294,32813,7,
liberty bay|meriana.exit~south.exit:,node,32299,32818,7,
liberty bay|meriana.exit~south.exit:,node,32299,32824,7,
liberty bay|meriana.exit~south.exit:,node,32304,32827,7,
liberty bay|meriana.exit~south.exit:,node,32310,32828,7,
liberty bay|meriana.exit~south.exit:,node,32310,32834,7,
liberty bay|meriana.exit~south.exit:,node,32310,32840,7,
liberty bay|meriana.exit~south.exit:,node,32310,32846,7,
liberty bay|meriana.exit~south.exit:,node,32310,32852,7,
liberty bay|meriana.exit~south.exit:,node,32310,32858,7,

# --- liberty bay|meriana.exit~west.exit: (19 waypoints) ---
liberty bay|meriana.exit~west.exit:,node,32313,32709,7,
liberty bay|meriana.exit~west.exit:,node,32312,32717,7,
liberty bay|meriana.exit~west.exit:,node,32309,32724,7,
liberty bay|meriana.exit~west.exit:,node,32304,32733,7,
liberty bay|meriana.exit~west.exit:,node,32299,32742,7,
liberty bay|meriana.exit~west.exit:,node,32293,32749,7,
liberty bay|meriana.exit~west.exit:,node,32288,32754,7,
liberty bay|meriana.exit~west.exit:,node,32287,32763,7,
liberty bay|meriana.exit~west.exit:,node,32286,32771,7,
liberty bay|meriana.exit~west.exit:,node,32284,32780,7,
liberty bay|meriana.exit~west.exit:,node,32284,32788,7,
liberty bay|meriana.exit~west.exit:,node,32284,32796,7,
liberty bay|meriana.exit~west.exit:,node,32289,32800,7,
liberty bay|meriana.exit~west.exit:,node,32289,32806,7,
liberty bay|meriana.exit~west.exit:,node,32289,32812,7,
liberty bay|meriana.exit~west.exit:,node,32284,32814,7,
liberty bay|meriana.exit~west.exit:,node,32276,32814,7,
liberty bay|meriana.exit~west.exit:,node,32270,32814,7,
liberty bay|meriana.exit~west.exit:,node,32265,32817,7,

# --- liberty bay|bank~tools: (8 waypoints) ---
liberty bay|bank~tools:,node,32328,32835,7,
liberty bay|bank~tools:,node,32321,32834,7,
liberty bay|bank~tools:,node,32314,32833,7,
liberty bay|bank~tools:,node,32310,32828,7,
liberty bay|bank~tools:,node,32302,32827,7,
liberty bay|bank~tools:,node,32293,32827,7,
liberty bay|bank~tools:,node,32285,32827,7,
liberty bay|bank~tools:,node,32280,32826,7,

# --- liberty bay|tools~depot: (1 waypoints) ---
liberty bay|tools~depot:,node,32280,32824,7,

# --- liberty bay|trainers~boat: (38 waypoints) ---
liberty bay|trainers~boat:,node,32395,32815,2,
liberty bay|trainers~boat:,stand,32400,32812,2,
liberty bay|trainers~boat:,stand,32398,32811,3,
liberty bay|trainers~boat:,node,32401,32816,4,
liberty bay|trainers~boat:,node,32409,32817,4,
liberty bay|trainers~boat:,node,32409,32807,4,
liberty bay|trainers~boat:,stand,32409,32806,4,
liberty bay|trainers~boat:,node,32406,32801,5,
liberty bay|trainers~boat:,node,32398,32801,5,
liberty bay|trainers~boat:,node,32391,32801,5,
liberty bay|trainers~boat:,stand,32391,32802,5,
liberty bay|trainers~boat:,node,32388,32808,6,
liberty bay|trainers~boat:,node,32387,32812,6,
liberty bay|trainers~boat:,node,32383,32816,6,
liberty bay|trainers~boat:,stand,32383,32815,6,
liberty bay|trainers~boat:,node,32372,32814,7,
liberty bay|trainers~boat:,node,32364,32815,7,
liberty bay|trainers~boat:,node,32355,32815,7,
liberty bay|trainers~boat:,node,32347,32815,7,
liberty bay|trainers~boat:,node,32341,32816,7,
liberty bay|trainers~boat:,node,32340,32823,7,
liberty bay|trainers~boat:,node,32335,32827,7,
liberty bay|trainers~boat:,node,32327,32827,7,
liberty bay|trainers~boat:,node,32322,32831,7,
liberty bay|trainers~boat:,node,32316,32835,7,
liberty bay|trainers~boat:,node,32311,32839,7,
liberty bay|trainers~boat:,node,32311,32848,7,
liberty bay|trainers~boat:,node,32311,32857,7,
liberty bay|trainers~boat:,node,32308,32862,7,
liberty bay|trainers~boat:,node,32306,32868,7,
liberty bay|trainers~boat:,ladder,32306,32868,7,
liberty bay|trainers~boat:,node,32297,32873,6,
liberty bay|trainers~boat:,node,32285,32874,6,
liberty bay|trainers~boat:,node,32278,32879,6,
liberty bay|trainers~boat:,node,32278,32887,6,
liberty bay|trainers~boat:,node,32280,32893,6,
liberty bay|trainers~boat:,node,32284,32893,6,
liberty bay|trainers~boat:,stand,32285,32892,6,

# --- liberty bay|bank~boat: (16 waypoints) ---
liberty bay|bank~boat:,node,32328,32835,7,
liberty bay|bank~boat:,node,32322,32837,7,
liberty bay|bank~boat:,node,32316,32839,7,
liberty bay|bank~boat:,node,32311,32841,7,
liberty bay|bank~boat:,node,32311,32849,7,
liberty bay|bank~boat:,node,32311,32857,7,
liberty bay|bank~boat:,node,32307,32862,7,
liberty bay|bank~boat:,node,32306,32868,7,
liberty bay|bank~boat:,ladder,32306,32868,7,
liberty bay|bank~boat:,node,32300,32873,6,
liberty bay|bank~boat:,node,32289,32873,6,
liberty bay|bank~boat:,node,32277,32873,6,
liberty bay|bank~boat:,node,32277,32883,6,
liberty bay|bank~boat:,node,32277,32893,6,
liberty bay|bank~boat:,node,32284,32893,6,
liberty bay|bank~boat:,stand,32284,32893,6,

# --- liberty bay|depot~boat: (20 waypoints) ---
liberty bay|depot~boat:,node,32335,32837,7,
liberty bay|depot~boat:,stand,32336,32838,7,
liberty bay|depot~boat:,node,32336,32839,6,
liberty bay|depot~boat:,stand,32336,32838,6,
liberty bay|depot~boat:,node,32328,32835,7,
liberty bay|depot~boat:,node,32322,32837,7,
liberty bay|depot~boat:,node,32316,32839,7,
liberty bay|depot~boat:,node,32311,32841,7,
liberty bay|depot~boat:,node,32311,32849,7,
liberty bay|depot~boat:,node,32311,32857,7,
liberty bay|depot~boat:,node,32307,32862,7,
liberty bay|depot~boat:,node,32306,32868,7,
liberty bay|depot~boat:,ladder,32306,32868,7,
liberty bay|depot~boat:,node,32300,32873,6,
liberty bay|depot~boat:,node,32289,32873,6,
liberty bay|depot~boat:,node,32277,32873,6,
liberty bay|depot~boat:,node,32277,32883,6,
liberty bay|depot~boat:,node,32277,32893,6,
liberty bay|depot~boat:,node,32284,32893,6,
liberty bay|depot~boat:,stand,32284,32893,6,

# --- liberty bay|temple~boat: (14 waypoints) ---
liberty bay|temple~boat:,stand,32314,32821,6,
liberty bay|temple~boat:,node,32317,32828,7,
liberty bay|temple~boat:,node,32312,32837,7,
liberty bay|temple~boat:,node,32311,32845,7,
liberty bay|temple~boat:,node,32311,32854,7,
liberty bay|temple~boat:,node,32309,32861,7,
liberty bay|temple~boat:,node,32306,32868,7,
liberty bay|temple~boat:,ladder,32306,32868,7,
liberty bay|temple~boat:,node,32297,32873,6,
liberty bay|temple~boat:,node,32285,32873,6,
liberty bay|temple~boat:,node,32276,32882,6,
liberty bay|temple~boat:,node,32276,32893,6,
liberty bay|temple~boat:,node,32284,32893,6,
liberty bay|temple~boat:,stand,32284,32893,6,

# --- liberty bay|runes~boat: (18 waypoints) ---
liberty bay|runes~boat:,node,32347,32815,7,
liberty bay|runes~boat:,node,32340,32815,7,
liberty bay|runes~boat:,node,32340,32826,7,
liberty bay|runes~boat:,node,32332,32827,7,
liberty bay|runes~boat:,node,32324,32828,7,
liberty bay|runes~boat:,node,32322,32834,7,
liberty bay|runes~boat:,node,32318,32839,7,
liberty bay|runes~boat:,node,32311,32841,7,
liberty bay|runes~boat:,node,32311,32850,7,
liberty bay|runes~boat:,node,32311,32859,7,
liberty bay|runes~boat:,node,32306,32868,7,
liberty bay|runes~boat:,ladder,32306,32868,7,
liberty bay|runes~boat:,node,32298,32873,6,
liberty bay|runes~boat:,node,32284,32873,6,
liberty bay|runes~boat:,node,32276,32880,6,
liberty bay|runes~boat:,node,32276,32893,6,
liberty bay|runes~boat:,node,32284,32893,6,
liberty bay|runes~boat:,stand,32284,32893,6,

# --- liberty bay|potions~boat: (18 waypoints) ---
liberty bay|potions~boat:,node,32347,32815,7,
liberty bay|potions~boat:,node,32340,32815,7,
liberty bay|potions~boat:,node,32340,32826,7,
liberty bay|potions~boat:,node,32332,32827,7,
liberty bay|potions~boat:,node,32324,32828,7,
liberty bay|potions~boat:,node,32322,32834,7,
liberty bay|potions~boat:,node,32318,32839,7,
liberty bay|potions~boat:,node,32311,32841,7,
liberty bay|potions~boat:,node,32311,32850,7,
liberty bay|potions~boat:,node,32311,32859,7,
liberty bay|potions~boat:,node,32306,32868,7,
liberty bay|potions~boat:,ladder,32306,32868,7,
liberty bay|potions~boat:,node,32298,32873,6,
liberty bay|potions~boat:,node,32284,32873,6,
liberty bay|potions~boat:,node,32276,32880,6,
liberty bay|potions~boat:,node,32276,32893,6,
liberty bay|potions~boat:,node,32284,32893,6,
liberty bay|potions~boat:,stand,32284,32893,6,

# --- liberty bay|ammo~boat: (15 waypoints) ---
liberty bay|ammo~boat:,node,32300,32826,7,
liberty bay|ammo~boat:,node,32309,32827,7,
liberty bay|ammo~boat:,node,32311,32836,7,
liberty bay|ammo~boat:,node,32311,32846,7,
liberty bay|ammo~boat:,node,32311,32856,7,
liberty bay|ammo~boat:,node,32308,32862,7,
liberty bay|ammo~boat:,node,32306,32868,7,
liberty bay|ammo~boat:,ladder,32306,32868,7,
liberty bay|ammo~boat:,node,32297,32873,6,
liberty bay|ammo~boat:,node,32286,32873,6,
liberty bay|ammo~boat:,node,32276,32873,6,
liberty bay|ammo~boat:,node,32276,32883,6,
liberty bay|ammo~boat:,node,32276,32893,6,
liberty bay|ammo~boat:,node,32284,32893,6,
liberty bay|ammo~boat:,stand,32284,32893,6,

# --- liberty bay|loot~boat: (15 waypoints) ---
liberty bay|loot~boat:,node,32300,32826,7,
liberty bay|loot~boat:,node,32309,32827,7,
liberty bay|loot~boat:,node,32311,32836,7,
liberty bay|loot~boat:,node,32311,32846,7,
liberty bay|loot~boat:,node,32311,32856,7,
liberty bay|loot~boat:,node,32308,32862,7,
liberty bay|loot~boat:,node,32306,32868,7,
liberty bay|loot~boat:,ladder,32306,32868,7,
liberty bay|loot~boat:,node,32297,32873,6,
liberty bay|loot~boat:,node,32286,32873,6,
liberty bay|loot~boat:,node,32276,32873,6,
liberty bay|loot~boat:,node,32276,32883,6,
liberty bay|loot~boat:,node,32276,32893,6,
liberty bay|loot~boat:,node,32284,32893,6,
liberty bay|loot~boat:,stand,32284,32893,6,

# --- liberty bay|food~boat: (14 waypoints) ---
liberty bay|food~boat:,node,32303,32837,7,
liberty bay|food~boat:,node,32309,32841,7,
liberty bay|food~boat:,node,32311,32847,7,
liberty bay|food~boat:,node,32311,32857,7,
liberty bay|food~boat:,node,32308,32862,7,
liberty bay|food~boat:,node,32306,32868,7,
liberty bay|food~boat:,ladder,32306,32868,7,
liberty bay|food~boat:,node,32299,32873,6,
liberty bay|food~boat:,node,32287,32873,6,
liberty bay|food~boat:,node,32277,32873,6,
liberty bay|food~boat:,node,32277,32884,6,
liberty bay|food~boat:,node,32277,32893,6,
liberty bay|food~boat:,node,32284,32893,6,
liberty bay|food~boat:,stand,32284,32893,6,

# --- liberty bay|depot~depot: (2 waypoints) ---
liberty bay|depot~depot:,node,32335,32837,7,
liberty bay|depot~depot:,stand,32336,32838,7,

# --- liberty bay|trainers~depot: (25 waypoints) ---
liberty bay|trainers~depot:,node,32395,32815,2,
liberty bay|trainers~depot:,stand,32400,32812,2,
liberty bay|trainers~depot:,stand,32398,32811,3,
liberty bay|trainers~depot:,node,32401,32816,4,
liberty bay|trainers~depot:,node,32409,32817,4,
liberty bay|trainers~depot:,node,32409,32807,4,
liberty bay|trainers~depot:,stand,32409,32806,4,
liberty bay|trainers~depot:,node,32406,32801,5,
liberty bay|trainers~depot:,node,32398,32801,5,
liberty bay|trainers~depot:,node,32391,32801,5,
liberty bay|trainers~depot:,stand,32391,32802,5,
liberty bay|trainers~depot:,node,32388,32808,6,
liberty bay|trainers~depot:,node,32387,32812,6,
liberty bay|trainers~depot:,node,32383,32816,6,
liberty bay|trainers~depot:,stand,32383,32815,6,
liberty bay|trainers~depot:,node,32372,32814,7,
liberty bay|trainers~depot:,node,32364,32815,7,
liberty bay|trainers~depot:,node,32355,32815,7,
liberty bay|trainers~depot:,node,32347,32815,7,
liberty bay|trainers~depot:,node,32341,32816,7,
liberty bay|trainers~depot:,node,32340,32823,7,
liberty bay|trainers~depot:,node,32342,32828,7,
liberty bay|trainers~depot:,stand,32342,32832,7,
liberty bay|trainers~depot:,stand,32342,32837,7,
liberty bay|trainers~depot:,stand,32336,32838,7,

# --- liberty bay|boat~depot: (12 waypoints) ---
liberty bay|boat~depot:,node,32276,32891,6,
liberty bay|boat~depot:,node,32276,32878,6,
liberty bay|boat~depot:,node,32282,32873,6,
liberty bay|boat~depot:,node,32296,32873,6,
liberty bay|boat~depot:,node,32306,32869,6,
liberty bay|boat~depot:,stand,32306,32868,6,
liberty bay|boat~depot:,node,32309,32861,7,
liberty bay|boat~depot:,node,32311,32851,7,
liberty bay|boat~depot:,node,32311,32841,7,
liberty bay|boat~depot:,node,32322,32837,7,
liberty bay|boat~depot:,node,32335,32838,7,
liberty bay|boat~depot:,stand,32336,32838,7,

# --- liberty bay|bank~depot: (1 waypoints) ---
liberty bay|bank~depot:,stand,32336,32838,7,

# --- liberty bay|ammo~depot: (6 waypoints) ---
liberty bay|ammo~depot:,node,32300,32826,7,
liberty bay|ammo~depot:,node,32309,32827,7,
liberty bay|ammo~depot:,node,32314,32833,7,
liberty bay|ammo~depot:,node,32322,32834,7,
liberty bay|ammo~depot:,node,32335,32838,7,
liberty bay|ammo~depot:,stand,32336,32838,7,

# --- liberty bay|loot~depot: (6 waypoints) ---
liberty bay|loot~depot:,node,32300,32826,7,
liberty bay|loot~depot:,node,32309,32827,7,
liberty bay|loot~depot:,node,32314,32833,7,
liberty bay|loot~depot:,node,32322,32834,7,
liberty bay|loot~depot:,node,32335,32838,7,
liberty bay|loot~depot:,stand,32336,32838,7,

# --- liberty bay|temple~depot: (5 waypoints) ---
liberty bay|temple~depot:,stand,32320,32821,6,
liberty bay|temple~depot:,node,32319,32829,7,
liberty bay|temple~depot:,node,32322,32834,7,
liberty bay|temple~depot:,node,32335,32838,7,
liberty bay|temple~depot:,stand,32336,32838,7,

# --- liberty bay|potions~depot: (6 waypoints) ---
liberty bay|potions~depot:,node,32346,32815,7,
liberty bay|potions~depot:,node,32341,32817,7,
liberty bay|potions~depot:,node,32341,32823,7,
liberty bay|potions~depot:,node,32342,32829,7,
liberty bay|potions~depot:,node,32335,32838,7,
liberty bay|potions~depot:,stand,32336,32838,7,

# --- liberty bay|runes~depot: (6 waypoints) ---
liberty bay|runes~depot:,node,32346,32815,7,
liberty bay|runes~depot:,node,32341,32817,7,
liberty bay|runes~depot:,node,32341,32823,7,
liberty bay|runes~depot:,node,32342,32829,7,
liberty bay|runes~depot:,node,32335,32838,7,
liberty bay|runes~depot:,stand,32336,32838,7,

# --- liberty bay|food~depot: (5 waypoints) ---
liberty bay|food~depot:,node,32302,32837,7,
liberty bay|food~depot:,node,32308,32840,7,
liberty bay|food~depot:,node,32322,32837,7,
liberty bay|food~depot:,node,32335,32838,7,
liberty bay|food~depot:,stand,32336,32838,7,

# --- depot|liberty bay|1: (1 waypoints) ---
depot|liberty bay|1:,node,32331,32835,6,

# --- depot|liberty bay|2: (1 waypoints) ---
depot|liberty bay|2:,node,32336,32845,6,

# --- liberty bay|bank~bank: (2 waypoints) ---
liberty bay|bank~bank:,stand,32342,32837,7,
liberty bay|bank~bank:,stand,32339,32836,7,

# --- liberty bay|trainers~bank: (25 waypoints) ---
liberty bay|trainers~bank:,node,32395,32815,2,
liberty bay|trainers~bank:,stand,32400,32812,2,
liberty bay|trainers~bank:,stand,32398,32811,3,
liberty bay|trainers~bank:,node,32401,32816,4,
liberty bay|trainers~bank:,node,32409,32817,4,
liberty bay|trainers~bank:,node,32409,32807,4,
liberty bay|trainers~bank:,stand,32409,32806,4,
liberty bay|trainers~bank:,node,32406,32801,5,
liberty bay|trainers~bank:,node,32398,32801,5,
liberty bay|trainers~bank:,node,32391,32801,5,
liberty bay|trainers~bank:,stand,32391,32802,5,
liberty bay|trainers~bank:,node,32388,32808,6,
liberty bay|trainers~bank:,node,32387,32812,6,
liberty bay|trainers~bank:,node,32383,32816,6,
liberty bay|trainers~bank:,stand,32383,32815,6,
liberty bay|trainers~bank:,node,32372,32814,7,
liberty bay|trainers~bank:,node,32364,32815,7,
liberty bay|trainers~bank:,node,32355,32815,7,
liberty bay|trainers~bank:,node,32347,32815,7,
liberty bay|trainers~bank:,node,32341,32816,7,
liberty bay|trainers~bank:,node,32340,32823,7,
liberty bay|trainers~bank:,node,32342,32828,7,
liberty bay|trainers~bank:,stand,32342,32832,7,
liberty bay|trainers~bank:,stand,32342,32837,7,
liberty bay|trainers~bank:,stand,32339,32836,7,

# --- liberty bay|boat~bank: (12 waypoints) ---
liberty bay|boat~bank:,node,32278,32893,6,
liberty bay|boat~bank:,node,32278,32881,6,
liberty bay|boat~bank:,node,32284,32873,6,
liberty bay|boat~bank:,node,32299,32872,6,
liberty bay|boat~bank:,node,32306,32869,6,
liberty bay|boat~bank:,stand,32306,32868,6,
liberty bay|boat~bank:,node,32310,32860,7,
liberty bay|boat~bank:,node,32311,32849,7,
liberty bay|boat~bank:,node,32314,32841,7,
liberty bay|boat~bank:,node,32324,32836,7,
liberty bay|boat~bank:,node,32332,32836,7,
liberty bay|boat~bank:,stand,32338,32836,7,

# --- liberty bay|loot~bank: (6 waypoints) ---
liberty bay|loot~bank:,node,32300,32826,7,
liberty bay|loot~bank:,node,32309,32828,7,
liberty bay|loot~bank:,node,32313,32833,7,
liberty bay|loot~bank:,node,32322,32835,7,
liberty bay|loot~bank:,node,32332,32836,7,
liberty bay|loot~bank:,stand,32338,32836,7,

# --- liberty bay|ammo~bank: (6 waypoints) ---
liberty bay|ammo~bank:,node,32300,32826,7,
liberty bay|ammo~bank:,node,32309,32828,7,
liberty bay|ammo~bank:,node,32313,32833,7,
liberty bay|ammo~bank:,node,32322,32835,7,
liberty bay|ammo~bank:,node,32332,32836,7,
liberty bay|ammo~bank:,stand,32338,32836,7,

# --- liberty bay|temple~bank: (5 waypoints) ---
liberty bay|temple~bank:,stand,32320,32821,6,
liberty bay|temple~bank:,node,32320,32831,7,
liberty bay|temple~bank:,node,32325,32835,7,
liberty bay|temple~bank:,node,32332,32836,7,
liberty bay|temple~bank:,stand,32338,32836,7,

# --- liberty bay|potions~bank: (9 waypoints) ---
liberty bay|potions~bank:,node,32345,32815,7,
liberty bay|potions~bank:,node,32341,32818,7,
liberty bay|potions~bank:,node,32340,32823,7,
liberty bay|potions~bank:,node,32337,32827,7,
liberty bay|potions~bank:,node,32331,32827,7,
liberty bay|potions~bank:,node,32325,32829,7,
liberty bay|potions~bank:,node,32325,32835,7,
liberty bay|potions~bank:,node,32332,32836,7,
liberty bay|potions~bank:,stand,32338,32836,7,

# --- liberty bay|runes~bank: (9 waypoints) ---
liberty bay|runes~bank:,node,32345,32815,7,
liberty bay|runes~bank:,node,32341,32818,7,
liberty bay|runes~bank:,node,32340,32823,7,
liberty bay|runes~bank:,node,32337,32827,7,
liberty bay|runes~bank:,node,32331,32827,7,
liberty bay|runes~bank:,node,32325,32829,7,
liberty bay|runes~bank:,node,32325,32835,7,
liberty bay|runes~bank:,node,32332,32836,7,
liberty bay|runes~bank:,stand,32338,32836,7,

# --- liberty bay|food~bank: (7 waypoints) ---
liberty bay|food~bank:,node,32302,32837,7,
liberty bay|food~bank:,node,32308,32840,7,
liberty bay|food~bank:,node,32314,32839,7,
liberty bay|food~bank:,node,32320,32837,7,
liberty bay|food~bank:,node,32325,32836,7,
liberty bay|food~bank:,node,32332,32836,7,
liberty bay|food~bank:,stand,32338,32836,7,

# --- liberty bay|depot~bank: (5 waypoints) ---
liberty bay|depot~bank:,node,32335,32837,7,
liberty bay|depot~bank:,stand,32336,32838,7,
liberty bay|depot~bank:,node,32336,32839,6,
liberty bay|depot~bank:,stand,32336,32838,6,
liberty bay|depot~bank:,stand,32338,32836,7,

# --- liberty bay|potions~potions: (2 waypoints) ---
liberty bay|potions~potions:,node,32347,32813,7,
liberty bay|potions~potions:,stand,32345,32810,7,

# --- liberty bay|trainers~potions: (20 waypoints) ---
liberty bay|trainers~potions:,node,32395,32815,2,
liberty bay|trainers~potions:,stand,32400,32812,2,
liberty bay|trainers~potions:,stand,32398,32811,3,
liberty bay|trainers~potions:,node,32401,32816,4,
liberty bay|trainers~potions:,node,32409,32817,4,
liberty bay|trainers~potions:,node,32409,32807,4,
liberty bay|trainers~potions:,stand,32409,32806,4,
liberty bay|trainers~potions:,node,32406,32801,5,
liberty bay|trainers~potions:,node,32398,32801,5,
liberty bay|trainers~potions:,node,32391,32801,5,
liberty bay|trainers~potions:,stand,32391,32802,5,
liberty bay|trainers~potions:,node,32388,32808,6,
liberty bay|trainers~potions:,node,32387,32812,6,
liberty bay|trainers~potions:,node,32383,32816,6,
liberty bay|trainers~potions:,stand,32383,32815,6,
liberty bay|trainers~potions:,node,32372,32814,7,
liberty bay|trainers~potions:,node,32364,32815,7,
liberty bay|trainers~potions:,node,32355,32815,7,
liberty bay|trainers~potions:,node,32347,32813,7,
liberty bay|trainers~potions:,stand,32345,32810,7,

# --- liberty bay|boat~potions: (13 waypoints) ---
liberty bay|boat~potions:,node,32278,32892,6,
liberty bay|boat~potions:,node,32278,32875,6,
liberty bay|boat~potions:,node,32295,32873,6,
liberty bay|boat~potions:,node,32306,32869,6,
liberty bay|boat~potions:,stand,32306,32868,6,
liberty bay|boat~potions:,node,32311,32859,7,
liberty bay|boat~potions:,node,32311,32847,7,
liberty bay|boat~potions:,node,32317,32838,7,
liberty bay|boat~potions:,node,32324,32828,7,
liberty bay|boat~potions:,node,32339,32827,7,
liberty bay|boat~potions:,node,32340,32818,7,
liberty bay|boat~potions:,node,32344,32810,7,
liberty bay|boat~potions:,stand,32345,32810,7,

# --- liberty bay|depot~potions: (11 waypoints) ---
liberty bay|depot~potions:,node,32335,32837,7,
liberty bay|depot~potions:,stand,32336,32838,7,
liberty bay|depot~potions:,node,32336,32839,6,
liberty bay|depot~potions:,stand,32336,32838,6,
liberty bay|depot~potions:,node,32330,32835,7,
liberty bay|depot~potions:,node,32324,32833,7,
liberty bay|depot~potions:,node,32324,32828,7,
liberty bay|depot~potions:,node,32339,32827,7,
liberty bay|depot~potions:,node,32340,32818,7,
liberty bay|depot~potions:,node,32344,32810,7,
liberty bay|depot~potions:,stand,32345,32810,7,

# --- liberty bay|bank~potions: (7 waypoints) ---
liberty bay|bank~potions:,node,32330,32835,7,
liberty bay|bank~potions:,node,32324,32833,7,
liberty bay|bank~potions:,node,32324,32828,7,
liberty bay|bank~potions:,node,32339,32827,7,
liberty bay|bank~potions:,node,32340,32818,7,
liberty bay|bank~potions:,node,32344,32810,7,
liberty bay|bank~potions:,stand,32345,32810,7,

# --- liberty bay|temple~potions: (7 waypoints) ---
liberty bay|temple~potions:,stand,32320,32821,6,
liberty bay|temple~potions:,node,32320,32831,7,
liberty bay|temple~potions:,node,32324,32828,7,
liberty bay|temple~potions:,node,32339,32827,7,
liberty bay|temple~potions:,node,32340,32818,7,
liberty bay|temple~potions:,node,32344,32810,7,
liberty bay|temple~potions:,stand,32345,32810,7,

# --- liberty bay|loot~potions: (8 waypoints) ---
liberty bay|loot~potions:,node,32299,32826,7,
liberty bay|loot~potions:,node,32309,32828,7,
liberty bay|loot~potions:,node,32316,32832,7,
liberty bay|loot~potions:,node,32324,32828,7,
liberty bay|loot~potions:,node,32339,32827,7,
liberty bay|loot~potions:,node,32340,32818,7,
liberty bay|loot~potions:,node,32344,32810,7,
liberty bay|loot~potions:,stand,32345,32810,7,

# --- liberty bay|ammo~potions: (8 waypoints) ---
liberty bay|ammo~potions:,node,32299,32826,7,
liberty bay|ammo~potions:,node,32309,32828,7,
liberty bay|ammo~potions:,node,32316,32832,7,
liberty bay|ammo~potions:,node,32324,32828,7,
liberty bay|ammo~potions:,node,32339,32827,7,
liberty bay|ammo~potions:,node,32340,32818,7,
liberty bay|ammo~potions:,node,32344,32810,7,
liberty bay|ammo~potions:,stand,32345,32810,7,

# --- liberty bay|food~potions: (7 waypoints) ---
liberty bay|food~potions:,node,32303,32839,7,
liberty bay|food~potions:,node,32317,32838,7,
liberty bay|food~potions:,node,32324,32828,7,
liberty bay|food~potions:,node,32339,32827,7,
liberty bay|food~potions:,node,32340,32818,7,
liberty bay|food~potions:,node,32344,32810,7,
liberty bay|food~potions:,stand,32345,32810,7,

# --- liberty bay|runes~potions: (1 waypoints) ---
liberty bay|runes~potions:,stand,32345,32810,7,

# --- liberty bay|runes~runes: (2 waypoints) ---
liberty bay|runes~runes:,node,32347,32813,7,
liberty bay|runes~runes:,stand,32345,32810,7,

# --- liberty bay|trainers~runes: (20 waypoints) ---
liberty bay|trainers~runes:,node,32395,32815,2,
liberty bay|trainers~runes:,stand,32400,32812,2,
liberty bay|trainers~runes:,stand,32398,32811,3,
liberty bay|trainers~runes:,node,32401,32816,4,
liberty bay|trainers~runes:,node,32409,32817,4,
liberty bay|trainers~runes:,node,32409,32807,4,
liberty bay|trainers~runes:,stand,32409,32806,4,
liberty bay|trainers~runes:,node,32406,32801,5,
liberty bay|trainers~runes:,node,32398,32801,5,
liberty bay|trainers~runes:,node,32391,32801,5,
liberty bay|trainers~runes:,stand,32391,32802,5,
liberty bay|trainers~runes:,node,32388,32808,6,
liberty bay|trainers~runes:,node,32387,32812,6,
liberty bay|trainers~runes:,node,32383,32816,6,
liberty bay|trainers~runes:,stand,32383,32815,6,
liberty bay|trainers~runes:,node,32372,32814,7,
liberty bay|trainers~runes:,node,32364,32815,7,
liberty bay|trainers~runes:,node,32355,32815,7,
liberty bay|trainers~runes:,node,32347,32813,7,
liberty bay|trainers~runes:,stand,32345,32810,7,

# --- liberty bay|boat~runes: (13 waypoints) ---
liberty bay|boat~runes:,node,32278,32892,6,
liberty bay|boat~runes:,node,32278,32875,6,
liberty bay|boat~runes:,node,32295,32873,6,
liberty bay|boat~runes:,node,32306,32869,6,
liberty bay|boat~runes:,stand,32306,32868,6,
liberty bay|boat~runes:,node,32311,32859,7,
liberty bay|boat~runes:,node,32311,32847,7,
liberty bay|boat~runes:,node,32317,32838,7,
liberty bay|boat~runes:,node,32324,32828,7,
liberty bay|boat~runes:,node,32339,32827,7,
liberty bay|boat~runes:,node,32340,32818,7,
liberty bay|boat~runes:,node,32344,32810,7,
liberty bay|boat~runes:,stand,32345,32810,7,

# --- liberty bay|depot~runes: (11 waypoints) ---
liberty bay|depot~runes:,node,32335,32837,7,
liberty bay|depot~runes:,stand,32336,32838,7,
liberty bay|depot~runes:,node,32336,32839,6,
liberty bay|depot~runes:,stand,32336,32838,6,
liberty bay|depot~runes:,node,32330,32835,7,
liberty bay|depot~runes:,node,32324,32833,7,
liberty bay|depot~runes:,node,32324,32828,7,
liberty bay|depot~runes:,node,32339,32827,7,
liberty bay|depot~runes:,node,32340,32818,7,
liberty bay|depot~runes:,node,32344,32810,7,
liberty bay|depot~runes:,stand,32345,32810,7,

# --- liberty bay|bank~runes: (7 waypoints) ---
liberty bay|bank~runes:,node,32330,32835,7,
liberty bay|bank~runes:,node,32324,32833,7,
liberty bay|bank~runes:,node,32324,32828,7,
liberty bay|bank~runes:,node,32339,32827,7,
liberty bay|bank~runes:,node,32340,32818,7,
liberty bay|bank~runes:,node,32344,32810,7,
liberty bay|bank~runes:,stand,32345,32810,7,

# --- liberty bay|temple~runes: (7 waypoints) ---
liberty bay|temple~runes:,stand,32320,32821,6,
liberty bay|temple~runes:,node,32320,32831,7,
liberty bay|temple~runes:,node,32324,32828,7,
liberty bay|temple~runes:,node,32339,32827,7,
liberty bay|temple~runes:,node,32340,32818,7,
liberty bay|temple~runes:,node,32344,32810,7,
liberty bay|temple~runes:,stand,32345,32810,7,

# --- liberty bay|loot~runes: (8 waypoints) ---
liberty bay|loot~runes:,node,32299,32826,7,
liberty bay|loot~runes:,node,32309,32828,7,
liberty bay|loot~runes:,node,32316,32832,7,
liberty bay|loot~runes:,node,32324,32828,7,
liberty bay|loot~runes:,node,32339,32827,7,
liberty bay|loot~runes:,node,32340,32818,7,
liberty bay|loot~runes:,node,32344,32810,7,
liberty bay|loot~runes:,stand,32345,32810,7,

# --- liberty bay|ammo~runes: (8 waypoints) ---
liberty bay|ammo~runes:,node,32299,32826,7,
liberty bay|ammo~runes:,node,32309,32828,7,
liberty bay|ammo~runes:,node,32316,32832,7,
liberty bay|ammo~runes:,node,32324,32828,7,
liberty bay|ammo~runes:,node,32339,32827,7,
liberty bay|ammo~runes:,node,32340,32818,7,
liberty bay|ammo~runes:,node,32344,32810,7,
liberty bay|ammo~runes:,stand,32345,32810,7,

# --- liberty bay|food~runes: (7 waypoints) ---
liberty bay|food~runes:,node,32303,32839,7,
liberty bay|food~runes:,node,32317,32838,7,
liberty bay|food~runes:,node,32324,32828,7,
liberty bay|food~runes:,node,32339,32827,7,
liberty bay|food~runes:,node,32340,32818,7,
liberty bay|food~runes:,node,32344,32810,7,
liberty bay|food~runes:,stand,32345,32810,7,

# --- liberty bay|potions~runes: (1 waypoints) ---
liberty bay|potions~runes:,stand,32345,32810,7,

# --- liberty bay|temple~temple: (2 waypoints) ---
liberty bay|temple~temple:,node,32317,32827,7,
liberty bay|temple~temple:,stand,32317,32827,7,

# --- liberty bay|trainers~temple: (26 waypoints) ---
liberty bay|trainers~temple:,node,32395,32815,2,
liberty bay|trainers~temple:,stand,32400,32812,2,
liberty bay|trainers~temple:,stand,32398,32811,3,
liberty bay|trainers~temple:,node,32401,32816,4,
liberty bay|trainers~temple:,node,32409,32817,4,
liberty bay|trainers~temple:,node,32409,32807,4,
liberty bay|trainers~temple:,stand,32409,32806,4,
liberty bay|trainers~temple:,node,32406,32801,5,
liberty bay|trainers~temple:,node,32398,32801,5,
liberty bay|trainers~temple:,node,32391,32801,5,
liberty bay|trainers~temple:,stand,32391,32802,5,
liberty bay|trainers~temple:,node,32388,32808,6,
liberty bay|trainers~temple:,node,32387,32812,6,
liberty bay|trainers~temple:,node,32383,32816,6,
liberty bay|trainers~temple:,stand,32383,32815,6,
liberty bay|trainers~temple:,node,32372,32814,7,
liberty bay|trainers~temple:,node,32364,32815,7,
liberty bay|trainers~temple:,node,32355,32815,7,
liberty bay|trainers~temple:,node,32347,32815,7,
liberty bay|trainers~temple:,node,32341,32816,7,
liberty bay|trainers~temple:,node,32340,32823,7,
liberty bay|trainers~temple:,node,32335,32827,7,
liberty bay|trainers~temple:,node,32327,32827,7,
liberty bay|trainers~temple:,node,32322,32831,7,
liberty bay|trainers~temple:,node,32317,32827,7,
liberty bay|trainers~temple:,stand,32317,32827,7,

# --- liberty bay|bank~temple: (4 waypoints) ---
liberty bay|bank~temple:,node,32328,32835,7,
liberty bay|bank~temple:,node,32321,32832,7,
liberty bay|bank~temple:,node,32317,32827,7,
liberty bay|bank~temple:,stand,32317,32827,7,

# --- liberty bay|depot~temple: (7 waypoints) ---
liberty bay|depot~temple:,node,32335,32837,7,
liberty bay|depot~temple:,stand,32336,32838,7,
liberty bay|depot~temple:,stand,32336,32838,6,
liberty bay|depot~temple:,node,32328,32835,7,
liberty bay|depot~temple:,node,32321,32832,7,
liberty bay|depot~temple:,node,32317,32827,7,
liberty bay|depot~temple:,stand,32317,32827,7,

# --- liberty bay|potions~temple: (8 waypoints) ---
liberty bay|potions~temple:,node,32345,32815,7,
liberty bay|potions~temple:,node,32340,32818,7,
liberty bay|potions~temple:,node,32340,32825,7,
liberty bay|potions~temple:,node,32334,32827,7,
liberty bay|potions~temple:,node,32326,32828,7,
liberty bay|potions~temple:,node,32321,32832,7,
liberty bay|potions~temple:,node,32317,32827,7,
liberty bay|potions~temple:,stand,32317,32827,7,

# --- liberty bay|runes~temple: (8 waypoints) ---
liberty bay|runes~temple:,node,32345,32815,7,
liberty bay|runes~temple:,node,32340,32818,7,
liberty bay|runes~temple:,node,32340,32825,7,
liberty bay|runes~temple:,node,32334,32827,7,
liberty bay|runes~temple:,node,32326,32828,7,
liberty bay|runes~temple:,node,32321,32832,7,
liberty bay|runes~temple:,node,32317,32827,7,
liberty bay|runes~temple:,stand,32317,32827,7,

# --- liberty bay|ammo~temple: (5 waypoints) ---
liberty bay|ammo~temple:,node,32299,32825,7,
liberty bay|ammo~temple:,node,32307,32827,7,
liberty bay|ammo~temple:,node,32313,32832,7,
liberty bay|ammo~temple:,node,32317,32827,7,
liberty bay|ammo~temple:,stand,32317,32827,7,

# --- liberty bay|loot~temple: (5 waypoints) ---
liberty bay|loot~temple:,node,32299,32825,7,
liberty bay|loot~temple:,node,32307,32827,7,
liberty bay|loot~temple:,node,32313,32832,7,
liberty bay|loot~temple:,node,32317,32827,7,
liberty bay|loot~temple:,stand,32317,32827,7,

# --- liberty bay|food~temple: (6 waypoints) ---
liberty bay|food~temple:,node,32301,32837,7,
liberty bay|food~temple:,node,32306,32840,7,
liberty bay|food~temple:,node,32311,32838,7,
liberty bay|food~temple:,node,32313,32832,7,
liberty bay|food~temple:,node,32317,32827,7,
liberty bay|food~temple:,stand,32317,32827,7,

# --- liberty bay|boat~temple: (13 waypoints) ---
liberty bay|boat~temple:,node,32277,32893,6,
liberty bay|boat~temple:,node,32277,32880,6,
liberty bay|boat~temple:,node,32283,32874,6,
liberty bay|boat~temple:,node,32295,32873,6,
liberty bay|boat~temple:,node,32306,32869,6,
liberty bay|boat~temple:,stand,32306,32868,6,
liberty bay|boat~temple:,node,32309,32862,7,
liberty bay|boat~temple:,node,32311,32853,7,
liberty bay|boat~temple:,node,32311,32845,7,
liberty bay|boat~temple:,node,32311,32838,7,
liberty bay|boat~temple:,node,32313,32832,7,
liberty bay|boat~temple:,node,32317,32827,7,
liberty bay|boat~temple:,stand,32317,32827,7,

# --- liberty bay|ammo~ammo: (2 waypoints) ---
liberty bay|ammo~ammo:,node,32293,32820,7,
liberty bay|ammo~ammo:,stand,32293,32820,7,

# --- liberty bay|loot~loot: (2 waypoints) ---
liberty bay|loot~loot:,node,32293,32820,7,
liberty bay|loot~loot:,stand,32293,32820,7,

# --- liberty bay|trainers~loot: (29 waypoints) ---
liberty bay|trainers~loot:,node,32395,32815,2,
liberty bay|trainers~loot:,stand,32400,32812,2,
liberty bay|trainers~loot:,stand,32398,32811,3,
liberty bay|trainers~loot:,node,32401,32816,4,
liberty bay|trainers~loot:,node,32409,32817,4,
liberty bay|trainers~loot:,node,32409,32807,4,
liberty bay|trainers~loot:,stand,32409,32806,4,
liberty bay|trainers~loot:,node,32406,32801,5,
liberty bay|trainers~loot:,node,32398,32801,5,
liberty bay|trainers~loot:,node,32391,32801,5,
liberty bay|trainers~loot:,stand,32391,32802,5,
liberty bay|trainers~loot:,node,32388,32808,6,
liberty bay|trainers~loot:,node,32387,32812,6,
liberty bay|trainers~loot:,node,32383,32816,6,
liberty bay|trainers~loot:,stand,32383,32815,6,
liberty bay|trainers~loot:,node,32372,32814,7,
liberty bay|trainers~loot:,node,32364,32815,7,
liberty bay|trainers~loot:,node,32355,32815,7,
liberty bay|trainers~loot:,node,32347,32815,7,
liberty bay|trainers~loot:,node,32341,32816,7,
liberty bay|trainers~loot:,node,32340,32823,7,
liberty bay|trainers~loot:,node,32335,32827,7,
liberty bay|trainers~loot:,node,32327,32827,7,
liberty bay|trainers~loot:,node,32322,32831,7,
liberty bay|trainers~loot:,node,32312,32831,7,
liberty bay|trainers~loot:,node,32306,32827,7,
liberty bay|trainers~loot:,node,32298,32826,7,
liberty bay|trainers~loot:,node,32293,32820,7,
liberty bay|trainers~loot:,stand,32293,32820,7,

# --- liberty bay|trainers~ammo: (29 waypoints) ---
liberty bay|trainers~ammo:,node,32395,32815,2,
liberty bay|trainers~ammo:,stand,32400,32812,2,
liberty bay|trainers~ammo:,stand,32398,32811,3,
liberty bay|trainers~ammo:,node,32401,32816,4,
liberty bay|trainers~ammo:,node,32409,32817,4,
liberty bay|trainers~ammo:,node,32409,32807,4,
liberty bay|trainers~ammo:,stand,32409,32806,4,
liberty bay|trainers~ammo:,node,32406,32801,5,
liberty bay|trainers~ammo:,node,32398,32801,5,
liberty bay|trainers~ammo:,node,32391,32801,5,
liberty bay|trainers~ammo:,stand,32391,32802,5,
liberty bay|trainers~ammo:,node,32388,32808,6,
liberty bay|trainers~ammo:,node,32387,32812,6,
liberty bay|trainers~ammo:,node,32383,32816,6,
liberty bay|trainers~ammo:,stand,32383,32815,6,
liberty bay|trainers~ammo:,node,32372,32814,7,
liberty bay|trainers~ammo:,node,32364,32815,7,
liberty bay|trainers~ammo:,node,32355,32815,7,
liberty bay|trainers~ammo:,node,32347,32815,7,
liberty bay|trainers~ammo:,node,32341,32816,7,
liberty bay|trainers~ammo:,node,32340,32823,7,
liberty bay|trainers~ammo:,node,32335,32827,7,
liberty bay|trainers~ammo:,node,32327,32827,7,
liberty bay|trainers~ammo:,node,32322,32831,7,
liberty bay|trainers~ammo:,node,32312,32831,7,
liberty bay|trainers~ammo:,node,32306,32827,7,
liberty bay|trainers~ammo:,node,32298,32826,7,
liberty bay|trainers~ammo:,node,32293,32820,7,
liberty bay|trainers~ammo:,stand,32293,32820,7,

# --- liberty bay|bank~ammo: (7 waypoints) ---
liberty bay|bank~ammo:,node,32328,32835,7,
liberty bay|bank~ammo:,node,32318,32834,7,
liberty bay|bank~ammo:,node,32311,32830,7,
liberty bay|bank~ammo:,node,32304,32827,7,
liberty bay|bank~ammo:,node,32295,32826,7,
liberty bay|bank~ammo:,node,32293,32821,7,
liberty bay|bank~ammo:,stand,32293,32820,7,

# --- liberty bay|depot~ammo: (10 waypoints) ---
liberty bay|depot~ammo:,node,32335,32837,7,
liberty bay|depot~ammo:,stand,32336,32838,7,
liberty bay|depot~ammo:,stand,32336,32838,6,
liberty bay|depot~ammo:,node,32328,32835,7,
liberty bay|depot~ammo:,node,32318,32834,7,
liberty bay|depot~ammo:,node,32311,32830,7,
liberty bay|depot~ammo:,node,32304,32827,7,
liberty bay|depot~ammo:,node,32295,32826,7,
liberty bay|depot~ammo:,node,32293,32821,7,
liberty bay|depot~ammo:,stand,32293,32820,7,

# --- liberty bay|potions~ammo: (11 waypoints) ---
liberty bay|potions~ammo:,node,32341,32815,7,
liberty bay|potions~ammo:,node,32340,32822,7,
liberty bay|potions~ammo:,node,32338,32827,7,
liberty bay|potions~ammo:,node,32331,32827,7,
liberty bay|potions~ammo:,node,32325,32828,7,
liberty bay|potions~ammo:,node,32318,32831,7,
liberty bay|potions~ammo:,node,32311,32830,7,
liberty bay|potions~ammo:,node,32304,32827,7,
liberty bay|potions~ammo:,node,32295,32826,7,
liberty bay|potions~ammo:,node,32293,32821,7,
liberty bay|potions~ammo:,stand,32293,32820,7,

# --- liberty bay|runes~ammo: (11 waypoints) ---
liberty bay|runes~ammo:,node,32341,32815,7,
liberty bay|runes~ammo:,node,32340,32822,7,
liberty bay|runes~ammo:,node,32338,32827,7,
liberty bay|runes~ammo:,node,32331,32827,7,
liberty bay|runes~ammo:,node,32325,32828,7,
liberty bay|runes~ammo:,node,32318,32831,7,
liberty bay|runes~ammo:,node,32311,32830,7,
liberty bay|runes~ammo:,node,32304,32827,7,
liberty bay|runes~ammo:,node,32295,32826,7,
liberty bay|runes~ammo:,node,32293,32821,7,
liberty bay|runes~ammo:,stand,32293,32820,7,

# --- liberty bay|loot~ammo: (1 waypoints) ---
liberty bay|loot~ammo:,stand,32293,32820,7,

# --- liberty bay|food~ammo: (5 waypoints) ---
liberty bay|food~ammo:,node,32302,32832,7,
liberty bay|food~ammo:,node,32300,32827,7,
liberty bay|food~ammo:,node,32295,32826,7,
liberty bay|food~ammo:,node,32293,32821,7,
liberty bay|food~ammo:,stand,32293,32820,7,

# --- liberty bay|temple~ammo: (7 waypoints) ---
liberty bay|temple~ammo:,node,32316,32828,7,
liberty bay|temple~ammo:,node,32311,32830,7,
liberty bay|temple~ammo:,node,32304,32827,7,
liberty bay|temple~ammo:,node,32300,32827,7,
liberty bay|temple~ammo:,node,32295,32826,7,
liberty bay|temple~ammo:,node,32293,32821,7,
liberty bay|temple~ammo:,stand,32293,32820,7,

# --- liberty bay|boat~ammo: (15 waypoints) ---
liberty bay|boat~ammo:,node,32277,32892,6,
liberty bay|boat~ammo:,node,32277,32881,6,
liberty bay|boat~ammo:,node,32283,32874,6,
liberty bay|boat~ammo:,node,32295,32873,6,
liberty bay|boat~ammo:,node,32306,32869,6,
liberty bay|boat~ammo:,stand,32306,32868,6,
liberty bay|boat~ammo:,node,32310,32860,7,
liberty bay|boat~ammo:,node,32310,32852,7,
liberty bay|boat~ammo:,node,32310,32844,7,
liberty bay|boat~ammo:,node,32310,32836,7,
liberty bay|boat~ammo:,node,32309,32828,7,
liberty bay|boat~ammo:,node,32304,32827,7,
liberty bay|boat~ammo:,node,32295,32826,7,
liberty bay|boat~ammo:,node,32293,32821,7,
liberty bay|boat~ammo:,stand,32293,32820,7,

# --- liberty bay|bank~loot: (7 waypoints) ---
liberty bay|bank~loot:,node,32328,32835,7,
liberty bay|bank~loot:,node,32318,32834,7,
liberty bay|bank~loot:,node,32311,32830,7,
liberty bay|bank~loot:,node,32304,32827,7,
liberty bay|bank~loot:,node,32295,32826,7,
liberty bay|bank~loot:,node,32293,32821,7,
liberty bay|bank~loot:,stand,32293,32820,7,

# --- liberty bay|depot~loot: (10 waypoints) ---
liberty bay|depot~loot:,node,32335,32837,7,
liberty bay|depot~loot:,stand,32336,32838,7,
liberty bay|depot~loot:,stand,32336,32838,6,
liberty bay|depot~loot:,node,32328,32835,7,
liberty bay|depot~loot:,node,32318,32834,7,
liberty bay|depot~loot:,node,32311,32830,7,
liberty bay|depot~loot:,node,32304,32827,7,
liberty bay|depot~loot:,node,32295,32826,7,
liberty bay|depot~loot:,node,32293,32821,7,
liberty bay|depot~loot:,stand,32293,32820,7,

# --- liberty bay|potions~loot: (11 waypoints) ---
liberty bay|potions~loot:,node,32341,32815,7,
liberty bay|potions~loot:,node,32340,32822,7,
liberty bay|potions~loot:,node,32338,32827,7,
liberty bay|potions~loot:,node,32331,32827,7,
liberty bay|potions~loot:,node,32325,32828,7,
liberty bay|potions~loot:,node,32318,32831,7,
liberty bay|potions~loot:,node,32311,32830,7,
liberty bay|potions~loot:,node,32304,32827,7,
liberty bay|potions~loot:,node,32295,32826,7,
liberty bay|potions~loot:,node,32293,32821,7,
liberty bay|potions~loot:,stand,32293,32820,7,

# --- liberty bay|runes~loot: (11 waypoints) ---
liberty bay|runes~loot:,node,32341,32815,7,
liberty bay|runes~loot:,node,32340,32822,7,
liberty bay|runes~loot:,node,32338,32827,7,
liberty bay|runes~loot:,node,32331,32827,7,
liberty bay|runes~loot:,node,32325,32828,7,
liberty bay|runes~loot:,node,32318,32831,7,
liberty bay|runes~loot:,node,32311,32830,7,
liberty bay|runes~loot:,node,32304,32827,7,
liberty bay|runes~loot:,node,32295,32826,7,
liberty bay|runes~loot:,node,32293,32821,7,
liberty bay|runes~loot:,stand,32293,32820,7,

# --- liberty bay|ammo~loot: (1 waypoints) ---
liberty bay|ammo~loot:,stand,32293,32820,7,

# --- liberty bay|food~loot: (5 waypoints) ---
liberty bay|food~loot:,node,32302,32832,7,
liberty bay|food~loot:,node,32300,32827,7,
liberty bay|food~loot:,node,32295,32826,7,
liberty bay|food~loot:,node,32293,32821,7,
liberty bay|food~loot:,stand,32293,32820,7,

# --- liberty bay|temple~loot: (7 waypoints) ---
liberty bay|temple~loot:,node,32316,32828,7,
liberty bay|temple~loot:,node,32311,32830,7,
liberty bay|temple~loot:,node,32304,32827,7,
liberty bay|temple~loot:,node,32300,32827,7,
liberty bay|temple~loot:,node,32295,32826,7,
liberty bay|temple~loot:,node,32293,32821,7,
liberty bay|temple~loot:,stand,32293,32820,7,

# --- liberty bay|boat~loot: (15 waypoints) ---
liberty bay|boat~loot:,node,32277,32892,6,
liberty bay|boat~loot:,node,32277,32881,6,
liberty bay|boat~loot:,node,32283,32874,6,
liberty bay|boat~loot:,node,32295,32873,6,
liberty bay|boat~loot:,node,32306,32869,6,
liberty bay|boat~loot:,stand,32306,32868,6,
liberty bay|boat~loot:,node,32310,32860,7,
liberty bay|boat~loot:,node,32310,32852,7,
liberty bay|boat~loot:,node,32310,32844,7,
liberty bay|boat~loot:,node,32310,32836,7,
liberty bay|boat~loot:,node,32309,32828,7,
liberty bay|boat~loot:,node,32304,32827,7,
liberty bay|boat~loot:,node,32295,32826,7,
liberty bay|boat~loot:,node,32293,32821,7,
liberty bay|boat~loot:,stand,32293,32820,7,

# --- liberty bay|food~food: (2 waypoints) ---
liberty bay|food~food:,node,32300,32832,7,
liberty bay|food~food:,stand,32300,32832,7,

# --- liberty bay|trainers~food: (29 waypoints) ---
liberty bay|trainers~food:,node,32395,32815,2,
liberty bay|trainers~food:,stand,32400,32812,2,
liberty bay|trainers~food:,stand,32398,32811,3,
liberty bay|trainers~food:,node,32401,32816,4,
liberty bay|trainers~food:,node,32409,32817,4,
liberty bay|trainers~food:,node,32409,32807,4,
liberty bay|trainers~food:,stand,32409,32806,4,
liberty bay|trainers~food:,node,32406,32801,5,
liberty bay|trainers~food:,node,32398,32801,5,
liberty bay|trainers~food:,node,32391,32801,5,
liberty bay|trainers~food:,stand,32391,32802,5,
liberty bay|trainers~food:,node,32388,32808,6,
liberty bay|trainers~food:,node,32387,32812,6,
liberty bay|trainers~food:,node,32383,32816,6,
liberty bay|trainers~food:,stand,32383,32815,6,
liberty bay|trainers~food:,node,32372,32814,7,
liberty bay|trainers~food:,node,32364,32815,7,
liberty bay|trainers~food:,node,32355,32815,7,
liberty bay|trainers~food:,node,32347,32815,7,
liberty bay|trainers~food:,node,32341,32816,7,
liberty bay|trainers~food:,node,32340,32823,7,
liberty bay|trainers~food:,node,32335,32827,7,
liberty bay|trainers~food:,node,32327,32827,7,
liberty bay|trainers~food:,node,32322,32831,7,
liberty bay|trainers~food:,node,32316,32835,7,
liberty bay|trainers~food:,node,32309,32840,7,
liberty bay|trainers~food:,node,32304,32836,7,
liberty bay|trainers~food:,node,32300,32832,7,
liberty bay|trainers~food:,stand,32300,32832,7,

# --- liberty bay|bank~food: (7 waypoints) ---
liberty bay|bank~food:,node,32327,32835,7,
liberty bay|bank~food:,node,32320,32837,7,
liberty bay|bank~food:,node,32314,32839,7,
liberty bay|bank~food:,node,32308,32840,7,
liberty bay|bank~food:,node,32304,32836,7,
liberty bay|bank~food:,node,32300,32832,7,
liberty bay|bank~food:,stand,32300,32832,7,

# --- liberty bay|depot~food: (10 waypoints) ---
liberty bay|depot~food:,node,32335,32837,7,
liberty bay|depot~food:,stand,32336,32838,7,
liberty bay|depot~food:,stand,32336,32838,6,
liberty bay|depot~food:,node,32327,32835,7,
liberty bay|depot~food:,node,32320,32837,7,
liberty bay|depot~food:,node,32314,32839,7,
liberty bay|depot~food:,node,32308,32840,7,
liberty bay|depot~food:,node,32304,32836,7,
liberty bay|depot~food:,node,32300,32832,7,
liberty bay|depot~food:,stand,32300,32832,7,

# --- liberty bay|potions~food: (12 waypoints) ---
liberty bay|potions~food:,node,32344,32815,7,
liberty bay|potions~food:,node,32340,32819,7,
liberty bay|potions~food:,node,32339,32826,7,
liberty bay|potions~food:,node,32333,32827,7,
liberty bay|potions~food:,node,32327,32828,7,
liberty bay|potions~food:,node,32324,32832,7,
liberty bay|potions~food:,node,32320,32837,7,
liberty bay|potions~food:,node,32314,32839,7,
liberty bay|potions~food:,node,32308,32840,7,
liberty bay|potions~food:,node,32304,32836,7,
liberty bay|potions~food:,node,32300,32832,7,
liberty bay|potions~food:,stand,32300,32832,7,

# --- liberty bay|runes~food: (12 waypoints) ---
liberty bay|runes~food:,node,32344,32815,7,
liberty bay|runes~food:,node,32340,32819,7,
liberty bay|runes~food:,node,32339,32826,7,
liberty bay|runes~food:,node,32333,32827,7,
liberty bay|runes~food:,node,32327,32828,7,
liberty bay|runes~food:,node,32324,32832,7,
liberty bay|runes~food:,node,32320,32837,7,
liberty bay|runes~food:,node,32314,32839,7,
liberty bay|runes~food:,node,32308,32840,7,
liberty bay|runes~food:,node,32304,32836,7,
liberty bay|runes~food:,node,32300,32832,7,
liberty bay|runes~food:,stand,32300,32832,7,

# --- liberty bay|temple~food: (7 waypoints) ---
liberty bay|temple~food:,node,32316,32828,7,
liberty bay|temple~food:,node,32314,32832,7,
liberty bay|temple~food:,node,32311,32836,7,
liberty bay|temple~food:,node,32308,32840,7,
liberty bay|temple~food:,node,32304,32836,7,
liberty bay|temple~food:,node,32300,32832,7,
liberty bay|temple~food:,stand,32300,32832,7,

# --- liberty bay|loot~food: (5 waypoints) ---
liberty bay|loot~food:,node,32294,32825,7,
liberty bay|loot~food:,node,32299,32826,7,
liberty bay|loot~food:,node,32302,32829,7,
liberty bay|loot~food:,node,32300,32832,7,
liberty bay|loot~food:,stand,32300,32832,7,

# --- liberty bay|ammo~food: (5 waypoints) ---
liberty bay|ammo~food:,node,32294,32825,7,
liberty bay|ammo~food:,node,32299,32826,7,
liberty bay|ammo~food:,node,32302,32829,7,
liberty bay|ammo~food:,node,32300,32832,7,
liberty bay|ammo~food:,stand,32300,32832,7,

# --- liberty bay|boat~food: (13 waypoints) ---
liberty bay|boat~food:,node,32277,32892,6,
liberty bay|boat~food:,node,32277,32882,6,
liberty bay|boat~food:,node,32283,32874,6,
liberty bay|boat~food:,node,32296,32873,6,
liberty bay|boat~food:,node,32306,32869,6,
liberty bay|boat~food:,stand,32306,32868,6,
liberty bay|boat~food:,node,32308,32861,7,
liberty bay|boat~food:,node,32311,32854,7,
liberty bay|boat~food:,node,32311,32846,7,
liberty bay|boat~food:,node,32308,32840,7,
liberty bay|boat~food:,node,32304,32836,7,
liberty bay|boat~food:,node,32300,32832,7,
liberty bay|boat~food:,stand,32300,32832,7,

# --- liberty bay|trainers~trainers: (2 waypoints) ---
liberty bay|trainers~trainers:,node,32395,32822,2,
liberty bay|trainers~trainers:,stand,32395,32822,2,

# --- liberty bay|boat~trainers: (37 waypoints) ---
liberty bay|boat~trainers:,node,32277,32893,6,
liberty bay|boat~trainers:,node,32277,32881,6,
liberty bay|boat~trainers:,node,32283,32874,6,
liberty bay|boat~trainers:,node,32295,32873,6,
liberty bay|boat~trainers:,node,32306,32869,6,
liberty bay|boat~trainers:,stand,32306,32868,6,
liberty bay|boat~trainers:,node,32309,32860,7,
liberty bay|boat~trainers:,node,32311,32851,7,
liberty bay|boat~trainers:,node,32311,32840,7,
liberty bay|boat~trainers:,node,32318,32834,7,
liberty bay|boat~trainers:,node,32325,32828,7,
liberty bay|boat~trainers:,node,32335,32827,7,
liberty bay|boat~trainers:,node,32340,32823,7,
liberty bay|boat~trainers:,node,32341,32816,7,
liberty bay|boat~trainers:,node,32352,32815,7,
liberty bay|boat~trainers:,node,32362,32815,7,
liberty bay|boat~trainers:,node,32373,32815,7,
liberty bay|boat~trainers:,node,32382,32814,7,
liberty bay|boat~trainers:,stand,32382,32815,7,
liberty bay|boat~trainers:,node,32387,32814,6,
liberty bay|boat~trainers:,node,32389,32808,6,
liberty bay|boat~trainers:,node,32391,32803,6,
liberty bay|boat~trainers:,stand,32391,32802,6,
liberty bay|boat~trainers:,node,32398,32801,5,
liberty bay|boat~trainers:,node,32405,32801,5,
liberty bay|boat~trainers:,node,32409,32805,5,
liberty bay|boat~trainers:,stand,32409,32806,5,
liberty bay|boat~trainers:,node,32409,32817,4,
liberty bay|boat~trainers:,node,32403,32817,4,
liberty bay|boat~trainers:,node,32398,32812,4,
liberty bay|boat~trainers:,stand,32398,32811,4,
liberty bay|boat~trainers:,stand,32397,32810,3,
liberty bay|boat~trainers:,stand,32397,32812,3,
liberty bay|boat~trainers:,stand,32400,32812,3,
liberty bay|boat~trainers:,node,32395,32815,2,
liberty bay|boat~trainers:,node,32395,32822,2,
liberty bay|boat~trainers:,stand,32395,32822,2,

# --- liberty bay|temple~trainers: (28 waypoints) ---
liberty bay|temple~trainers:,node,32321,32831,7,
liberty bay|temple~trainers:,node,32325,32828,7,
liberty bay|temple~trainers:,node,32335,32827,7,
liberty bay|temple~trainers:,node,32340,32823,7,
liberty bay|temple~trainers:,node,32341,32816,7,
liberty bay|temple~trainers:,node,32352,32815,7,
liberty bay|temple~trainers:,node,32362,32815,7,
liberty bay|temple~trainers:,node,32373,32815,7,
liberty bay|temple~trainers:,node,32382,32814,7,
liberty bay|temple~trainers:,stand,32382,32815,7,
liberty bay|temple~trainers:,node,32387,32814,6,
liberty bay|temple~trainers:,node,32389,32808,6,
liberty bay|temple~trainers:,node,32391,32803,6,
liberty bay|temple~trainers:,stand,32391,32802,6,
liberty bay|temple~trainers:,node,32398,32801,5,
liberty bay|temple~trainers:,node,32405,32801,5,
liberty bay|temple~trainers:,node,32409,32805,5,
liberty bay|temple~trainers:,stand,32409,32806,5,
liberty bay|temple~trainers:,node,32409,32817,4,
liberty bay|temple~trainers:,node,32403,32817,4,
liberty bay|temple~trainers:,node,32398,32812,4,
liberty bay|temple~trainers:,stand,32398,32811,4,
liberty bay|temple~trainers:,stand,32397,32810,3,
liberty bay|temple~trainers:,stand,32397,32812,3,
liberty bay|temple~trainers:,stand,32400,32812,3,
liberty bay|temple~trainers:,node,32395,32815,2,
liberty bay|temple~trainers:,node,32395,32822,2,
liberty bay|temple~trainers:,stand,32395,32822,2,

# --- liberty bay|potions~trainers: (23 waypoints) ---
liberty bay|potions~trainers:,node,32352,32815,7,
liberty bay|potions~trainers:,node,32362,32815,7,
liberty bay|potions~trainers:,node,32373,32815,7,
liberty bay|potions~trainers:,node,32382,32814,7,
liberty bay|potions~trainers:,stand,32382,32815,7,
liberty bay|potions~trainers:,node,32387,32814,6,
liberty bay|potions~trainers:,node,32389,32808,6,
liberty bay|potions~trainers:,node,32391,32803,6,
liberty bay|potions~trainers:,stand,32391,32802,6,
liberty bay|potions~trainers:,node,32398,32801,5,
liberty bay|potions~trainers:,node,32405,32801,5,
liberty bay|potions~trainers:,node,32409,32805,5,
liberty bay|potions~trainers:,stand,32409,32806,5,
liberty bay|potions~trainers:,node,32409,32817,4,
liberty bay|potions~trainers:,node,32403,32817,4,
liberty bay|potions~trainers:,node,32398,32812,4,
liberty bay|potions~trainers:,stand,32398,32811,4,
liberty bay|potions~trainers:,stand,32397,32810,3,
liberty bay|potions~trainers:,stand,32397,32812,3,
liberty bay|potions~trainers:,stand,32400,32812,3,
liberty bay|potions~trainers:,node,32395,32815,2,
liberty bay|potions~trainers:,node,32395,32822,2,
liberty bay|potions~trainers:,stand,32395,32822,2,

# --- liberty bay|runes~trainers: (23 waypoints) ---
liberty bay|runes~trainers:,node,32352,32815,7,
liberty bay|runes~trainers:,node,32362,32815,7,
liberty bay|runes~trainers:,node,32373,32815,7,
liberty bay|runes~trainers:,node,32382,32814,7,
liberty bay|runes~trainers:,stand,32382,32815,7,
liberty bay|runes~trainers:,node,32387,32814,6,
liberty bay|runes~trainers:,node,32389,32808,6,
liberty bay|runes~trainers:,node,32391,32803,6,
liberty bay|runes~trainers:,stand,32391,32802,6,
liberty bay|runes~trainers:,node,32398,32801,5,
liberty bay|runes~trainers:,node,32405,32801,5,
liberty bay|runes~trainers:,node,32409,32805,5,
liberty bay|runes~trainers:,stand,32409,32806,5,
liberty bay|runes~trainers:,node,32409,32817,4,
liberty bay|runes~trainers:,node,32403,32817,4,
liberty bay|runes~trainers:,node,32398,32812,4,
liberty bay|runes~trainers:,stand,32398,32811,4,
liberty bay|runes~trainers:,stand,32397,32810,3,
liberty bay|runes~trainers:,stand,32397,32812,3,
liberty bay|runes~trainers:,stand,32400,32812,3,
liberty bay|runes~trainers:,node,32395,32815,2,
liberty bay|runes~trainers:,node,32395,32822,2,
liberty bay|runes~trainers:,stand,32395,32822,2,

# --- liberty bay|ammo~trainers: (31 waypoints) ---
liberty bay|ammo~trainers:,node,32300,32826,7,
liberty bay|ammo~trainers:,node,32308,32827,7,
liberty bay|ammo~trainers:,node,32313,32831,7,
liberty bay|ammo~trainers:,node,32321,32831,7,
liberty bay|ammo~trainers:,node,32325,32828,7,
liberty bay|ammo~trainers:,node,32335,32827,7,
liberty bay|ammo~trainers:,node,32340,32823,7,
liberty bay|ammo~trainers:,node,32341,32816,7,
liberty bay|ammo~trainers:,node,32352,32815,7,
liberty bay|ammo~trainers:,node,32362,32815,7,
liberty bay|ammo~trainers:,node,32373,32815,7,
liberty bay|ammo~trainers:,node,32382,32814,7,
liberty bay|ammo~trainers:,stand,32382,32815,7,
liberty bay|ammo~trainers:,node,32387,32814,6,
liberty bay|ammo~trainers:,node,32389,32808,6,
liberty bay|ammo~trainers:,node,32391,32803,6,
liberty bay|ammo~trainers:,stand,32391,32802,6,
liberty bay|ammo~trainers:,node,32398,32801,5,
liberty bay|ammo~trainers:,node,32405,32801,5,
liberty bay|ammo~trainers:,node,32409,32805,5,
liberty bay|ammo~trainers:,stand,32409,32806,5,
liberty bay|ammo~trainers:,node,32409,32817,4,
liberty bay|ammo~trainers:,node,32403,32817,4,
liberty bay|ammo~trainers:,node,32398,32812,4,
liberty bay|ammo~trainers:,stand,32398,32811,4,
liberty bay|ammo~trainers:,stand,32397,32810,3,
liberty bay|ammo~trainers:,stand,32397,32812,3,
liberty bay|ammo~trainers:,stand,32400,32812,3,
liberty bay|ammo~trainers:,node,32395,32815,2,
liberty bay|ammo~trainers:,node,32395,32822,2,
liberty bay|ammo~trainers:,stand,32395,32822,2,

# --- liberty bay|loot~trainers: (31 waypoints) ---
liberty bay|loot~trainers:,node,32300,32826,7,
liberty bay|loot~trainers:,node,32308,32827,7,
liberty bay|loot~trainers:,node,32313,32831,7,
liberty bay|loot~trainers:,node,32321,32831,7,
liberty bay|loot~trainers:,node,32325,32828,7,
liberty bay|loot~trainers:,node,32335,32827,7,
liberty bay|loot~trainers:,node,32340,32823,7,
liberty bay|loot~trainers:,node,32341,32816,7,
liberty bay|loot~trainers:,node,32352,32815,7,
liberty bay|loot~trainers:,node,32362,32815,7,
liberty bay|loot~trainers:,node,32373,32815,7,
liberty bay|loot~trainers:,node,32382,32814,7,
liberty bay|loot~trainers:,stand,32382,32815,7,
liberty bay|loot~trainers:,node,32387,32814,6,
liberty bay|loot~trainers:,node,32389,32808,6,
liberty bay|loot~trainers:,node,32391,32803,6,
liberty bay|loot~trainers:,stand,32391,32802,6,
liberty bay|loot~trainers:,node,32398,32801,5,
liberty bay|loot~trainers:,node,32405,32801,5,
liberty bay|loot~trainers:,node,32409,32805,5,
liberty bay|loot~trainers:,stand,32409,32806,5,
liberty bay|loot~trainers:,node,32409,32817,4,
liberty bay|loot~trainers:,node,32403,32817,4,
liberty bay|loot~trainers:,node,32398,32812,4,
liberty bay|loot~trainers:,stand,32398,32811,4,
liberty bay|loot~trainers:,stand,32397,32810,3,
liberty bay|loot~trainers:,stand,32397,32812,3,
liberty bay|loot~trainers:,stand,32400,32812,3,
liberty bay|loot~trainers:,node,32395,32815,2,
liberty bay|loot~trainers:,node,32395,32822,2,
liberty bay|loot~trainers:,stand,32395,32822,2,

# --- liberty bay|food~trainers: (31 waypoints) ---
liberty bay|food~trainers:,node,32302,32830,7,
liberty bay|food~trainers:,node,32308,32827,7,
liberty bay|food~trainers:,node,32313,32831,7,
liberty bay|food~trainers:,node,32321,32831,7,
liberty bay|food~trainers:,node,32325,32828,7,
liberty bay|food~trainers:,node,32335,32827,7,
liberty bay|food~trainers:,node,32340,32823,7,
liberty bay|food~trainers:,node,32341,32816,7,
liberty bay|food~trainers:,node,32352,32815,7,
liberty bay|food~trainers:,node,32362,32815,7,
liberty bay|food~trainers:,node,32373,32815,7,
liberty bay|food~trainers:,node,32382,32814,7,
liberty bay|food~trainers:,stand,32382,32815,7,
liberty bay|food~trainers:,node,32387,32814,6,
liberty bay|food~trainers:,node,32389,32808,6,
liberty bay|food~trainers:,node,32391,32803,6,
liberty bay|food~trainers:,stand,32391,32802,6,
liberty bay|food~trainers:,node,32398,32801,5,
liberty bay|food~trainers:,node,32405,32801,5,
liberty bay|food~trainers:,node,32409,32805,5,
liberty bay|food~trainers:,stand,32409,32806,5,
liberty bay|food~trainers:,node,32409,32817,4,
liberty bay|food~trainers:,node,32403,32817,4,
liberty bay|food~trainers:,node,32398,32812,4,
liberty bay|food~trainers:,stand,32398,32811,4,
liberty bay|food~trainers:,stand,32397,32810,3,
liberty bay|food~trainers:,stand,32397,32812,3,
liberty bay|food~trainers:,stand,32400,32812,3,
liberty bay|food~trainers:,node,32395,32815,2,
liberty bay|food~trainers:,node,32395,32822,2,
liberty bay|food~trainers:,stand,32395,32822,2,

# --- liberty bay|bank~trainers: (29 waypoints) ---
liberty bay|bank~trainers:,node,32328,32835,7,
liberty bay|bank~trainers:,node,32324,32833,7,
liberty bay|bank~trainers:,node,32325,32828,7,
liberty bay|bank~trainers:,node,32335,32827,7,
liberty bay|bank~trainers:,node,32340,32823,7,
liberty bay|bank~trainers:,node,32341,32816,7,
liberty bay|bank~trainers:,node,32352,32815,7,
liberty bay|bank~trainers:,node,32362,32815,7,
liberty bay|bank~trainers:,node,32373,32815,7,
liberty bay|bank~trainers:,node,32382,32814,7,
liberty bay|bank~trainers:,stand,32382,32815,7,
liberty bay|bank~trainers:,node,32387,32814,6,
liberty bay|bank~trainers:,node,32389,32808,6,
liberty bay|bank~trainers:,node,32391,32803,6,
liberty bay|bank~trainers:,stand,32391,32802,6,
liberty bay|bank~trainers:,node,32398,32801,5,
liberty bay|bank~trainers:,node,32405,32801,5,
liberty bay|bank~trainers:,node,32409,32805,5,
liberty bay|bank~trainers:,stand,32409,32806,5,
liberty bay|bank~trainers:,node,32409,32817,4,
liberty bay|bank~trainers:,node,32403,32817,4,
liberty bay|bank~trainers:,node,32398,32812,4,
liberty bay|bank~trainers:,stand,32398,32811,4,
liberty bay|bank~trainers:,stand,32397,32810,3,
liberty bay|bank~trainers:,stand,32397,32812,3,
liberty bay|bank~trainers:,stand,32400,32812,3,
liberty bay|bank~trainers:,node,32395,32815,2,
liberty bay|bank~trainers:,node,32395,32822,2,
liberty bay|bank~trainers:,stand,32395,32822,2,

# --- liberty bay|depot~trainers: (33 waypoints) ---
liberty bay|depot~trainers:,node,32335,32837,7,
liberty bay|depot~trainers:,stand,32336,32838,7,
liberty bay|depot~trainers:,node,32336,32837,6,
liberty bay|depot~trainers:,stand,32336,32838,6,
liberty bay|depot~trainers:,node,32328,32835,7,
liberty bay|depot~trainers:,node,32324,32833,7,
liberty bay|depot~trainers:,node,32325,32828,7,
liberty bay|depot~trainers:,node,32335,32827,7,
liberty bay|depot~trainers:,node,32340,32823,7,
liberty bay|depot~trainers:,node,32341,32816,7,
liberty bay|depot~trainers:,node,32352,32815,7,
liberty bay|depot~trainers:,node,32362,32815,7,
liberty bay|depot~trainers:,node,32373,32815,7,
liberty bay|depot~trainers:,node,32382,32814,7,
liberty bay|depot~trainers:,stand,32382,32815,7,
liberty bay|depot~trainers:,node,32387,32814,6,
liberty bay|depot~trainers:,node,32389,32808,6,
liberty bay|depot~trainers:,node,32391,32803,6,
liberty bay|depot~trainers:,stand,32391,32802,6,
liberty bay|depot~trainers:,node,32398,32801,5,
liberty bay|depot~trainers:,node,32405,32801,5,
liberty bay|depot~trainers:,node,32409,32805,5,
liberty bay|depot~trainers:,stand,32409,32806,5,
liberty bay|depot~trainers:,node,32409,32817,4,
liberty bay|depot~trainers:,node,32403,32817,4,
liberty bay|depot~trainers:,node,32398,32812,4,
liberty bay|depot~trainers:,stand,32398,32811,4,
liberty bay|depot~trainers:,stand,32397,32810,3,
liberty bay|depot~trainers:,stand,32397,32812,3,
liberty bay|depot~trainers:,stand,32400,32812,3,
liberty bay|depot~trainers:,node,32395,32815,2,
liberty bay|depot~trainers:,node,32395,32822,2,
liberty bay|depot~trainers:,stand,32395,32822,2,

# --- liberty bay|boat~west.exit: (17 waypoints) ---
liberty bay|boat~west.exit:,node,32278,32893,6,
liberty bay|boat~west.exit:,node,32277,32884,6,
liberty bay|boat~west.exit:,node,32282,32874,6,
liberty bay|boat~west.exit:,node,32295,32873,6,
liberty bay|boat~west.exit:,node,32305,32869,6,
liberty bay|boat~west.exit:,stand,32306,32868,6,
liberty bay|boat~west.exit:,node,32304,32861,7,
liberty bay|boat~west.exit:,node,32295,32861,7,
liberty bay|boat~west.exit:,node,32286,32859,7,
liberty bay|boat~west.exit:,node,32282,32852,7,
liberty bay|boat~west.exit:,node,32281,32843,7,
liberty bay|boat~west.exit:,node,32275,32837,7,
liberty bay|boat~west.exit:,node,32275,32829,7,
liberty bay|boat~west.exit:,node,32273,32822,7,
liberty bay|boat~west.exit:,node,32266,32817,7,
liberty bay|boat~west.exit:,node,32259,32817,7,
liberty bay|boat~west.exit:,node,32252,32817,7,

# --- liberty bay|depot~west.exit: (19 waypoints) ---
liberty bay|depot~west.exit:,node,32335,32837,7,
liberty bay|depot~west.exit:,stand,32336,32838,7,
liberty bay|depot~west.exit:,node,32337,32838,6,
liberty bay|depot~west.exit:,stand,32336,32838,6,
liberty bay|depot~west.exit:,node,32331,32835,7,
liberty bay|depot~west.exit:,node,32323,32835,7,
liberty bay|depot~west.exit:,node,32316,32833,7,
liberty bay|depot~west.exit:,node,32311,32831,7,
liberty bay|depot~west.exit:,node,32308,32827,7,
liberty bay|depot~west.exit:,node,32301,32826,7,
liberty bay|depot~west.exit:,node,32294,32825,7,
liberty bay|depot~west.exit:,node,32288,32825,7,
liberty bay|depot~west.exit:,node,32287,32820,7,
liberty bay|depot~west.exit:,node,32286,32815,7,
liberty bay|depot~west.exit:,node,32278,32815,7,
liberty bay|depot~west.exit:,node,32271,32815,7,
liberty bay|depot~west.exit:,node,32266,32817,7,
liberty bay|depot~west.exit:,node,32259,32817,7,
liberty bay|depot~west.exit:,node,32252,32817,7,

# --- liberty bay|potions~west.exit: (20 waypoints) ---
liberty bay|potions~west.exit:,node,32343,32815,7,
liberty bay|potions~west.exit:,node,32340,32818,7,
liberty bay|potions~west.exit:,node,32340,32824,7,
liberty bay|potions~west.exit:,node,32337,32827,7,
liberty bay|potions~west.exit:,node,32330,32827,7,
liberty bay|potions~west.exit:,node,32325,32828,7,
liberty bay|potions~west.exit:,node,32322,32831,7,
liberty bay|potions~west.exit:,node,32316,32831,7,
liberty bay|potions~west.exit:,node,32311,32831,7,
liberty bay|potions~west.exit:,node,32308,32827,7,
liberty bay|potions~west.exit:,node,32301,32826,7,
liberty bay|potions~west.exit:,node,32294,32825,7,
liberty bay|potions~west.exit:,node,32288,32825,7,
liberty bay|potions~west.exit:,node,32287,32820,7,
liberty bay|potions~west.exit:,node,32286,32815,7,
liberty bay|potions~west.exit:,node,32278,32815,7,
liberty bay|potions~west.exit:,node,32271,32815,7,
liberty bay|potions~west.exit:,node,32266,32817,7,
liberty bay|potions~west.exit:,node,32259,32817,7,
liberty bay|potions~west.exit:,node,32252,32817,7,

# --- liberty bay|runes~west.exit: (20 waypoints) ---
liberty bay|runes~west.exit:,node,32343,32815,7,
liberty bay|runes~west.exit:,node,32340,32818,7,
liberty bay|runes~west.exit:,node,32340,32824,7,
liberty bay|runes~west.exit:,node,32337,32827,7,
liberty bay|runes~west.exit:,node,32330,32827,7,
liberty bay|runes~west.exit:,node,32325,32828,7,
liberty bay|runes~west.exit:,node,32322,32831,7,
liberty bay|runes~west.exit:,node,32316,32831,7,
liberty bay|runes~west.exit:,node,32311,32831,7,
liberty bay|runes~west.exit:,node,32308,32827,7,
liberty bay|runes~west.exit:,node,32301,32826,7,
liberty bay|runes~west.exit:,node,32294,32825,7,
liberty bay|runes~west.exit:,node,32288,32825,7,
liberty bay|runes~west.exit:,node,32287,32820,7,
liberty bay|runes~west.exit:,node,32286,32815,7,
liberty bay|runes~west.exit:,node,32278,32815,7,
liberty bay|runes~west.exit:,node,32271,32815,7,
liberty bay|runes~west.exit:,node,32266,32817,7,
liberty bay|runes~west.exit:,node,32259,32817,7,
liberty bay|runes~west.exit:,node,32252,32817,7,

# --- liberty bay|ammo~west.exit: (7 waypoints) ---
liberty bay|ammo~west.exit:,node,32288,32820,7,
liberty bay|ammo~west.exit:,node,32286,32815,7,
liberty bay|ammo~west.exit:,node,32278,32815,7,
liberty bay|ammo~west.exit:,node,32271,32815,7,
liberty bay|ammo~west.exit:,node,32266,32817,7,
liberty bay|ammo~west.exit:,node,32259,32817,7,
liberty bay|ammo~west.exit:,node,32252,32817,7,

# --- liberty bay|loot~west.exit: (7 waypoints) ---
liberty bay|loot~west.exit:,node,32288,32820,7,
liberty bay|loot~west.exit:,node,32286,32815,7,
liberty bay|loot~west.exit:,node,32278,32815,7,
liberty bay|loot~west.exit:,node,32271,32815,7,
liberty bay|loot~west.exit:,node,32266,32817,7,
liberty bay|loot~west.exit:,node,32259,32817,7,
liberty bay|loot~west.exit:,node,32252,32817,7,

# --- liberty bay|temple~west.exit: (14 waypoints) ---
liberty bay|temple~west.exit:,stand,32314,32821,6,
liberty bay|temple~west.exit:,node,32315,32826,7,
liberty bay|temple~west.exit:,node,32311,32831,7,
liberty bay|temple~west.exit:,node,32308,32827,7,
liberty bay|temple~west.exit:,node,32301,32826,7,
liberty bay|temple~west.exit:,node,32294,32825,7,
liberty bay|temple~west.exit:,node,32288,32825,7,
liberty bay|temple~west.exit:,node,32287,32820,7,
liberty bay|temple~west.exit:,node,32286,32815,7,
liberty bay|temple~west.exit:,node,32278,32815,7,
liberty bay|temple~west.exit:,node,32271,32815,7,
liberty bay|temple~west.exit:,node,32266,32817,7,
liberty bay|temple~west.exit:,node,32259,32817,7,
liberty bay|temple~west.exit:,node,32252,32817,7,

# --- liberty bay|bank~west.exit: (15 waypoints) ---
liberty bay|bank~west.exit:,node,32331,32835,7,
liberty bay|bank~west.exit:,node,32323,32835,7,
liberty bay|bank~west.exit:,node,32316,32833,7,
liberty bay|bank~west.exit:,node,32311,32831,7,
liberty bay|bank~west.exit:,node,32308,32827,7,
liberty bay|bank~west.exit:,node,32301,32826,7,
liberty bay|bank~west.exit:,node,32294,32825,7,
liberty bay|bank~west.exit:,node,32288,32825,7,
liberty bay|bank~west.exit:,node,32287,32820,7,
liberty bay|bank~west.exit:,node,32286,32815,7,
liberty bay|bank~west.exit:,node,32278,32815,7,
liberty bay|bank~west.exit:,node,32271,32815,7,
liberty bay|bank~west.exit:,node,32266,32817,7,
liberty bay|bank~west.exit:,node,32259,32817,7,
liberty bay|bank~west.exit:,node,32252,32817,7,

# --- liberty bay|food~west.exit: (11 waypoints) ---
liberty bay|food~west.exit:,node,32302,32830,7,
liberty bay|food~west.exit:,node,32301,32827,7,
liberty bay|food~west.exit:,node,32294,32825,7,
liberty bay|food~west.exit:,node,32288,32825,7,
liberty bay|food~west.exit:,node,32287,32820,7,
liberty bay|food~west.exit:,node,32286,32815,7,
liberty bay|food~west.exit:,node,32278,32815,7,
liberty bay|food~west.exit:,node,32271,32815,7,
liberty bay|food~west.exit:,node,32266,32817,7,
liberty bay|food~west.exit:,node,32259,32817,7,
liberty bay|food~west.exit:,node,32252,32817,7,

# --- liberty bay|trainers~west.exit: (39 waypoints) ---
liberty bay|trainers~west.exit:,node,32395,32815,2,
liberty bay|trainers~west.exit:,stand,32400,32812,2,
liberty bay|trainers~west.exit:,stand,32398,32811,3,
liberty bay|trainers~west.exit:,node,32401,32816,4,
liberty bay|trainers~west.exit:,node,32409,32817,4,
liberty bay|trainers~west.exit:,node,32409,32807,4,
liberty bay|trainers~west.exit:,stand,32409,32806,4,
liberty bay|trainers~west.exit:,node,32406,32801,5,
liberty bay|trainers~west.exit:,node,32398,32801,5,
liberty bay|trainers~west.exit:,node,32391,32801,5,
liberty bay|trainers~west.exit:,stand,32391,32802,5,
liberty bay|trainers~west.exit:,node,32388,32808,6,
liberty bay|trainers~west.exit:,node,32387,32812,6,
liberty bay|trainers~west.exit:,node,32383,32816,6,
liberty bay|trainers~west.exit:,stand,32383,32815,6,
liberty bay|trainers~west.exit:,node,32375,32814,7,
liberty bay|trainers~west.exit:,node,32367,32815,7,
liberty bay|trainers~west.exit:,node,32358,32815,7,
liberty bay|trainers~west.exit:,node,32350,32815,7,
liberty bay|trainers~west.exit:,node,32343,32815,7,
liberty bay|trainers~west.exit:,node,32340,32818,7,
liberty bay|trainers~west.exit:,node,32340,32824,7,
liberty bay|trainers~west.exit:,node,32337,32827,7,
liberty bay|trainers~west.exit:,node,32330,32827,7,
liberty bay|trainers~west.exit:,node,32325,32828,7,
liberty bay|trainers~west.exit:,node,32322,32831,7,
liberty bay|trainers~west.exit:,node,32316,32831,7,
liberty bay|trainers~west.exit:,node,32311,32831,7,
liberty bay|trainers~west.exit:,node,32308,32827,7,
liberty bay|trainers~west.exit:,node,32301,32826,7,
liberty bay|trainers~west.exit:,node,32294,32825,7,
liberty bay|trainers~west.exit:,node,32288,32825,7,
liberty bay|trainers~west.exit:,node,32287,32820,7,
liberty bay|trainers~west.exit:,node,32286,32815,7,
liberty bay|trainers~west.exit:,node,32278,32815,7,
liberty bay|trainers~west.exit:,node,32271,32815,7,
liberty bay|trainers~west.exit:,node,32266,32817,7,
liberty bay|trainers~west.exit:,node,32259,32817,7,
liberty bay|trainers~west.exit:,node,32252,32817,7,

# --- liberty bay|west.exit~west.exit: (1 waypoints) ---
liberty bay|west.exit~west.exit:,node,32252,32817,7,

# --- liberty bay|west.exit~boat: (20 waypoints) ---
liberty bay|west.exit~boat:,node,32262,32817,7,
liberty bay|west.exit~boat:,node,32269,32818,7,
liberty bay|west.exit~boat:,node,32273,32823,7,
liberty bay|west.exit~boat:,node,32275,32830,7,
liberty bay|west.exit~boat:,node,32275,32836,7,
liberty bay|west.exit~boat:,node,32280,32840,7,
liberty bay|west.exit~boat:,node,32282,32848,7,
liberty bay|west.exit~boat:,node,32283,32855,7,
liberty bay|west.exit~boat:,node,32287,32860,7,
liberty bay|west.exit~boat:,node,32296,32861,7,
liberty bay|west.exit~boat:,node,32304,32863,7,
liberty bay|west.exit~boat:,node,32306,32868,7,
liberty bay|west.exit~boat:,ladder,32306,32868,7,
liberty bay|west.exit~boat:,node,32298,32873,6,
liberty bay|west.exit~boat:,node,32289,32873,6,
liberty bay|west.exit~boat:,node,32280,32873,6,
liberty bay|west.exit~boat:,node,32277,32878,6,
liberty bay|west.exit~boat:,node,32277,32887,6,
liberty bay|west.exit~boat:,node,32279,32893,6,
liberty bay|west.exit~boat:,node,32284,32893,6,

# --- liberty bay|west.exit~depot: (14 waypoints) ---
liberty bay|west.exit~depot:,node,32262,32817,7,
liberty bay|west.exit~depot:,node,32267,32815,7,
liberty bay|west.exit~depot:,node,32275,32815,7,
liberty bay|west.exit~depot:,node,32282,32815,7,
liberty bay|west.exit~depot:,node,32287,32820,7,
liberty bay|west.exit~depot:,node,32288,32825,7,
liberty bay|west.exit~depot:,node,32295,32826,7,
liberty bay|west.exit~depot:,node,32302,32826,7,
liberty bay|west.exit~depot:,node,32308,32827,7,
liberty bay|west.exit~depot:,node,32312,32832,7,
liberty bay|west.exit~depot:,node,32320,32834,7,
liberty bay|west.exit~depot:,node,32328,32835,7,
liberty bay|west.exit~depot:,node,32335,32837,7,
liberty bay|west.exit~depot:,stand,32336,32838,7,

# --- liberty bay|west.exit~potions: (18 waypoints) ---
liberty bay|west.exit~potions:,node,32262,32817,7,
liberty bay|west.exit~potions:,node,32267,32815,7,
liberty bay|west.exit~potions:,node,32275,32815,7,
liberty bay|west.exit~potions:,node,32282,32815,7,
liberty bay|west.exit~potions:,node,32287,32820,7,
liberty bay|west.exit~potions:,node,32288,32825,7,
liberty bay|west.exit~potions:,node,32295,32826,7,
liberty bay|west.exit~potions:,node,32302,32826,7,
liberty bay|west.exit~potions:,node,32308,32827,7,
liberty bay|west.exit~potions:,node,32312,32832,7,
liberty bay|west.exit~potions:,node,32320,32832,7,
liberty bay|west.exit~potions:,node,32325,32828,7,
liberty bay|west.exit~potions:,node,32332,32828,7,
liberty bay|west.exit~potions:,node,32339,32827,7,
liberty bay|west.exit~potions:,node,32340,32821,7,
liberty bay|west.exit~potions:,node,32344,32815,7,
liberty bay|west.exit~potions:,node,32345,32810,7,
liberty bay|west.exit~potions:,stand,32345,32810,7,

# --- liberty bay|west.exit~runes: (18 waypoints) ---
liberty bay|west.exit~runes:,node,32262,32817,7,
liberty bay|west.exit~runes:,node,32267,32815,7,
liberty bay|west.exit~runes:,node,32275,32815,7,
liberty bay|west.exit~runes:,node,32282,32815,7,
liberty bay|west.exit~runes:,node,32287,32820,7,
liberty bay|west.exit~runes:,node,32288,32825,7,
liberty bay|west.exit~runes:,node,32295,32826,7,
liberty bay|west.exit~runes:,node,32302,32826,7,
liberty bay|west.exit~runes:,node,32308,32827,7,
liberty bay|west.exit~runes:,node,32312,32832,7,
liberty bay|west.exit~runes:,node,32320,32832,7,
liberty bay|west.exit~runes:,node,32325,32828,7,
liberty bay|west.exit~runes:,node,32332,32828,7,
liberty bay|west.exit~runes:,node,32339,32827,7,
liberty bay|west.exit~runes:,node,32340,32821,7,
liberty bay|west.exit~runes:,node,32344,32815,7,
liberty bay|west.exit~runes:,node,32345,32810,7,
liberty bay|west.exit~runes:,stand,32345,32810,7,

# --- liberty bay|west.exit~ammo: (7 waypoints) ---
liberty bay|west.exit~ammo:,node,32262,32817,7,
liberty bay|west.exit~ammo:,node,32267,32815,7,
liberty bay|west.exit~ammo:,node,32275,32815,7,
liberty bay|west.exit~ammo:,node,32282,32815,7,
liberty bay|west.exit~ammo:,node,32287,32818,7,
liberty bay|west.exit~ammo:,node,32293,32820,7,
liberty bay|west.exit~ammo:,stand,32293,32820,7,

# --- liberty bay|west.exit~loot: (7 waypoints) ---
liberty bay|west.exit~loot:,node,32262,32817,7,
liberty bay|west.exit~loot:,node,32267,32815,7,
liberty bay|west.exit~loot:,node,32275,32815,7,
liberty bay|west.exit~loot:,node,32282,32815,7,
liberty bay|west.exit~loot:,node,32287,32818,7,
liberty bay|west.exit~loot:,node,32293,32820,7,
liberty bay|west.exit~loot:,stand,32293,32820,7,

# --- liberty bay|west.exit~temple: (11 waypoints) ---
liberty bay|west.exit~temple:,node,32262,32817,7,
liberty bay|west.exit~temple:,node,32267,32815,7,
liberty bay|west.exit~temple:,node,32275,32815,7,
liberty bay|west.exit~temple:,node,32282,32815,7,
liberty bay|west.exit~temple:,node,32287,32820,7,
liberty bay|west.exit~temple:,node,32288,32825,7,
liberty bay|west.exit~temple:,node,32295,32826,7,
liberty bay|west.exit~temple:,node,32302,32826,7,
liberty bay|west.exit~temple:,node,32308,32827,7,
liberty bay|west.exit~temple:,node,32312,32831,7,
liberty bay|west.exit~temple:,node,32316,32827,7,

# --- liberty bay|west.exit~bank: (14 waypoints) ---
liberty bay|west.exit~bank:,node,32262,32817,7,
liberty bay|west.exit~bank:,node,32267,32815,7,
liberty bay|west.exit~bank:,node,32275,32815,7,
liberty bay|west.exit~bank:,node,32282,32815,7,
liberty bay|west.exit~bank:,node,32287,32820,7,
liberty bay|west.exit~bank:,node,32288,32825,7,
liberty bay|west.exit~bank:,node,32295,32826,7,
liberty bay|west.exit~bank:,node,32302,32826,7,
liberty bay|west.exit~bank:,node,32308,32827,7,
liberty bay|west.exit~bank:,node,32312,32832,7,
liberty bay|west.exit~bank:,node,32320,32834,7,
liberty bay|west.exit~bank:,node,32328,32835,7,
liberty bay|west.exit~bank:,node,32338,32836,7,
liberty bay|west.exit~bank:,stand,32338,32836,7,

# --- liberty bay|west.exit~food: (10 waypoints) ---
liberty bay|west.exit~food:,node,32262,32817,7,
liberty bay|west.exit~food:,node,32267,32815,7,
liberty bay|west.exit~food:,node,32275,32815,7,
liberty bay|west.exit~food:,node,32282,32815,7,
liberty bay|west.exit~food:,node,32287,32820,7,
liberty bay|west.exit~food:,node,32288,32825,7,
liberty bay|west.exit~food:,node,32295,32826,7,
liberty bay|west.exit~food:,node,32302,32828,7,
liberty bay|west.exit~food:,node,32300,32832,7,
liberty bay|west.exit~food:,stand,32300,32832,7,

# --- liberty bay|west.exit~trainers: (39 waypoints) ---
liberty bay|west.exit~trainers:,node,32262,32817,7,
liberty bay|west.exit~trainers:,node,32267,32815,7,
liberty bay|west.exit~trainers:,node,32275,32815,7,
liberty bay|west.exit~trainers:,node,32282,32815,7,
liberty bay|west.exit~trainers:,node,32287,32820,7,
liberty bay|west.exit~trainers:,node,32288,32825,7,
liberty bay|west.exit~trainers:,node,32295,32826,7,
liberty bay|west.exit~trainers:,node,32302,32826,7,
liberty bay|west.exit~trainers:,node,32308,32827,7,
liberty bay|west.exit~trainers:,node,32312,32832,7,
liberty bay|west.exit~trainers:,node,32320,32832,7,
liberty bay|west.exit~trainers:,node,32325,32828,7,
liberty bay|west.exit~trainers:,node,32332,32828,7,
liberty bay|west.exit~trainers:,node,32339,32827,7,
liberty bay|west.exit~trainers:,node,32340,32821,7,
liberty bay|west.exit~trainers:,node,32344,32815,7,
liberty bay|west.exit~trainers:,node,32353,32815,7,
liberty bay|west.exit~trainers:,node,32362,32815,7,
liberty bay|west.exit~trainers:,node,32371,32815,7,
liberty bay|west.exit~trainers:,node,32381,32814,7,
liberty bay|west.exit~trainers:,stand,32382,32815,7,
liberty bay|west.exit~trainers:,node,32387,32814,6,
liberty bay|west.exit~trainers:,node,32389,32808,6,
liberty bay|west.exit~trainers:,node,32391,32803,6,
liberty bay|west.exit~trainers:,stand,32391,32802,6,
liberty bay|west.exit~trainers:,node,32398,32801,5,
liberty bay|west.exit~trainers:,node,32405,32801,5,
liberty bay|west.exit~trainers:,node,32409,32805,5,
liberty bay|west.exit~trainers:,stand,32409,32806,5,
liberty bay|west.exit~trainers:,node,32409,32817,4,
liberty bay|west.exit~trainers:,node,32403,32817,4,
liberty bay|west.exit~trainers:,node,32398,32812,4,
liberty bay|west.exit~trainers:,stand,32398,32811,4,
liberty bay|west.exit~trainers:,stand,32397,32810,3,
liberty bay|west.exit~trainers:,stand,32397,32812,3,
liberty bay|west.exit~trainers:,stand,32400,32812,3,
liberty bay|west.exit~trainers:,node,32395,32815,2,
liberty bay|west.exit~trainers:,node,32395,32822,2,
liberty bay|west.exit~trainers:,stand,32395,32822,2,

# --- liberty bay|boat~south.exit: (8 waypoints) ---
liberty bay|boat~south.exit:,node,32277,32892,6,
liberty bay|boat~south.exit:,node,32277,32883,6,
liberty bay|boat~south.exit:,node,32277,32875,6,
liberty bay|boat~south.exit:,node,32285,32873,6,
liberty bay|boat~south.exit:,node,32296,32872,6,
liberty bay|boat~south.exit:,node,32305,32869,6,
liberty bay|boat~south.exit:,stand,32306,32868,6,
liberty bay|boat~south.exit:,node,32306,32861,7,

# --- liberty bay|temple~south.exit: (8 waypoints) ---
liberty bay|temple~south.exit:,node,32314,32820,6,
liberty bay|temple~south.exit:,stand,32314,32821,6,
liberty bay|temple~south.exit:,node,32315,32827,7,
liberty bay|temple~south.exit:,node,32314,32834,7,
liberty bay|temple~south.exit:,node,32311,32842,7,
liberty bay|temple~south.exit:,node,32311,32849,7,
liberty bay|temple~south.exit:,node,32311,32857,7,
liberty bay|temple~south.exit:,node,32306,32861,7,

# --- liberty bay|depot~south.exit: (11 waypoints) ---
liberty bay|depot~south.exit:,node,32335,32837,7,
liberty bay|depot~south.exit:,stand,32336,32838,7,
liberty bay|depot~south.exit:,node,32337,32838,6,
liberty bay|depot~south.exit:,stand,32336,32838,6,
liberty bay|depot~south.exit:,node,32330,32836,7,
liberty bay|depot~south.exit:,node,32324,32836,7,
liberty bay|depot~south.exit:,node,32318,32838,7,
liberty bay|depot~south.exit:,node,32311,32842,7,
liberty bay|depot~south.exit:,node,32311,32849,7,
liberty bay|depot~south.exit:,node,32311,32857,7,
liberty bay|depot~south.exit:,node,32306,32861,7,

# --- liberty bay|bank~south.exit: (7 waypoints) ---
liberty bay|bank~south.exit:,node,32330,32836,7,
liberty bay|bank~south.exit:,node,32324,32836,7,
liberty bay|bank~south.exit:,node,32318,32838,7,
liberty bay|bank~south.exit:,node,32311,32842,7,
liberty bay|bank~south.exit:,node,32311,32849,7,
liberty bay|bank~south.exit:,node,32311,32857,7,
liberty bay|bank~south.exit:,node,32306,32861,7,

# --- liberty bay|potions~south.exit: (12 waypoints) ---
liberty bay|potions~south.exit:,node,32346,32815,7,
liberty bay|potions~south.exit:,node,32341,32816,7,
liberty bay|potions~south.exit:,node,32340,32822,7,
liberty bay|potions~south.exit:,node,32337,32827,7,
liberty bay|potions~south.exit:,node,32329,32827,7,
liberty bay|potions~south.exit:,node,32324,32829,7,
liberty bay|potions~south.exit:,node,32322,32834,7,
liberty bay|potions~south.exit:,node,32318,32838,7,
liberty bay|potions~south.exit:,node,32311,32842,7,
liberty bay|potions~south.exit:,node,32311,32849,7,
liberty bay|potions~south.exit:,node,32311,32857,7,
liberty bay|potions~south.exit:,node,32306,32861,7,

# --- liberty bay|runes~south.exit: (12 waypoints) ---
liberty bay|runes~south.exit:,node,32346,32815,7,
liberty bay|runes~south.exit:,node,32341,32816,7,
liberty bay|runes~south.exit:,node,32340,32822,7,
liberty bay|runes~south.exit:,node,32337,32827,7,
liberty bay|runes~south.exit:,node,32329,32827,7,
liberty bay|runes~south.exit:,node,32324,32829,7,
liberty bay|runes~south.exit:,node,32322,32834,7,
liberty bay|runes~south.exit:,node,32318,32838,7,
liberty bay|runes~south.exit:,node,32311,32842,7,
liberty bay|runes~south.exit:,node,32311,32849,7,
liberty bay|runes~south.exit:,node,32311,32857,7,
liberty bay|runes~south.exit:,node,32306,32861,7,

# --- liberty bay|food~south.exit: (5 waypoints) ---
liberty bay|food~south.exit:,node,32304,32838,7,
liberty bay|food~south.exit:,node,32311,32842,7,
liberty bay|food~south.exit:,node,32311,32849,7,
liberty bay|food~south.exit:,node,32311,32857,7,
liberty bay|food~south.exit:,node,32306,32861,7,

# --- liberty bay|ammo~south.exit: (8 waypoints) ---
liberty bay|ammo~south.exit:,node,32294,32825,7,
liberty bay|ammo~south.exit:,node,32301,32827,7,
liberty bay|ammo~south.exit:,node,32310,32828,7,
liberty bay|ammo~south.exit:,node,32311,32834,7,
liberty bay|ammo~south.exit:,node,32311,32842,7,
liberty bay|ammo~south.exit:,node,32311,32849,7,
liberty bay|ammo~south.exit:,node,32311,32857,7,
liberty bay|ammo~south.exit:,node,32306,32861,7,

# --- liberty bay|loot~south.exit: (8 waypoints) ---
liberty bay|loot~south.exit:,node,32294,32825,7,
liberty bay|loot~south.exit:,node,32301,32827,7,
liberty bay|loot~south.exit:,node,32310,32828,7,
liberty bay|loot~south.exit:,node,32311,32834,7,
liberty bay|loot~south.exit:,node,32311,32842,7,
liberty bay|loot~south.exit:,node,32311,32849,7,
liberty bay|loot~south.exit:,node,32311,32857,7,
liberty bay|loot~south.exit:,node,32306,32861,7,

# --- liberty bay|west.exit~south.exit: (10 waypoints) ---
liberty bay|west.exit~south.exit:,node,32268,32818,7,
liberty bay|west.exit~south.exit:,node,32273,32821,7,
liberty bay|west.exit~south.exit:,node,32275,32829,7,
liberty bay|west.exit~south.exit:,node,32275,32835,7,
liberty bay|west.exit~south.exit:,node,32279,32840,7,
liberty bay|west.exit~south.exit:,node,32282,32847,7,
liberty bay|west.exit~south.exit:,node,32283,32855,7,
liberty bay|west.exit~south.exit:,node,32289,32860,7,
liberty bay|west.exit~south.exit:,node,32298,32861,7,
liberty bay|west.exit~south.exit:,node,32306,32861,7,

# --- liberty bay|trainers~south.exit: (30 waypoints) ---
liberty bay|trainers~south.exit:,node,32395,32815,2,
liberty bay|trainers~south.exit:,stand,32400,32812,2,
liberty bay|trainers~south.exit:,stand,32398,32811,3,
liberty bay|trainers~south.exit:,node,32401,32816,4,
liberty bay|trainers~south.exit:,node,32409,32817,4,
liberty bay|trainers~south.exit:,node,32409,32807,4,
liberty bay|trainers~south.exit:,stand,32409,32806,4,
liberty bay|trainers~south.exit:,node,32406,32801,5,
liberty bay|trainers~south.exit:,node,32398,32801,5,
liberty bay|trainers~south.exit:,node,32391,32801,5,
liberty bay|trainers~south.exit:,stand,32391,32802,5,
liberty bay|trainers~south.exit:,node,32388,32808,6,
liberty bay|trainers~south.exit:,node,32387,32812,6,
liberty bay|trainers~south.exit:,node,32383,32816,6,
liberty bay|trainers~south.exit:,stand,32383,32815,6,
liberty bay|trainers~south.exit:,node,32372,32815,7,
liberty bay|trainers~south.exit:,node,32363,32815,7,
liberty bay|trainers~south.exit:,node,32354,32815,7,
liberty bay|trainers~south.exit:,node,32346,32815,7,
liberty bay|trainers~south.exit:,node,32341,32816,7,
liberty bay|trainers~south.exit:,node,32340,32822,7,
liberty bay|trainers~south.exit:,node,32337,32827,7,
liberty bay|trainers~south.exit:,node,32329,32827,7,
liberty bay|trainers~south.exit:,node,32324,32829,7,
liberty bay|trainers~south.exit:,node,32322,32834,7,
liberty bay|trainers~south.exit:,node,32318,32838,7,
liberty bay|trainers~south.exit:,node,32311,32842,7,
liberty bay|trainers~south.exit:,node,32311,32849,7,
liberty bay|trainers~south.exit:,node,32311,32857,7,
liberty bay|trainers~south.exit:,node,32306,32861,7,

# --- liberty bay|south.exit~south.exit: (1 waypoints) ---
liberty bay|south.exit~south.exit:,node,32306,32861,7,

# --- liberty bay|south.exit~boat: (8 waypoints) ---
liberty bay|south.exit~boat:,node,32311,32857,7,
liberty bay|south.exit~boat:,node,32311,32850,7,
liberty bay|south.exit~boat:,node,32311,32843,7,
liberty bay|south.exit~boat:,node,32315,32839,7,
liberty bay|south.exit~boat:,node,32322,32837,7,
liberty bay|south.exit~boat:,node,32329,32836,7,
liberty bay|south.exit~boat:,node,32338,32836,7,
liberty bay|south.exit~boat:,stand,32338,32836,7,

# --- liberty bay|south.exit~depot: (8 waypoints) ---
liberty bay|south.exit~depot:,node,32311,32857,7,
liberty bay|south.exit~depot:,node,32311,32850,7,
liberty bay|south.exit~depot:,node,32311,32843,7,
liberty bay|south.exit~depot:,node,32315,32839,7,
liberty bay|south.exit~depot:,node,32322,32837,7,
liberty bay|south.exit~depot:,node,32329,32836,7,
liberty bay|south.exit~depot:,node,32335,32837,7,
liberty bay|south.exit~depot:,stand,32336,32838,7,

# --- liberty bay|south.exit~potions: (13 waypoints) ---
liberty bay|south.exit~potions:,node,32311,32857,7,
liberty bay|south.exit~potions:,node,32311,32850,7,
liberty bay|south.exit~potions:,node,32311,32843,7,
liberty bay|south.exit~potions:,node,32315,32839,7,
liberty bay|south.exit~potions:,node,32322,32837,7,
liberty bay|south.exit~potions:,node,32323,32831,7,
liberty bay|south.exit~potions:,node,32328,32827,7,
liberty bay|south.exit~potions:,node,32335,32827,7,
liberty bay|south.exit~potions:,node,32340,32823,7,
liberty bay|south.exit~potions:,node,32341,32817,7,
liberty bay|south.exit~potions:,node,32345,32815,7,
liberty bay|south.exit~potions:,node,32346,32810,7,
liberty bay|south.exit~potions:,stand,32346,32810,7,

# --- liberty bay|south.exit~runes: (13 waypoints) ---
liberty bay|south.exit~runes:,node,32311,32857,7,
liberty bay|south.exit~runes:,node,32311,32850,7,
liberty bay|south.exit~runes:,node,32311,32843,7,
liberty bay|south.exit~runes:,node,32315,32839,7,
liberty bay|south.exit~runes:,node,32322,32837,7,
liberty bay|south.exit~runes:,node,32323,32831,7,
liberty bay|south.exit~runes:,node,32328,32827,7,
liberty bay|south.exit~runes:,node,32335,32827,7,
liberty bay|south.exit~runes:,node,32340,32823,7,
liberty bay|south.exit~runes:,node,32341,32817,7,
liberty bay|south.exit~runes:,node,32345,32815,7,
liberty bay|south.exit~runes:,node,32346,32810,7,
liberty bay|south.exit~runes:,stand,32346,32810,7,

# --- liberty bay|south.exit~ammo: (9 waypoints) ---
liberty bay|south.exit~ammo:,node,32311,32857,7,
liberty bay|south.exit~ammo:,node,32311,32850,7,
liberty bay|south.exit~ammo:,node,32311,32843,7,
liberty bay|south.exit~ammo:,node,32311,32835,7,
liberty bay|south.exit~ammo:,node,32310,32828,7,
liberty bay|south.exit~ammo:,node,32303,32827,7,
liberty bay|south.exit~ammo:,node,32294,32825,7,
liberty bay|south.exit~ammo:,node,32294,32820,7,
liberty bay|south.exit~ammo:,stand,32294,32820,7,

# --- liberty bay|south.exit~loot: (9 waypoints) ---
liberty bay|south.exit~loot:,node,32311,32857,7,
liberty bay|south.exit~loot:,node,32311,32850,7,
liberty bay|south.exit~loot:,node,32311,32843,7,
liberty bay|south.exit~loot:,node,32311,32835,7,
liberty bay|south.exit~loot:,node,32310,32828,7,
liberty bay|south.exit~loot:,node,32303,32827,7,
liberty bay|south.exit~loot:,node,32294,32825,7,
liberty bay|south.exit~loot:,node,32294,32820,7,
liberty bay|south.exit~loot:,stand,32294,32820,7,

# --- liberty bay|south.exit~food: (4 waypoints) ---
liberty bay|south.exit~food:,node,32311,32857,7,
liberty bay|south.exit~food:,node,32311,32850,7,
liberty bay|south.exit~food:,node,32311,32843,7,
liberty bay|south.exit~food:,node,32313,32834,7,

# --- liberty bay|south.exit~temple: (7 waypoints) ---
liberty bay|south.exit~temple:,node,32316,32826,7,
liberty bay|south.exit~temple:,node,32311,32857,7,
liberty bay|south.exit~temple:,node,32311,32850,7,
liberty bay|south.exit~temple:,node,32311,32843,7,
liberty bay|south.exit~temple:,node,32305,32839,7,
liberty bay|south.exit~temple:,node,32300,32833,7,
liberty bay|south.exit~temple:,stand,32300,32833,7,

# --- liberty bay|south.exit~trainers: (35 waypoints) ---
liberty bay|south.exit~trainers:,node,32311,32857,7,
liberty bay|south.exit~trainers:,node,32311,32850,7,
liberty bay|south.exit~trainers:,node,32311,32843,7,
liberty bay|south.exit~trainers:,node,32315,32839,7,
liberty bay|south.exit~trainers:,node,32322,32837,7,
liberty bay|south.exit~trainers:,node,32323,32831,7,
liberty bay|south.exit~trainers:,node,32328,32827,7,
liberty bay|south.exit~trainers:,node,32335,32827,7,
liberty bay|south.exit~trainers:,node,32340,32823,7,
liberty bay|south.exit~trainers:,node,32341,32817,7,
liberty bay|south.exit~trainers:,node,32345,32815,7,
liberty bay|south.exit~trainers:,node,32352,32815,7,
liberty bay|south.exit~trainers:,node,32360,32815,7,
liberty bay|south.exit~trainers:,node,32368,32815,7,
liberty bay|south.exit~trainers:,node,32375,32815,7,
liberty bay|south.exit~trainers:,node,32382,32814,7,
liberty bay|south.exit~trainers:,stand,32382,32815,7,
liberty bay|south.exit~trainers:,node,32387,32814,6,
liberty bay|south.exit~trainers:,node,32389,32808,6,
liberty bay|south.exit~trainers:,node,32391,32803,6,
liberty bay|south.exit~trainers:,stand,32391,32802,6,
liberty bay|south.exit~trainers:,node,32398,32801,5,
liberty bay|south.exit~trainers:,node,32405,32801,5,
liberty bay|south.exit~trainers:,node,32409,32805,5,
liberty bay|south.exit~trainers:,stand,32409,32806,5,
liberty bay|south.exit~trainers:,node,32409,32817,4,
liberty bay|south.exit~trainers:,node,32403,32817,4,
liberty bay|south.exit~trainers:,node,32398,32812,4,
liberty bay|south.exit~trainers:,stand,32398,32811,4,
liberty bay|south.exit~trainers:,stand,32397,32810,3,
liberty bay|south.exit~trainers:,stand,32397,32812,3,
liberty bay|south.exit~trainers:,stand,32400,32812,3,
liberty bay|south.exit~trainers:,node,32395,32815,2,
liberty bay|south.exit~trainers:,node,32395,32822,2,
liberty bay|south.exit~trainers:,stand,32395,32822,2,

# --- liberty bay|south.exit~west.exit: (11 waypoints) ---
liberty bay|south.exit~west.exit:,node,32298,32861,7,
liberty bay|south.exit~west.exit:,node,32290,32860,7,
liberty bay|south.exit~west.exit:,node,32284,32857,7,
liberty bay|south.exit~west.exit:,node,32282,32851,7,
liberty bay|south.exit~west.exit:,node,32282,32844,7,
liberty bay|south.exit~west.exit:,node,32279,32840,7,
liberty bay|south.exit~west.exit:,node,32275,32835,7,
liberty bay|south.exit~west.exit:,node,32275,32828,7,
liberty bay|south.exit~west.exit:,node,32273,32822,7,
liberty bay|south.exit~west.exit:,node,32270,32818,7,
liberty bay|south.exit~west.exit:,node,32265,32817,7,
