source_name,waypoint_type,pos_x,pos_y,pos_z,action_label

# --- venore|boat~boat: (2 waypoints) ---
venore|boat~boat:,node,32955,32022,6,
venore|boat~boat:,stand,32955,32022,6,

# --- venore|east.gate~boat: (1 waypoints) ---
venore|east.gate~boat:,node,33004,32100,7,

# --- venore|bank~tools: (23 waypoints) ---
venore|bank~tools:,node,33012,32053,6,
venore|bank~tools:,node,33005,32053,6,
venore|bank~tools:,node,32998,32053,6,
venore|bank~tools:,node,32991,32053,6,
venore|bank~tools:,node,32984,32053,6,
venore|bank~tools:,node,32977,32053,6,
venore|bank~tools:,node,32970,32053,6,
venore|bank~tools:,node,32963,32053,6,
venore|bank~tools:,node,32956,32053,6,
venore|bank~tools:,node,32949,32053,6,
venore|bank~tools:,node,32942,32053,6,
venore|bank~tools:,node,32934,32053,6,
venore|bank~tools:,node,32927,32053,6,
venore|bank~tools:,node,32919,32053,6,
venore|bank~tools:,node,32915,32056,6,
venore|bank~tools:,node,32907,32056,6,
venore|bank~tools:,node,32898,32056,6,
venore|bank~tools:,node,32897,32064,6,
venore|bank~tools:,node,32897,32073,6,
venore|bank~tools:,node,32897,32082,6,
venore|bank~tools:,node,32892,32082,6,
venore|bank~tools:,node,32888,32086,6,
venore|bank~tools:,stand,32888,32086,6,

# --- venore|tools~depot: (25 waypoints) ---
venore|tools~depot:,node,32892,32082,6,
venore|tools~depot:,node,32897,32082,6,
venore|tools~depot:,node,32897,32073,6,
venore|tools~depot:,node,32897,32064,6,
venore|tools~depot:,node,32898,32056,6,
venore|tools~depot:,node,32907,32056,6,
venore|tools~depot:,node,32915,32056,6,
venore|tools~depot:,node,32919,32053,6,
venore|tools~depot:,node,32927,32053,6,
venore|tools~depot:,node,32934,32053,6,
venore|tools~depot:,node,32942,32053,6,
venore|tools~depot:,node,32949,32053,6,
venore|tools~depot:,node,32956,32053,6,
venore|tools~depot:,node,32963,32053,6,
venore|tools~depot:,node,32970,32053,6,
venore|tools~depot:,node,32977,32053,6,
venore|tools~depot:,node,32984,32053,6,
venore|tools~depot:,node,32991,32053,6,
venore|tools~depot:,node,32998,32053,6,
venore|tools~depot:,node,33005,32053,6,
venore|tools~depot:,node,33012,32053,6,
venore|tools~depot:,node,33019,32058,6,
venore|tools~depot:,stand,33020,32059,6,
venore|tools~depot:,node,33018,32056,7,
venore|tools~depot:,stand,33018,32056,7,

# --- venore|soft.boots~boat: (10 waypoints) ---
venore|soft.boots~boat:,node,32949,32099,6,
venore|soft.boots~boat:,node,32954,32093,6,
venore|soft.boots~boat:,node,32954,32083,6,
venore|soft.boots~boat:,node,32954,32073,6,
venore|soft.boots~boat:,node,32954,32063,6,
venore|soft.boots~boat:,node,32954,32053,6,
venore|soft.boots~boat:,node,32954,32043,6,
venore|soft.boots~boat:,node,32955,32031,6,
venore|soft.boots~boat:,node,32955,32022,6,
venore|soft.boots~boat:,stand,32955,32022,6,

# --- venore|food~boat: (8 waypoints) ---
venore|food~boat:,node,32976,32044,6,
venore|food~boat:,node,32974,32052,6,
venore|food~boat:,node,32966,32053,6,
venore|food~boat:,node,32955,32052,6,
venore|food~boat:,node,32954,32042,6,
venore|food~boat:,node,32955,32031,6,
venore|food~boat:,node,32955,32022,6,
venore|food~boat:,stand,32955,32022,6,

# --- venore|runes~boat: (10 waypoints) ---
venore|runes~boat:,node,32976,32079,6,
venore|runes~boat:,node,32976,32074,6,
venore|runes~boat:,node,32967,32072,6,
venore|runes~boat:,node,32954,32072,6,
venore|runes~boat:,node,32954,32064,6,
venore|runes~boat:,node,32954,32053,6,
venore|runes~boat:,node,32954,32040,6,
venore|runes~boat:,node,32955,32030,6,
venore|runes~boat:,node,32955,32022,6,
venore|runes~boat:,stand,32955,32022,6,

# --- venore|potions~boat: (10 waypoints) ---
venore|potions~boat:,node,32976,32079,6,
venore|potions~boat:,node,32976,32074,6,
venore|potions~boat:,node,32967,32072,6,
venore|potions~boat:,node,32954,32072,6,
venore|potions~boat:,node,32954,32064,6,
venore|potions~boat:,node,32954,32053,6,
venore|potions~boat:,node,32954,32040,6,
venore|potions~boat:,node,32955,32030,6,
venore|potions~boat:,node,32955,32022,6,
venore|potions~boat:,stand,32955,32022,6,

# --- venore|temple~boat: (8 waypoints) ---
venore|temple~boat:,node,32954,32077,7,
venore|temple~boat:,stand,32953,32077,7,
venore|temple~boat:,node,32954,32070,6,
venore|temple~boat:,node,32954,32058,6,
venore|temple~boat:,node,32954,32046,6,
venore|temple~boat:,node,32955,32032,6,
venore|temple~boat:,node,32955,32022,6,
venore|temple~boat:,stand,32955,32022,6,

# --- venore|depot~boat: (15 waypoints) ---
venore|depot~boat:,node,33019,32058,6,
venore|depot~boat:,stand,33020,32059,6,
venore|depot~boat:,node,33017,32059,7,
venore|depot~boat:,stand,33020,32059,7,
venore|depot~boat:,node,33016,32054,6,
venore|depot~boat:,node,33006,32053,6,
venore|depot~boat:,node,32994,32053,6,
venore|depot~boat:,node,32982,32053,6,
venore|depot~boat:,node,32970,32053,6,
venore|depot~boat:,node,32958,32053,6,
venore|depot~boat:,node,32954,32050,6,
venore|depot~boat:,node,32954,32040,6,
venore|depot~boat:,node,32955,32030,6,
venore|depot~boat:,node,32955,32022,6,
venore|depot~boat:,stand,32955,32022,6,

# --- venore|bank~boat: (11 waypoints) ---
venore|bank~boat:,node,33016,32054,6,
venore|bank~boat:,node,33006,32053,6,
venore|bank~boat:,node,32994,32053,6,
venore|bank~boat:,node,32982,32053,6,
venore|bank~boat:,node,32970,32053,6,
venore|bank~boat:,node,32958,32053,6,
venore|bank~boat:,node,32954,32050,6,
venore|bank~boat:,node,32954,32040,6,
venore|bank~boat:,node,32955,32030,6,
venore|bank~boat:,node,32955,32022,6,
venore|bank~boat:,stand,32955,32022,6,

# --- venore|loot.yanni~boat: (14 waypoints) ---
venore|loot.yanni~boat:,node,32908,32118,6,
venore|loot.yanni~boat:,node,32908,32125,6,
venore|loot.yanni~boat:,node,32920,32125,6,
venore|loot.yanni~boat:,node,32936,32125,6,
venore|loot.yanni~boat:,node,32936,32109,6,
venore|loot.yanni~boat:,node,32936,32096,6,
venore|loot.yanni~boat:,node,32953,32095,6,
venore|loot.yanni~boat:,node,32954,32084,6,
venore|loot.yanni~boat:,node,32954,32069,6,
venore|loot.yanni~boat:,node,32954,32055,6,
venore|loot.yanni~boat:,node,32954,32042,6,
venore|loot.yanni~boat:,node,32955,32028,6,
venore|loot.yanni~boat:,node,32955,32022,6,
venore|loot.yanni~boat:,stand,32955,32022,6,

# --- venore|loot.romella~boat: (14 waypoints) ---
venore|loot.romella~boat:,node,32908,32118,6,
venore|loot.romella~boat:,node,32908,32125,6,
venore|loot.romella~boat:,node,32920,32125,6,
venore|loot.romella~boat:,node,32936,32125,6,
venore|loot.romella~boat:,node,32936,32109,6,
venore|loot.romella~boat:,node,32936,32096,6,
venore|loot.romella~boat:,node,32953,32095,6,
venore|loot.romella~boat:,node,32954,32084,6,
venore|loot.romella~boat:,node,32954,32069,6,
venore|loot.romella~boat:,node,32954,32055,6,
venore|loot.romella~boat:,node,32954,32042,6,
venore|loot.romella~boat:,node,32955,32028,6,
venore|loot.romella~boat:,node,32955,32022,6,
venore|loot.romella~boat:,stand,32955,32022,6,

# --- venore|ammo~boat: (14 waypoints) ---
venore|ammo~boat:,node,32908,32118,6,
venore|ammo~boat:,node,32908,32125,6,
venore|ammo~boat:,node,32920,32125,6,
venore|ammo~boat:,node,32936,32125,6,
venore|ammo~boat:,node,32936,32109,6,
venore|ammo~boat:,node,32936,32096,6,
venore|ammo~boat:,node,32953,32095,6,
venore|ammo~boat:,node,32954,32084,6,
venore|ammo~boat:,node,32954,32069,6,
venore|ammo~boat:,node,32954,32055,6,
venore|ammo~boat:,node,32954,32042,6,
venore|ammo~boat:,node,32955,32028,6,
venore|ammo~boat:,node,32955,32022,6,
venore|ammo~boat:,stand,32955,32022,6,

# --- venore|west.gate~boat: (17 waypoints) ---
venore|west.gate~boat:,node,32861,32126,7,
venore|west.gate~boat:,stand,32862,32126,7,
venore|west.gate~boat:,node,32871,32126,6,
venore|west.gate~boat:,node,32886,32126,6,
venore|west.gate~boat:,node,32901,32126,6,
venore|west.gate~boat:,node,32917,32126,6,
venore|west.gate~boat:,node,32933,32126,6,
venore|west.gate~boat:,node,32936,32113,6,
venore|west.gate~boat:,node,32936,32100,6,
venore|west.gate~boat:,node,32948,32096,6,
venore|west.gate~boat:,node,32954,32086,6,
venore|west.gate~boat:,node,32954,32068,6,
venore|west.gate~boat:,node,32954,32054,6,
venore|west.gate~boat:,node,32954,32042,6,
venore|west.gate~boat:,node,32955,32029,6,
venore|west.gate~boat:,node,32955,32022,6,
venore|west.gate~boat:,stand,32955,32022,6,

# --- venore|north.gate~boat: (16 waypoints) ---
venore|north.gate~boat:,node,32866,32032,7,
venore|north.gate~boat:,stand,32867,32032,7,
venore|north.gate~boat:,node,32880,32032,6,
venore|north.gate~boat:,node,32897,32032,6,
venore|north.gate~boat:,node,32898,32037,6,
venore|north.gate~boat:,node,32908,32037,6,
venore|north.gate~boat:,node,32918,32037,6,
venore|north.gate~boat:,node,32918,32044,6,
venore|north.gate~boat:,node,32919,32052,6,
venore|north.gate~boat:,node,32931,32052,6,
venore|north.gate~boat:,node,32943,32052,6,
venore|north.gate~boat:,node,32954,32052,6,
venore|north.gate~boat:,node,32954,32042,6,
venore|north.gate~boat:,node,32955,32030,6,
venore|north.gate~boat:,node,32955,32022,6,
venore|north.gate~boat:,stand,32955,32022,6,

# --- venore|south.gate~boat: (16 waypoints) ---
venore|south.gate~boat:,node,32936,32160,7,
venore|south.gate~boat:,stand,32936,32159,7,
venore|south.gate~boat:,node,32936,32150,6,
venore|south.gate~boat:,node,32936,32137,6,
venore|south.gate~boat:,node,32936,32125,6,
venore|south.gate~boat:,node,32936,32113,6,
venore|south.gate~boat:,node,32936,32101,6,
venore|south.gate~boat:,node,32940,32096,6,
venore|south.gate~boat:,node,32953,32095,6,
venore|south.gate~boat:,node,32954,32084,6,
venore|south.gate~boat:,node,32954,32070,6,
venore|south.gate~boat:,node,32954,32058,6,
venore|south.gate~boat:,node,32954,32043,6,
venore|south.gate~boat:,node,32955,32030,6,
venore|south.gate~boat:,node,32955,32022,6,
venore|south.gate~boat:,stand,32955,32022,6,

# --- venore|trainers~boat: (16 waypoints) ---
venore|trainers~boat:,node,32934,32078,11,
venore|trainers~boat:,ladder,32932,32077,11,
venore|trainers~boat:,ladder,32933,32077,10,
venore|trainers~boat:,stand,32932,32079,9,
venore|trainers~boat:,stand,32931,32077,8,
venore|trainers~boat:,node,32935,32075,7,
venore|trainers~boat:,stand,32935,32075,7,
venore|trainers~boat:,node,32940,32070,6,
venore|trainers~boat:,node,32949,32070,6,
venore|trainers~boat:,node,32953,32067,6,
venore|trainers~boat:,node,32953,32059,6,
venore|trainers~boat:,node,32953,32051,6,
venore|trainers~boat:,node,32953,32043,6,
venore|trainers~boat:,node,32954,32033,6,
venore|trainers~boat:,node,32954,32022,6,
venore|trainers~boat:,stand,32954,32022,6,

# --- venore|runes~runes: (2 waypoints) ---
venore|runes~runes:,node,32971,32082,6,
venore|runes~runes:,stand,32971,32082,6,

# --- venore|east.gate~runes: (1 waypoints) ---
venore|east.gate~runes:,node,33004,32100,7,

# --- venore|trainers~runes: (15 waypoints) ---
venore|trainers~runes:,node,32934,32078,11,
venore|trainers~runes:,ladder,32932,32077,11,
venore|trainers~runes:,ladder,32933,32077,10,
venore|trainers~runes:,stand,32932,32079,9,
venore|trainers~runes:,stand,32931,32077,8,
venore|trainers~runes:,node,32935,32075,7,
venore|trainers~runes:,stand,32935,32075,7,
venore|trainers~runes:,node,32938,32071,6,
venore|trainers~runes:,node,32947,32071,6,
venore|trainers~runes:,node,32955,32072,6,
venore|trainers~runes:,node,32965,32073,6,
venore|trainers~runes:,node,32973,32073,6,
venore|trainers~runes:,node,32975,32079,6,
venore|trainers~runes:,node,32970,32082,6,
venore|trainers~runes:,stand,32970,32082,6,

# --- venore|boat~runes: (10 waypoints) ---
venore|boat~runes:,node,32955,32030,6,
venore|boat~runes:,node,32954,32040,6,
venore|boat~runes:,node,32954,32053,6,
venore|boat~runes:,node,32954,32064,6,
venore|boat~runes:,node,32954,32072,6,
venore|boat~runes:,node,32967,32072,6,
venore|boat~runes:,node,32976,32074,6,
venore|boat~runes:,node,32976,32079,6,
venore|boat~runes:,node,32970,32082,6,
venore|boat~runes:,stand,32970,32082,6,

# --- venore|potions~runes: (2 waypoints) ---
venore|potions~runes:,node,32970,32082,6,
venore|potions~runes:,stand,32970,32082,6,

# --- venore|temple~runes: (8 waypoints) ---
venore|temple~runes:,node,32953,32077,7,
venore|temple~runes:,stand,32953,32077,7,
venore|temple~runes:,stand,32956,32075,6,
venore|temple~runes:,node,32964,32073,6,
venore|temple~runes:,node,32973,32073,6,
venore|temple~runes:,node,32975,32079,6,
venore|temple~runes:,node,32970,32082,6,
venore|temple~runes:,stand,32970,32082,6,

# --- venore|bank~runes: (10 waypoints) ---
venore|bank~runes:,node,33011,32053,6,
venore|bank~runes:,node,33001,32053,6,
venore|bank~runes:,node,32993,32053,6,
venore|bank~runes:,node,32985,32053,6,
venore|bank~runes:,node,32982,32058,6,
venore|bank~runes:,node,32982,32067,6,
venore|bank~runes:,node,32978,32073,6,
venore|bank~runes:,node,32975,32079,6,
venore|bank~runes:,node,32970,32082,6,
venore|bank~runes:,stand,32970,32082,6,

# --- venore|depot~runes: (15 waypoints) ---
venore|depot~runes:,node,33019,32058,6,
venore|depot~runes:,stand,33020,32059,6,
venore|depot~runes:,node,33017,32057,7,
venore|depot~runes:,stand,33020,32059,7,
venore|depot~runes:,node,33017,32055,6,
venore|depot~runes:,node,33011,32053,6,
venore|depot~runes:,node,33001,32053,6,
venore|depot~runes:,node,32993,32053,6,
venore|depot~runes:,node,32985,32053,6,
venore|depot~runes:,node,32982,32058,6,
venore|depot~runes:,node,32982,32067,6,
venore|depot~runes:,node,32978,32073,6,
venore|depot~runes:,node,32975,32079,6,
venore|depot~runes:,node,32970,32082,6,
venore|depot~runes:,stand,32970,32082,6,

# --- venore|ammo~runes: (16 waypoints) ---
venore|ammo~runes:,node,32908,32120,6,
venore|ammo~runes:,node,32912,32125,6,
venore|ammo~runes:,node,32922,32125,6,
venore|ammo~runes:,node,32934,32125,6,
venore|ammo~runes:,node,32936,32116,6,
venore|ammo~runes:,node,32936,32106,6,
venore|ammo~runes:,node,32936,32096,6,
venore|ammo~runes:,node,32947,32096,6,
venore|ammo~runes:,node,32953,32092,6,
venore|ammo~runes:,node,32954,32082,6,
venore|ammo~runes:,stand,32959,32078,6,
venore|ammo~runes:,node,32964,32073,6,
venore|ammo~runes:,node,32973,32073,6,
venore|ammo~runes:,node,32975,32079,6,
venore|ammo~runes:,node,32970,32082,6,
venore|ammo~runes:,stand,32970,32082,6,

# --- venore|loot.yanni~runes: (16 waypoints) ---
venore|loot.yanni~runes:,node,32908,32120,6,
venore|loot.yanni~runes:,node,32912,32125,6,
venore|loot.yanni~runes:,node,32922,32125,6,
venore|loot.yanni~runes:,node,32934,32125,6,
venore|loot.yanni~runes:,node,32936,32116,6,
venore|loot.yanni~runes:,node,32936,32106,6,
venore|loot.yanni~runes:,node,32936,32096,6,
venore|loot.yanni~runes:,node,32947,32096,6,
venore|loot.yanni~runes:,node,32953,32092,6,
venore|loot.yanni~runes:,node,32954,32082,6,
venore|loot.yanni~runes:,stand,32959,32078,6,
venore|loot.yanni~runes:,node,32964,32073,6,
venore|loot.yanni~runes:,node,32973,32073,6,
venore|loot.yanni~runes:,node,32975,32079,6,
venore|loot.yanni~runes:,node,32970,32082,6,
venore|loot.yanni~runes:,stand,32970,32082,6,

# --- venore|loot.romella~runes: (16 waypoints) ---
venore|loot.romella~runes:,node,32908,32120,6,
venore|loot.romella~runes:,node,32912,32125,6,
venore|loot.romella~runes:,node,32922,32125,6,
venore|loot.romella~runes:,node,32934,32125,6,
venore|loot.romella~runes:,node,32936,32116,6,
venore|loot.romella~runes:,node,32936,32106,6,
venore|loot.romella~runes:,node,32936,32096,6,
venore|loot.romella~runes:,node,32947,32096,6,
venore|loot.romella~runes:,node,32953,32092,6,
venore|loot.romella~runes:,node,32954,32082,6,
venore|loot.romella~runes:,stand,32959,32078,6,
venore|loot.romella~runes:,node,32964,32073,6,
venore|loot.romella~runes:,node,32973,32073,6,
venore|loot.romella~runes:,node,32975,32079,6,
venore|loot.romella~runes:,node,32970,32082,6,
venore|loot.romella~runes:,stand,32970,32082,6,

# --- venore|north.gate~runes: (19 waypoints) ---
venore|north.gate~runes:,node,32866,32032,7,
venore|north.gate~runes:,stand,32867,32032,7,
venore|north.gate~runes:,node,32877,32032,6,
venore|north.gate~runes:,node,32887,32032,6,
venore|north.gate~runes:,node,32897,32032,6,
venore|north.gate~runes:,node,32903,32036,6,
venore|north.gate~runes:,node,32914,32036,6,
venore|north.gate~runes:,node,32919,32042,6,
venore|north.gate~runes:,node,32919,32052,6,
venore|north.gate~runes:,node,32931,32052,6,
venore|north.gate~runes:,node,32942,32052,6,
venore|north.gate~runes:,node,32952,32055,6,
venore|north.gate~runes:,node,32954,32064,6,
venore|north.gate~runes:,node,32954,32071,6,
venore|north.gate~runes:,node,32964,32073,6,
venore|north.gate~runes:,node,32973,32073,6,
venore|north.gate~runes:,node,32975,32079,6,
venore|north.gate~runes:,node,32970,32082,6,
venore|north.gate~runes:,stand,32970,32082,6,

# --- venore|west.gate~runes: (20 waypoints) ---
venore|west.gate~runes:,node,32861,32126,7,
venore|west.gate~runes:,stand,32862,32126,7,
venore|west.gate~runes:,node,32874,32126,6,
venore|west.gate~runes:,node,32888,32126,6,
venore|west.gate~runes:,node,32902,32126,6,
venore|west.gate~runes:,node,32912,32125,6,
venore|west.gate~runes:,node,32922,32125,6,
venore|west.gate~runes:,node,32934,32125,6,
venore|west.gate~runes:,node,32936,32116,6,
venore|west.gate~runes:,node,32936,32106,6,
venore|west.gate~runes:,node,32936,32096,6,
venore|west.gate~runes:,node,32947,32096,6,
venore|west.gate~runes:,node,32953,32092,6,
venore|west.gate~runes:,node,32954,32082,6,
venore|west.gate~runes:,stand,32959,32078,6,
venore|west.gate~runes:,node,32964,32073,6,
venore|west.gate~runes:,node,32973,32073,6,
venore|west.gate~runes:,node,32975,32079,6,
venore|west.gate~runes:,node,32970,32082,6,
venore|west.gate~runes:,stand,32970,32082,6,

# --- venore|south.gate~runes: (18 waypoints) ---
venore|south.gate~runes:,node,32936,32160,7,
venore|south.gate~runes:,stand,32936,32159,7,
venore|south.gate~runes:,node,32936,32152,6,
venore|south.gate~runes:,node,32936,32141,6,
venore|south.gate~runes:,node,32936,32131,6,
venore|south.gate~runes:,node,32936,32123,6,
venore|south.gate~runes:,node,32936,32116,6,
venore|south.gate~runes:,node,32936,32106,6,
venore|south.gate~runes:,node,32936,32096,6,
venore|south.gate~runes:,node,32947,32096,6,
venore|south.gate~runes:,node,32953,32092,6,
venore|south.gate~runes:,node,32954,32082,6,
venore|south.gate~runes:,stand,32959,32078,6,
venore|south.gate~runes:,node,32964,32073,6,
venore|south.gate~runes:,node,32973,32073,6,
venore|south.gate~runes:,node,32975,32079,6,
venore|south.gate~runes:,node,32970,32082,6,
venore|south.gate~runes:,stand,32970,32082,6,

# --- venore|food~runes: (8 waypoints) ---
venore|food~runes:,node,32976,32044,6,
venore|food~runes:,node,32978,32052,6,
venore|food~runes:,node,32982,32058,6,
venore|food~runes:,node,32981,32067,6,
venore|food~runes:,node,32977,32074,6,
venore|food~runes:,node,32974,32081,6,
venore|food~runes:,node,32970,32085,6,
venore|food~runes:,stand,32970,32082,6,

# --- venore|soft.boots~runes: (10 waypoints) ---
venore|soft.boots~runes:,node,32950,32104,6,
venore|soft.boots~runes:,node,32949,32097,6,
venore|soft.boots~runes:,node,32953,32092,6,
venore|soft.boots~runes:,node,32954,32082,6,
venore|soft.boots~runes:,stand,32959,32078,6,
venore|soft.boots~runes:,node,32964,32073,6,
venore|soft.boots~runes:,node,32973,32073,6,
venore|soft.boots~runes:,node,32975,32079,6,
venore|soft.boots~runes:,node,32970,32082,6,
venore|soft.boots~runes:,stand,32970,32082,6,

# --- venore|potions~potions: (2 waypoints) ---
venore|potions~potions:,node,32970,32085,6,
venore|potions~potions:,stand,32970,32085,6,

# --- venore|east.gate~potions: (1 waypoints) ---
venore|east.gate~potions:,node,33004,32100,7,

# --- venore|trainers~potions: (15 waypoints) ---
venore|trainers~potions:,node,32934,32078,11,
venore|trainers~potions:,ladder,32932,32077,11,
venore|trainers~potions:,ladder,32933,32077,10,
venore|trainers~potions:,stand,32932,32079,9,
venore|trainers~potions:,stand,32931,32077,8,
venore|trainers~potions:,node,32935,32075,7,
venore|trainers~potions:,stand,32935,32075,7,
venore|trainers~potions:,node,32938,32071,6,
venore|trainers~potions:,node,32947,32071,6,
venore|trainers~potions:,node,32955,32072,6,
venore|trainers~potions:,node,32965,32073,6,
venore|trainers~potions:,node,32973,32073,6,
venore|trainers~potions:,node,32975,32079,6,
venore|trainers~potions:,node,32970,32085,6,
venore|trainers~potions:,stand,32970,32085,6,

# --- venore|food~potions: (8 waypoints) ---
venore|food~potions:,node,32976,32044,6,
venore|food~potions:,node,32978,32052,6,
venore|food~potions:,node,32982,32058,6,
venore|food~potions:,node,32981,32067,6,
venore|food~potions:,node,32977,32074,6,
venore|food~potions:,node,32974,32081,6,
venore|food~potions:,node,32970,32085,6,
venore|food~potions:,stand,32970,32085,6,

# --- venore|boat~potions: (10 waypoints) ---
venore|boat~potions:,node,32955,32030,6,
venore|boat~potions:,node,32954,32040,6,
venore|boat~potions:,node,32954,32053,6,
venore|boat~potions:,node,32954,32064,6,
venore|boat~potions:,node,32954,32072,6,
venore|boat~potions:,node,32967,32072,6,
venore|boat~potions:,node,32976,32074,6,
venore|boat~potions:,node,32976,32079,6,
venore|boat~potions:,node,32970,32085,6,
venore|boat~potions:,stand,32970,32085,6,

# --- venore|temple~potions: (8 waypoints) ---
venore|temple~potions:,node,32953,32077,7,
venore|temple~potions:,stand,32953,32077,7,
venore|temple~potions:,stand,32956,32075,6,
venore|temple~potions:,node,32964,32073,6,
venore|temple~potions:,node,32973,32073,6,
venore|temple~potions:,node,32975,32079,6,
venore|temple~potions:,node,32970,32085,6,
venore|temple~potions:,stand,32970,32085,6,

# --- venore|bank~potions: (10 waypoints) ---
venore|bank~potions:,node,33011,32053,6,
venore|bank~potions:,node,33001,32053,6,
venore|bank~potions:,node,32993,32053,6,
venore|bank~potions:,node,32985,32053,6,
venore|bank~potions:,node,32982,32058,6,
venore|bank~potions:,node,32982,32067,6,
venore|bank~potions:,node,32978,32073,6,
venore|bank~potions:,node,32975,32079,6,
venore|bank~potions:,node,32970,32085,6,
venore|bank~potions:,stand,32970,32085,6,

# --- venore|depot~potions: (15 waypoints) ---
venore|depot~potions:,node,33019,32058,6,
venore|depot~potions:,stand,33020,32059,6,
venore|depot~potions:,node,33017,32057,7,
venore|depot~potions:,stand,33020,32059,7,
venore|depot~potions:,node,33017,32055,6,
venore|depot~potions:,node,33011,32053,6,
venore|depot~potions:,node,33001,32053,6,
venore|depot~potions:,node,32993,32053,6,
venore|depot~potions:,node,32985,32053,6,
venore|depot~potions:,node,32982,32058,6,
venore|depot~potions:,node,32982,32067,6,
venore|depot~potions:,node,32978,32073,6,
venore|depot~potions:,node,32975,32079,6,
venore|depot~potions:,node,32970,32085,6,
venore|depot~potions:,stand,32970,32085,6,

# --- venore|ammo~potions: (16 waypoints) ---
venore|ammo~potions:,node,32908,32120,6,
venore|ammo~potions:,node,32912,32125,6,
venore|ammo~potions:,node,32922,32125,6,
venore|ammo~potions:,node,32934,32125,6,
venore|ammo~potions:,node,32936,32116,6,
venore|ammo~potions:,node,32936,32106,6,
venore|ammo~potions:,node,32936,32096,6,
venore|ammo~potions:,node,32947,32096,6,
venore|ammo~potions:,node,32953,32092,6,
venore|ammo~potions:,node,32954,32082,6,
venore|ammo~potions:,stand,32959,32078,6,
venore|ammo~potions:,node,32964,32073,6,
venore|ammo~potions:,node,32973,32073,6,
venore|ammo~potions:,node,32975,32079,6,
venore|ammo~potions:,node,32970,32085,6,
venore|ammo~potions:,stand,32970,32085,6,

# --- venore|loot.yanni~potions: (16 waypoints) ---
venore|loot.yanni~potions:,node,32908,32120,6,
venore|loot.yanni~potions:,node,32912,32125,6,
venore|loot.yanni~potions:,node,32922,32125,6,
venore|loot.yanni~potions:,node,32934,32125,6,
venore|loot.yanni~potions:,node,32936,32116,6,
venore|loot.yanni~potions:,node,32936,32106,6,
venore|loot.yanni~potions:,node,32936,32096,6,
venore|loot.yanni~potions:,node,32947,32096,6,
venore|loot.yanni~potions:,node,32953,32092,6,
venore|loot.yanni~potions:,node,32954,32082,6,
venore|loot.yanni~potions:,stand,32959,32078,6,
venore|loot.yanni~potions:,node,32964,32073,6,
venore|loot.yanni~potions:,node,32973,32073,6,
venore|loot.yanni~potions:,node,32975,32079,6,
venore|loot.yanni~potions:,node,32970,32085,6,
venore|loot.yanni~potions:,stand,32970,32085,6,

# --- venore|loot.romella~potions: (16 waypoints) ---
venore|loot.romella~potions:,node,32908,32120,6,
venore|loot.romella~potions:,node,32912,32125,6,
venore|loot.romella~potions:,node,32922,32125,6,
venore|loot.romella~potions:,node,32934,32125,6,
venore|loot.romella~potions:,node,32936,32116,6,
venore|loot.romella~potions:,node,32936,32106,6,
venore|loot.romella~potions:,node,32936,32096,6,
venore|loot.romella~potions:,node,32947,32096,6,
venore|loot.romella~potions:,node,32953,32092,6,
venore|loot.romella~potions:,node,32954,32082,6,
venore|loot.romella~potions:,stand,32959,32078,6,
venore|loot.romella~potions:,node,32964,32073,6,
venore|loot.romella~potions:,node,32973,32073,6,
venore|loot.romella~potions:,node,32975,32079,6,
venore|loot.romella~potions:,node,32970,32085,6,
venore|loot.romella~potions:,stand,32970,32085,6,

# --- venore|north.gate~potions: (19 waypoints) ---
venore|north.gate~potions:,node,32866,32032,7,
venore|north.gate~potions:,stand,32867,32032,7,
venore|north.gate~potions:,node,32877,32032,6,
venore|north.gate~potions:,node,32887,32032,6,
venore|north.gate~potions:,node,32897,32032,6,
venore|north.gate~potions:,node,32903,32036,6,
venore|north.gate~potions:,node,32914,32036,6,
venore|north.gate~potions:,node,32919,32042,6,
venore|north.gate~potions:,node,32919,32052,6,
venore|north.gate~potions:,node,32931,32052,6,
venore|north.gate~potions:,node,32942,32052,6,
venore|north.gate~potions:,node,32952,32055,6,
venore|north.gate~potions:,node,32954,32064,6,
venore|north.gate~potions:,node,32954,32071,6,
venore|north.gate~potions:,node,32964,32073,6,
venore|north.gate~potions:,node,32973,32073,6,
venore|north.gate~potions:,node,32975,32079,6,
venore|north.gate~potions:,node,32970,32085,6,
venore|north.gate~potions:,stand,32970,32085,6,

# --- venore|west.gate~potions: (20 waypoints) ---
venore|west.gate~potions:,node,32861,32126,7,
venore|west.gate~potions:,stand,32862,32126,7,
venore|west.gate~potions:,node,32874,32126,6,
venore|west.gate~potions:,node,32888,32126,6,
venore|west.gate~potions:,node,32902,32126,6,
venore|west.gate~potions:,node,32912,32125,6,
venore|west.gate~potions:,node,32922,32125,6,
venore|west.gate~potions:,node,32934,32125,6,
venore|west.gate~potions:,node,32936,32116,6,
venore|west.gate~potions:,node,32936,32106,6,
venore|west.gate~potions:,node,32936,32096,6,
venore|west.gate~potions:,node,32947,32096,6,
venore|west.gate~potions:,node,32953,32092,6,
venore|west.gate~potions:,node,32954,32082,6,
venore|west.gate~potions:,stand,32959,32078,6,
venore|west.gate~potions:,node,32964,32073,6,
venore|west.gate~potions:,node,32973,32073,6,
venore|west.gate~potions:,node,32975,32079,6,
venore|west.gate~potions:,node,32970,32085,6,
venore|west.gate~potions:,stand,32970,32085,6,

# --- venore|south.gate~potions: (18 waypoints) ---
venore|south.gate~potions:,node,32936,32160,7,
venore|south.gate~potions:,stand,32936,32159,7,
venore|south.gate~potions:,node,32936,32152,6,
venore|south.gate~potions:,node,32936,32141,6,
venore|south.gate~potions:,node,32936,32131,6,
venore|south.gate~potions:,node,32936,32123,6,
venore|south.gate~potions:,node,32936,32116,6,
venore|south.gate~potions:,node,32936,32106,6,
venore|south.gate~potions:,node,32936,32096,6,
venore|south.gate~potions:,node,32947,32096,6,
venore|south.gate~potions:,node,32953,32092,6,
venore|south.gate~potions:,node,32954,32082,6,
venore|south.gate~potions:,stand,32959,32078,6,
venore|south.gate~potions:,node,32964,32073,6,
venore|south.gate~potions:,node,32973,32073,6,
venore|south.gate~potions:,node,32975,32079,6,
venore|south.gate~potions:,node,32970,32085,6,
venore|south.gate~potions:,stand,32970,32085,6,

# --- venore|soft.boots~potions: (10 waypoints) ---
venore|soft.boots~potions:,node,32950,32104,6,
venore|soft.boots~potions:,node,32949,32097,6,
venore|soft.boots~potions:,node,32953,32092,6,
venore|soft.boots~potions:,node,32954,32082,6,
venore|soft.boots~potions:,stand,32959,32078,6,
venore|soft.boots~potions:,node,32964,32073,6,
venore|soft.boots~potions:,node,32973,32073,6,
venore|soft.boots~potions:,node,32975,32079,6,
venore|soft.boots~potions:,node,32970,32085,6,
venore|soft.boots~potions:,stand,32970,32085,6,

# --- venore|soft.boots~soft.boots: (2 waypoints) ---
venore|soft.boots~soft.boots:,node,32951,32108,6,
venore|soft.boots~soft.boots:,stand,32952,32108,6,

# --- venore|east.gate~soft.boots: (1 waypoints) ---
venore|east.gate~soft.boots:,node,33004,32100,7,

# --- venore|boat~soft.boots: (10 waypoints) ---
venore|boat~soft.boots:,node,32955,32028,6,
venore|boat~soft.boots:,node,32954,32043,6,
venore|boat~soft.boots:,node,32954,32053,6,
venore|boat~soft.boots:,node,32954,32063,6,
venore|boat~soft.boots:,node,32954,32073,6,
venore|boat~soft.boots:,node,32954,32083,6,
venore|boat~soft.boots:,node,32954,32093,6,
venore|boat~soft.boots:,node,32949,32099,6,
venore|boat~soft.boots:,node,32951,32108,6,
venore|boat~soft.boots:,stand,32953,32108,6,

# --- venore|west.gate~soft.boots: (13 waypoints) ---
venore|west.gate~soft.boots:,node,32861,32126,7,
venore|west.gate~soft.boots:,stand,32862,32126,7,
venore|west.gate~soft.boots:,node,32874,32126,6,
venore|west.gate~soft.boots:,node,32889,32126,6,
venore|west.gate~soft.boots:,node,32904,32126,6,
venore|west.gate~soft.boots:,node,32919,32126,6,
venore|west.gate~soft.boots:,node,32934,32126,6,
venore|west.gate~soft.boots:,node,32936,32114,6,
venore|west.gate~soft.boots:,node,32936,32103,6,
venore|west.gate~soft.boots:,node,32942,32096,6,
venore|west.gate~soft.boots:,node,32948,32101,6,
venore|west.gate~soft.boots:,node,32951,32108,6,
venore|west.gate~soft.boots:,stand,32953,32108,6,

# --- venore|loot.yanni~soft.boots: (10 waypoints) ---
venore|loot.yanni~soft.boots:,node,32908,32120,6,
venore|loot.yanni~soft.boots:,node,32910,32126,6,
venore|loot.yanni~soft.boots:,node,32919,32126,6,
venore|loot.yanni~soft.boots:,node,32934,32126,6,
venore|loot.yanni~soft.boots:,node,32936,32114,6,
venore|loot.yanni~soft.boots:,node,32936,32103,6,
venore|loot.yanni~soft.boots:,node,32942,32096,6,
venore|loot.yanni~soft.boots:,node,32948,32101,6,
venore|loot.yanni~soft.boots:,node,32951,32108,6,
venore|loot.yanni~soft.boots:,stand,32953,32108,6,

# --- venore|loot.romella~soft.boots: (10 waypoints) ---
venore|loot.romella~soft.boots:,node,32908,32120,6,
venore|loot.romella~soft.boots:,node,32910,32126,6,
venore|loot.romella~soft.boots:,node,32919,32126,6,
venore|loot.romella~soft.boots:,node,32934,32126,6,
venore|loot.romella~soft.boots:,node,32936,32114,6,
venore|loot.romella~soft.boots:,node,32936,32103,6,
venore|loot.romella~soft.boots:,node,32942,32096,6,
venore|loot.romella~soft.boots:,node,32948,32101,6,
venore|loot.romella~soft.boots:,node,32951,32108,6,
venore|loot.romella~soft.boots:,stand,32953,32108,6,

# --- venore|ammo~soft.boots: (10 waypoints) ---
venore|ammo~soft.boots:,node,32908,32120,6,
venore|ammo~soft.boots:,node,32910,32126,6,
venore|ammo~soft.boots:,node,32919,32126,6,
venore|ammo~soft.boots:,node,32934,32126,6,
venore|ammo~soft.boots:,node,32936,32114,6,
venore|ammo~soft.boots:,node,32936,32103,6,
venore|ammo~soft.boots:,node,32942,32096,6,
venore|ammo~soft.boots:,node,32948,32101,6,
venore|ammo~soft.boots:,node,32951,32108,6,
venore|ammo~soft.boots:,stand,32953,32108,6,

# --- venore|south.gate~soft.boots: (11 waypoints) ---
venore|south.gate~soft.boots:,node,32936,32160,7,
venore|south.gate~soft.boots:,stand,32936,32159,7,
venore|south.gate~soft.boots:,node,32936,32151,6,
venore|south.gate~soft.boots:,node,32936,32139,6,
venore|south.gate~soft.boots:,node,32936,32127,6,
venore|south.gate~soft.boots:,node,32936,32114,6,
venore|south.gate~soft.boots:,node,32936,32103,6,
venore|south.gate~soft.boots:,node,32942,32096,6,
venore|south.gate~soft.boots:,node,32948,32101,6,
venore|south.gate~soft.boots:,node,32951,32108,6,
venore|south.gate~soft.boots:,stand,32953,32108,6,

# --- venore|temple~soft.boots: (9 waypoints) ---
venore|temple~soft.boots:,node,32954,32077,7,
venore|temple~soft.boots:,stand,32953,32077,7,
venore|temple~soft.boots:,stand,32954,32076,6,
venore|temple~soft.boots:,node,32954,32084,6,
venore|temple~soft.boots:,node,32954,32091,6,
venore|temple~soft.boots:,node,32951,32096,6,
venore|temple~soft.boots:,node,32948,32101,6,
venore|temple~soft.boots:,node,32951,32108,6,
venore|temple~soft.boots:,stand,32953,32108,6,

# --- venore|north.gate~soft.boots: (20 waypoints) ---
venore|north.gate~soft.boots:,node,32866,32032,7,
venore|north.gate~soft.boots:,stand,32867,32032,7,
venore|north.gate~soft.boots:,node,32875,32031,6,
venore|north.gate~soft.boots:,node,32885,32032,6,
venore|north.gate~soft.boots:,node,32895,32032,6,
venore|north.gate~soft.boots:,node,32898,32037,6,
venore|north.gate~soft.boots:,node,32898,32046,6,
venore|north.gate~soft.boots:,node,32898,32055,6,
venore|north.gate~soft.boots:,node,32898,32064,6,
venore|north.gate~soft.boots:,node,32898,32073,6,
venore|north.gate~soft.boots:,node,32898,32082,6,
venore|north.gate~soft.boots:,node,32898,32091,6,
venore|north.gate~soft.boots:,node,32903,32096,6,
venore|north.gate~soft.boots:,node,32913,32096,6,
venore|north.gate~soft.boots:,node,32924,32096,6,
venore|north.gate~soft.boots:,node,32934,32096,6,
venore|north.gate~soft.boots:,node,32942,32096,6,
venore|north.gate~soft.boots:,node,32948,32101,6,
venore|north.gate~soft.boots:,node,32951,32108,6,
venore|north.gate~soft.boots:,stand,32953,32108,6,

# --- venore|runes~soft.boots: (10 waypoints) ---
venore|runes~soft.boots:,node,32975,32080,6,
venore|runes~soft.boots:,node,32975,32073,6,
venore|runes~soft.boots:,node,32963,32073,6,
venore|runes~soft.boots:,node,32961,32079,6,
venore|runes~soft.boots:,node,32954,32084,6,
venore|runes~soft.boots:,node,32954,32091,6,
venore|runes~soft.boots:,node,32951,32096,6,
venore|runes~soft.boots:,node,32948,32101,6,
venore|runes~soft.boots:,node,32951,32108,6,
venore|runes~soft.boots:,stand,32953,32108,6,

# --- venore|potions~soft.boots: (10 waypoints) ---
venore|potions~soft.boots:,node,32975,32080,6,
venore|potions~soft.boots:,node,32975,32073,6,
venore|potions~soft.boots:,node,32963,32073,6,
venore|potions~soft.boots:,node,32961,32079,6,
venore|potions~soft.boots:,node,32954,32084,6,
venore|potions~soft.boots:,node,32954,32091,6,
venore|potions~soft.boots:,node,32951,32096,6,
venore|potions~soft.boots:,node,32948,32101,6,
venore|potions~soft.boots:,node,32951,32108,6,
venore|potions~soft.boots:,stand,32953,32108,6,

# --- venore|depot~soft.boots: (19 waypoints) ---
venore|depot~soft.boots:,node,33019,32058,6,
venore|depot~soft.boots:,stand,33020,32059,6,
venore|depot~soft.boots:,node,33018,32057,7,
venore|depot~soft.boots:,stand,33020,32059,7,
venore|depot~soft.boots:,node,33016,32054,6,
venore|depot~soft.boots:,node,33007,32053,6,
venore|depot~soft.boots:,node,32995,32053,6,
venore|depot~soft.boots:,node,32985,32053,6,
venore|depot~soft.boots:,node,32982,32059,6,
venore|depot~soft.boots:,node,32982,32067,6,
venore|depot~soft.boots:,node,32975,32073,6,
venore|depot~soft.boots:,node,32963,32073,6,
venore|depot~soft.boots:,node,32961,32079,6,
venore|depot~soft.boots:,node,32954,32084,6,
venore|depot~soft.boots:,node,32954,32091,6,
venore|depot~soft.boots:,node,32951,32096,6,
venore|depot~soft.boots:,node,32948,32101,6,
venore|depot~soft.boots:,node,32951,32108,6,
venore|depot~soft.boots:,stand,32953,32108,6,

# --- venore|bank~soft.boots: (14 waypoints) ---
venore|bank~soft.boots:,node,33007,32053,6,
venore|bank~soft.boots:,node,32995,32053,6,
venore|bank~soft.boots:,node,32985,32053,6,
venore|bank~soft.boots:,node,32982,32059,6,
venore|bank~soft.boots:,node,32982,32067,6,
venore|bank~soft.boots:,node,32975,32073,6,
venore|bank~soft.boots:,node,32963,32073,6,
venore|bank~soft.boots:,node,32961,32079,6,
venore|bank~soft.boots:,node,32954,32084,6,
venore|bank~soft.boots:,node,32954,32091,6,
venore|bank~soft.boots:,node,32951,32096,6,
venore|bank~soft.boots:,node,32948,32101,6,
venore|bank~soft.boots:,node,32951,32108,6,
venore|bank~soft.boots:,stand,32953,32108,6,

# --- venore|food~soft.boots: (13 waypoints) ---
venore|food~soft.boots:,node,32976,32046,6,
venore|food~soft.boots:,node,32979,32053,6,
venore|food~soft.boots:,node,32982,32059,6,
venore|food~soft.boots:,node,32982,32067,6,
venore|food~soft.boots:,node,32975,32073,6,
venore|food~soft.boots:,node,32963,32073,6,
venore|food~soft.boots:,node,32961,32079,6,
venore|food~soft.boots:,node,32954,32084,6,
venore|food~soft.boots:,node,32954,32091,6,
venore|food~soft.boots:,node,32951,32096,6,
venore|food~soft.boots:,node,32948,32101,6,
venore|food~soft.boots:,node,32951,32108,6,
venore|food~soft.boots:,stand,32953,32108,6,

# --- venore|trainers~soft.boots: (14 waypoints) ---
venore|trainers~soft.boots:,node,32934,32078,11,
venore|trainers~soft.boots:,ladder,32932,32077,11,
venore|trainers~soft.boots:,ladder,32933,32077,10,
venore|trainers~soft.boots:,stand,32932,32079,9,
venore|trainers~soft.boots:,stand,32931,32077,8,
venore|trainers~soft.boots:,node,32935,32075,7,
venore|trainers~soft.boots:,stand,32935,32075,7,
venore|trainers~soft.boots:,stand,32936,32075,6,
venore|trainers~soft.boots:,node,32936,32084,6,
venore|trainers~soft.boots:,node,32936,32092,6,
venore|trainers~soft.boots:,node,32942,32096,6,
venore|trainers~soft.boots:,node,32948,32102,6,
venore|trainers~soft.boots:,node,32951,32108,6,
venore|trainers~soft.boots:,stand,32952,32108,6,

# --- venore|temple~temple: (2 waypoints) ---
venore|temple~temple:,node,32958,32077,7,
venore|temple~temple:,stand,32958,32077,7,

# --- venore|east.gate~temple: (1 waypoints) ---
venore|east.gate~temple:,node,33004,32100,7,

# --- venore|boat~temple: (9 waypoints) ---
venore|boat~temple:,node,32955,32030,6,
venore|boat~temple:,node,32954,32040,6,
venore|boat~temple:,node,32954,32048,6,
venore|boat~temple:,node,32954,32057,6,
venore|boat~temple:,node,32954,32066,6,
venore|boat~temple:,node,32953,32076,6,
venore|boat~temple:,stand,32953,32077,6,
venore|boat~temple:,node,32958,32076,7,
venore|boat~temple:,stand,32958,32076,7,

# --- venore|food~temple: (9 waypoints) ---
venore|food~temple:,node,32976,32045,6,
venore|food~temple:,node,32974,32052,6,
venore|food~temple:,node,32964,32053,6,
venore|food~temple:,node,32954,32057,6,
venore|food~temple:,node,32954,32066,6,
venore|food~temple:,node,32953,32076,6,
venore|food~temple:,stand,32953,32077,6,
venore|food~temple:,node,32958,32076,7,
venore|food~temple:,stand,32958,32076,7,

# --- venore|depot~temple: (17 waypoints) ---
venore|depot~temple:,node,33019,32058,6,
venore|depot~temple:,stand,33020,32059,6,
venore|depot~temple:,node,33017,32057,7,
venore|depot~temple:,stand,33020,32059,7,
venore|depot~temple:,node,33015,32054,6,
venore|depot~temple:,node,33007,32055,6,
venore|depot~temple:,node,33006,32063,6,
venore|depot~temple:,node,33006,32070,6,
venore|depot~temple:,node,32996,32073,6,
venore|depot~temple:,node,32986,32073,6,
venore|depot~temple:,node,32975,32073,6,
venore|depot~temple:,node,32964,32073,6,
venore|depot~temple:,node,32955,32073,6,
venore|depot~temple:,node,32953,32076,6,
venore|depot~temple:,stand,32953,32077,6,
venore|depot~temple:,node,32958,32076,7,
venore|depot~temple:,stand,32958,32076,7,

# --- venore|soft.boots~temple: (13 waypoints) ---
venore|soft.boots~temple:,node,32949,32104,6,
venore|soft.boots~temple:,node,32953,32095,6,
venore|soft.boots~temple:,node,32953,32085,6,
venore|soft.boots~temple:,node,32953,32076,6,
venore|soft.boots~temple:,stand,32953,32077,6,
venore|soft.boots~temple:,node,32975,32080,6,
venore|soft.boots~temple:,node,32975,32073,6,
venore|soft.boots~temple:,node,32964,32073,6,
venore|soft.boots~temple:,node,32955,32073,6,
venore|soft.boots~temple:,node,32953,32076,6,
venore|soft.boots~temple:,stand,32953,32077,6,
venore|soft.boots~temple:,node,32958,32076,7,
venore|soft.boots~temple:,stand,32958,32076,7,

# --- venore|potions~temple: (8 waypoints) ---
venore|potions~temple:,node,32975,32080,6,
venore|potions~temple:,node,32975,32073,6,
venore|potions~temple:,node,32964,32073,6,
venore|potions~temple:,node,32955,32073,6,
venore|potions~temple:,node,32953,32076,6,
venore|potions~temple:,stand,32953,32077,6,
venore|potions~temple:,node,32958,32076,7,
venore|potions~temple:,stand,32958,32076,7,

# --- venore|runes~temple: (8 waypoints) ---
venore|runes~temple:,node,32975,32080,6,
venore|runes~temple:,node,32975,32073,6,
venore|runes~temple:,node,32964,32073,6,
venore|runes~temple:,node,32955,32073,6,
venore|runes~temple:,node,32953,32076,6,
venore|runes~temple:,stand,32953,32077,6,
venore|runes~temple:,node,32958,32076,7,
venore|runes~temple:,stand,32958,32076,7,

# --- venore|south.gate~temple: (14 waypoints) ---
venore|south.gate~temple:,node,32936,32160,7,
venore|south.gate~temple:,stand,32936,32159,7,
venore|south.gate~temple:,node,32936,32152,6,
venore|south.gate~temple:,node,32936,32140,6,
venore|south.gate~temple:,node,32936,32128,6,
venore|south.gate~temple:,node,32936,32116,6,
venore|south.gate~temple:,node,32936,32104,6,
venore|south.gate~temple:,node,32941,32096,6,
venore|south.gate~temple:,node,32953,32095,6,
venore|south.gate~temple:,node,32953,32085,6,
venore|south.gate~temple:,node,32953,32076,6,
venore|south.gate~temple:,stand,32953,32077,6,
venore|south.gate~temple:,node,32958,32076,7,
venore|south.gate~temple:,stand,32958,32076,7,

# --- venore|north.gate~temple: (17 waypoints) ---
venore|north.gate~temple:,node,32866,32032,7,
venore|north.gate~temple:,stand,32867,32032,7,
venore|north.gate~temple:,node,32878,32032,6,
venore|north.gate~temple:,node,32890,32032,6,
venore|north.gate~temple:,node,32898,32037,6,
venore|north.gate~temple:,node,32910,32037,6,
venore|north.gate~temple:,node,32918,32041,6,
venore|north.gate~temple:,node,32919,32050,6,
venore|north.gate~temple:,node,32928,32053,6,
venore|north.gate~temple:,node,32940,32053,6,
venore|north.gate~temple:,node,32950,32053,6,
venore|north.gate~temple:,node,32954,32057,6,
venore|north.gate~temple:,node,32954,32066,6,
venore|north.gate~temple:,node,32953,32076,6,
venore|north.gate~temple:,stand,32953,32077,6,
venore|north.gate~temple:,node,32958,32076,7,
venore|north.gate~temple:,stand,32958,32076,7,

# --- venore|west.gate~temple: (18 waypoints) ---
venore|west.gate~temple:,node,32861,32126,7,
venore|west.gate~temple:,stand,32862,32126,7,
venore|west.gate~temple:,node,32871,32126,6,
venore|west.gate~temple:,node,32881,32126,6,
venore|west.gate~temple:,node,32891,32126,6,
venore|west.gate~temple:,node,32902,32126,6,
venore|west.gate~temple:,node,32912,32126,6,
venore|west.gate~temple:,node,32922,32126,6,
venore|west.gate~temple:,node,32933,32126,6,
venore|west.gate~temple:,node,32936,32116,6,
venore|west.gate~temple:,node,32936,32104,6,
venore|west.gate~temple:,node,32941,32096,6,
venore|west.gate~temple:,node,32953,32095,6,
venore|west.gate~temple:,node,32953,32085,6,
venore|west.gate~temple:,node,32953,32076,6,
venore|west.gate~temple:,stand,32953,32077,6,
venore|west.gate~temple:,node,32958,32076,7,
venore|west.gate~temple:,stand,32958,32076,7,

# --- venore|loot.yanni~temple: (13 waypoints) ---
venore|loot.yanni~temple:,node,32909,32120,6,
venore|loot.yanni~temple:,node,32912,32126,6,
venore|loot.yanni~temple:,node,32922,32126,6,
venore|loot.yanni~temple:,node,32933,32126,6,
venore|loot.yanni~temple:,node,32936,32116,6,
venore|loot.yanni~temple:,node,32936,32104,6,
venore|loot.yanni~temple:,node,32941,32096,6,
venore|loot.yanni~temple:,node,32953,32095,6,
venore|loot.yanni~temple:,node,32953,32085,6,
venore|loot.yanni~temple:,node,32953,32076,6,
venore|loot.yanni~temple:,stand,32953,32077,6,
venore|loot.yanni~temple:,node,32958,32076,7,
venore|loot.yanni~temple:,stand,32958,32076,7,

# --- venore|loot.romella~temple: (13 waypoints) ---
venore|loot.romella~temple:,node,32909,32120,6,
venore|loot.romella~temple:,node,32912,32126,6,
venore|loot.romella~temple:,node,32922,32126,6,
venore|loot.romella~temple:,node,32933,32126,6,
venore|loot.romella~temple:,node,32936,32116,6,
venore|loot.romella~temple:,node,32936,32104,6,
venore|loot.romella~temple:,node,32941,32096,6,
venore|loot.romella~temple:,node,32953,32095,6,
venore|loot.romella~temple:,node,32953,32085,6,
venore|loot.romella~temple:,node,32953,32076,6,
venore|loot.romella~temple:,stand,32953,32077,6,
venore|loot.romella~temple:,node,32958,32076,7,
venore|loot.romella~temple:,stand,32958,32076,7,

# --- venore|ammo~temple: (13 waypoints) ---
venore|ammo~temple:,node,32909,32120,6,
venore|ammo~temple:,node,32912,32126,6,
venore|ammo~temple:,node,32922,32126,6,
venore|ammo~temple:,node,32933,32126,6,
venore|ammo~temple:,node,32936,32116,6,
venore|ammo~temple:,node,32936,32104,6,
venore|ammo~temple:,node,32941,32096,6,
venore|ammo~temple:,node,32953,32095,6,
venore|ammo~temple:,node,32953,32085,6,
venore|ammo~temple:,node,32953,32076,6,
venore|ammo~temple:,stand,32953,32077,6,
venore|ammo~temple:,node,32958,32076,7,
venore|ammo~temple:,stand,32958,32076,7,

# --- venore|bank~temple: (13 waypoints) ---
venore|bank~temple:,node,33015,32054,6,
venore|bank~temple:,node,33007,32055,6,
venore|bank~temple:,node,33006,32063,6,
venore|bank~temple:,node,33006,32070,6,
venore|bank~temple:,node,32996,32073,6,
venore|bank~temple:,node,32986,32073,6,
venore|bank~temple:,node,32975,32073,6,
venore|bank~temple:,node,32964,32073,6,
venore|bank~temple:,node,32955,32073,6,
venore|bank~temple:,node,32953,32076,6,
venore|bank~temple:,stand,32953,32077,6,
venore|bank~temple:,node,32958,32076,7,
venore|bank~temple:,stand,32958,32076,7,

# --- venore|trainers~temple: (13 waypoints) ---
venore|trainers~temple:,node,32934,32078,11,
venore|trainers~temple:,ladder,32932,32077,11,
venore|trainers~temple:,ladder,32933,32077,10,
venore|trainers~temple:,stand,32932,32079,9,
venore|trainers~temple:,stand,32931,32077,8,
venore|trainers~temple:,node,32935,32075,7,
venore|trainers~temple:,stand,32935,32075,7,
venore|trainers~temple:,node,32939,32071,6,
venore|trainers~temple:,node,32949,32071,6,
venore|trainers~temple:,node,32953,32076,6,
venore|trainers~temple:,stand,32953,32077,6,
venore|trainers~temple:,node,32958,32076,7,
venore|trainers~temple:,stand,32958,32076,7,

# --- venore|bank~bank: (2 waypoints) ---
venore|bank~bank:,node,33019,32054,6,
venore|bank~bank:,stand,33019,32054,6,

# --- venore|east.gate~bank: (1 waypoints) ---
venore|east.gate~bank:,node,33004,32100,7,

# --- venore|boat~bank: (10 waypoints) ---
venore|boat~bank:,node,32954,32028,6,
venore|boat~bank:,node,32954,32040,6,
venore|boat~bank:,node,32954,32050,6,
venore|boat~bank:,node,32963,32053,6,
venore|boat~bank:,node,32975,32053,6,
venore|boat~bank:,node,32987,32053,6,
venore|boat~bank:,node,32999,32053,6,
venore|boat~bank:,node,33011,32053,6,
venore|boat~bank:,node,33019,32053,6,
venore|boat~bank:,stand,33019,32053,6,

# --- venore|depot~bank: (6 waypoints) ---
venore|depot~bank:,node,33019,32058,6,
venore|depot~bank:,stand,33020,32059,6,
venore|depot~bank:,node,33017,32057,7,
venore|depot~bank:,stand,33020,32059,7,
venore|depot~bank:,node,33019,32053,6,
venore|depot~bank:,stand,33019,32053,6,

# --- venore|food~bank: (7 waypoints) ---
venore|food~bank:,node,32975,32042,6,
venore|food~bank:,node,32978,32051,6,
venore|food~bank:,node,32987,32053,6,
venore|food~bank:,node,32999,32053,6,
venore|food~bank:,node,33011,32053,6,
venore|food~bank:,node,33019,32053,6,
venore|food~bank:,stand,33019,32053,6,

# --- venore|north.gate~bank: (17 waypoints) ---
venore|north.gate~bank:,node,32866,32032,7,
venore|north.gate~bank:,stand,32867,32032,7,
venore|north.gate~bank:,node,32877,32031,6,
venore|north.gate~bank:,node,32892,32032,6,
venore|north.gate~bank:,node,32906,32037,6,
venore|north.gate~bank:,node,32918,32037,6,
venore|north.gate~bank:,node,32919,32046,6,
venore|north.gate~bank:,node,32926,32052,6,
venore|north.gate~bank:,node,32938,32052,6,
venore|north.gate~bank:,node,32950,32052,6,
venore|north.gate~bank:,node,32963,32053,6,
venore|north.gate~bank:,node,32975,32053,6,
venore|north.gate~bank:,node,32987,32053,6,
venore|north.gate~bank:,node,32999,32053,6,
venore|north.gate~bank:,node,33011,32053,6,
venore|north.gate~bank:,node,33019,32053,6,
venore|north.gate~bank:,stand,33019,32053,6,

# --- venore|runes~bank: (9 waypoints) ---
venore|runes~bank:,node,32976,32079,6,
venore|runes~bank:,node,32981,32073,6,
venore|runes~bank:,node,32982,32065,6,
venore|runes~bank:,node,32982,32057,6,
venore|runes~bank:,node,32987,32053,6,
venore|runes~bank:,node,32999,32053,6,
venore|runes~bank:,node,33011,32053,6,
venore|runes~bank:,node,33019,32053,6,
venore|runes~bank:,stand,33019,32053,6,

# --- venore|potions~bank: (9 waypoints) ---
venore|potions~bank:,node,32976,32079,6,
venore|potions~bank:,node,32981,32073,6,
venore|potions~bank:,node,32982,32065,6,
venore|potions~bank:,node,32982,32057,6,
venore|potions~bank:,node,32987,32053,6,
venore|potions~bank:,node,32999,32053,6,
venore|potions~bank:,node,33011,32053,6,
venore|potions~bank:,node,33019,32053,6,
venore|potions~bank:,stand,33019,32053,6,

# --- venore|temple~bank: (11 waypoints) ---
venore|temple~bank:,node,32954,32077,7,
venore|temple~bank:,stand,32953,32077,7,
venore|temple~bank:,node,32954,32070,6,
venore|temple~bank:,node,32954,32058,6,
venore|temple~bank:,node,32963,32053,6,
venore|temple~bank:,node,32975,32053,6,
venore|temple~bank:,node,32987,32053,6,
venore|temple~bank:,node,32999,32053,6,
venore|temple~bank:,node,33011,32053,6,
venore|temple~bank:,node,33019,32053,6,
venore|temple~bank:,stand,33019,32053,6,

# --- venore|soft.boots~bank: (14 waypoints) ---
venore|soft.boots~bank:,node,32949,32101,6,
venore|soft.boots~bank:,node,32954,32091,6,
venore|soft.boots~bank:,node,32954,32082,6,
venore|soft.boots~bank:,node,32962,32080,6,
venore|soft.boots~bank:,node,32964,32073,6,
venore|soft.boots~bank:,node,32973,32073,6,
venore|soft.boots~bank:,node,32981,32073,6,
venore|soft.boots~bank:,node,32982,32065,6,
venore|soft.boots~bank:,node,32982,32057,6,
venore|soft.boots~bank:,node,32987,32053,6,
venore|soft.boots~bank:,node,32999,32053,6,
venore|soft.boots~bank:,node,33011,32053,6,
venore|soft.boots~bank:,node,33019,32053,6,
venore|soft.boots~bank:,stand,33019,32053,6,

# --- venore|ammo~bank: (21 waypoints) ---
venore|ammo~bank:,node,32908,32122,6,
venore|ammo~bank:,node,32916,32125,6,
venore|ammo~bank:,node,32927,32126,6,
venore|ammo~bank:,node,32935,32124,6,
venore|ammo~bank:,node,32936,32114,6,
venore|ammo~bank:,node,32936,32104,6,
venore|ammo~bank:,node,32939,32096,6,
venore|ammo~bank:,node,32949,32095,6,
venore|ammo~bank:,node,32954,32091,6,
venore|ammo~bank:,node,32954,32082,6,
venore|ammo~bank:,node,32962,32080,6,
venore|ammo~bank:,node,32964,32073,6,
venore|ammo~bank:,node,32973,32073,6,
venore|ammo~bank:,node,32981,32073,6,
venore|ammo~bank:,node,32982,32065,6,
venore|ammo~bank:,node,32982,32057,6,
venore|ammo~bank:,node,32987,32053,6,
venore|ammo~bank:,node,32999,32053,6,
venore|ammo~bank:,node,33011,32053,6,
venore|ammo~bank:,node,33019,32053,6,
venore|ammo~bank:,stand,33019,32053,6,

# --- venore|loot.yanni~bank: (21 waypoints) ---
venore|loot.yanni~bank:,node,32908,32122,6,
venore|loot.yanni~bank:,node,32916,32125,6,
venore|loot.yanni~bank:,node,32927,32126,6,
venore|loot.yanni~bank:,node,32935,32124,6,
venore|loot.yanni~bank:,node,32936,32114,6,
venore|loot.yanni~bank:,node,32936,32104,6,
venore|loot.yanni~bank:,node,32939,32096,6,
venore|loot.yanni~bank:,node,32949,32095,6,
venore|loot.yanni~bank:,node,32954,32091,6,
venore|loot.yanni~bank:,node,32954,32082,6,
venore|loot.yanni~bank:,node,32962,32080,6,
venore|loot.yanni~bank:,node,32964,32073,6,
venore|loot.yanni~bank:,node,32973,32073,6,
venore|loot.yanni~bank:,node,32981,32073,6,
venore|loot.yanni~bank:,node,32982,32065,6,
venore|loot.yanni~bank:,node,32982,32057,6,
venore|loot.yanni~bank:,node,32987,32053,6,
venore|loot.yanni~bank:,node,32999,32053,6,
venore|loot.yanni~bank:,node,33011,32053,6,
venore|loot.yanni~bank:,node,33019,32053,6,
venore|loot.yanni~bank:,stand,33019,32053,6,

# --- venore|loot.romella~bank: (21 waypoints) ---
venore|loot.romella~bank:,node,32908,32122,6,
venore|loot.romella~bank:,node,32916,32125,6,
venore|loot.romella~bank:,node,32927,32126,6,
venore|loot.romella~bank:,node,32935,32124,6,
venore|loot.romella~bank:,node,32936,32114,6,
venore|loot.romella~bank:,node,32936,32104,6,
venore|loot.romella~bank:,node,32939,32096,6,
venore|loot.romella~bank:,node,32949,32095,6,
venore|loot.romella~bank:,node,32954,32091,6,
venore|loot.romella~bank:,node,32954,32082,6,
venore|loot.romella~bank:,node,32962,32080,6,
venore|loot.romella~bank:,node,32964,32073,6,
venore|loot.romella~bank:,node,32973,32073,6,
venore|loot.romella~bank:,node,32981,32073,6,
venore|loot.romella~bank:,node,32982,32065,6,
venore|loot.romella~bank:,node,32982,32057,6,
venore|loot.romella~bank:,node,32987,32053,6,
venore|loot.romella~bank:,node,32999,32053,6,
venore|loot.romella~bank:,node,33011,32053,6,
venore|loot.romella~bank:,node,33019,32053,6,
venore|loot.romella~bank:,stand,33019,32053,6,

# --- venore|south.gate~bank: (23 waypoints) ---
venore|south.gate~bank:,node,32936,32160,7,
venore|south.gate~bank:,stand,32936,32159,7,
venore|south.gate~bank:,node,32936,32152,6,
venore|south.gate~bank:,node,32936,32142,6,
venore|south.gate~bank:,node,32936,32133,6,
venore|south.gate~bank:,node,32936,32124,6,
venore|south.gate~bank:,node,32936,32114,6,
venore|south.gate~bank:,node,32936,32104,6,
venore|south.gate~bank:,node,32939,32096,6,
venore|south.gate~bank:,node,32949,32095,6,
venore|south.gate~bank:,node,32954,32091,6,
venore|south.gate~bank:,node,32954,32082,6,
venore|south.gate~bank:,node,32962,32080,6,
venore|south.gate~bank:,node,32964,32073,6,
venore|south.gate~bank:,node,32973,32073,6,
venore|south.gate~bank:,node,32981,32073,6,
venore|south.gate~bank:,node,32982,32065,6,
venore|south.gate~bank:,node,32982,32057,6,
venore|south.gate~bank:,node,32987,32053,6,
venore|south.gate~bank:,node,32999,32053,6,
venore|south.gate~bank:,node,33011,32053,6,
venore|south.gate~bank:,node,33019,32053,6,
venore|south.gate~bank:,stand,33019,32053,6,

# --- venore|west.gate~bank: (27 waypoints) ---
venore|west.gate~bank:,node,32861,32126,7,
venore|west.gate~bank:,stand,32862,32126,7,
venore|west.gate~bank:,node,32870,32125,6,
venore|west.gate~bank:,node,32880,32125,6,
venore|west.gate~bank:,node,32890,32125,6,
venore|west.gate~bank:,node,32899,32125,6,
venore|west.gate~bank:,node,32908,32125,6,
venore|west.gate~bank:,node,32916,32125,6,
venore|west.gate~bank:,node,32927,32126,6,
venore|west.gate~bank:,node,32935,32124,6,
venore|west.gate~bank:,node,32936,32114,6,
venore|west.gate~bank:,node,32936,32104,6,
venore|west.gate~bank:,node,32939,32096,6,
venore|west.gate~bank:,node,32949,32095,6,
venore|west.gate~bank:,node,32954,32091,6,
venore|west.gate~bank:,node,32954,32082,6,
venore|west.gate~bank:,node,32962,32080,6,
venore|west.gate~bank:,node,32964,32073,6,
venore|west.gate~bank:,node,32973,32073,6,
venore|west.gate~bank:,node,32981,32073,6,
venore|west.gate~bank:,node,32982,32065,6,
venore|west.gate~bank:,node,32982,32057,6,
venore|west.gate~bank:,node,32987,32053,6,
venore|west.gate~bank:,node,32999,32053,6,
venore|west.gate~bank:,node,33011,32053,6,
venore|west.gate~bank:,node,33019,32053,6,
venore|west.gate~bank:,stand,33019,32053,6,

# --- venore|trainers~bank: (18 waypoints) ---
venore|trainers~bank:,node,32934,32078,11,
venore|trainers~bank:,ladder,32932,32077,11,
venore|trainers~bank:,ladder,32933,32077,10,
venore|trainers~bank:,stand,32932,32079,9,
venore|trainers~bank:,stand,32931,32077,8,
venore|trainers~bank:,node,32935,32075,7,
venore|trainers~bank:,stand,32935,32075,7,
venore|trainers~bank:,node,32938,32070,6,
venore|trainers~bank:,node,32950,32070,6,
venore|trainers~bank:,node,32954,32062,6,
venore|trainers~bank:,node,32959,32053,6,
venore|trainers~bank:,node,32970,32053,6,
venore|trainers~bank:,node,32981,32053,6,
venore|trainers~bank:,node,32992,32053,6,
venore|trainers~bank:,node,33003,32053,6,
venore|trainers~bank:,node,33012,32053,6,
venore|trainers~bank:,node,33019,32053,6,
venore|trainers~bank:,stand,33019,32053,6,

# --- venore|depot~depot: (4 waypoints) ---
venore|depot~depot:,node,33019,32058,6,
venore|depot~depot:,stand,33020,32059,6,
venore|depot~depot:,node,33018,32054,7,
venore|depot~depot:,stand,33018,32054,7,

# --- venore|east.gate~depot: (1 waypoints) ---
venore|east.gate~depot:,node,33004,32100,7,

# --- venore|boat~depot: (12 waypoints) ---
venore|boat~depot:,node,32954,32028,6,
venore|boat~depot:,node,32954,32040,6,
venore|boat~depot:,node,32954,32050,6,
venore|boat~depot:,node,32963,32053,6,
venore|boat~depot:,node,32975,32053,6,
venore|boat~depot:,node,32987,32053,6,
venore|boat~depot:,node,32999,32053,6,
venore|boat~depot:,node,33011,32053,6,
venore|boat~depot:,node,33019,32058,6,
venore|boat~depot:,stand,33020,32059,6,
venore|boat~depot:,stand,33019,32060,7,
venore|boat~depot:,node,33017,32053,7,

# --- venore|north.gate~depot: (19 waypoints) ---
venore|north.gate~depot:,node,32866,32032,7,
venore|north.gate~depot:,stand,32867,32032,7,
venore|north.gate~depot:,node,32877,32031,6,
venore|north.gate~depot:,node,32892,32032,6,
venore|north.gate~depot:,node,32906,32037,6,
venore|north.gate~depot:,node,32918,32037,6,
venore|north.gate~depot:,node,32919,32046,6,
venore|north.gate~depot:,node,32926,32052,6,
venore|north.gate~depot:,node,32938,32052,6,
venore|north.gate~depot:,node,32950,32052,6,
venore|north.gate~depot:,node,32963,32053,6,
venore|north.gate~depot:,node,32975,32053,6,
venore|north.gate~depot:,node,32987,32053,6,
venore|north.gate~depot:,node,32999,32053,6,
venore|north.gate~depot:,node,33011,32053,6,
venore|north.gate~depot:,node,33019,32058,6,
venore|north.gate~depot:,stand,33020,32059,6,
venore|north.gate~depot:,stand,33019,32060,7,
venore|north.gate~depot:,node,33017,32053,7,

# --- venore|food~depot: (9 waypoints) ---
venore|food~depot:,node,32975,32042,6,
venore|food~depot:,node,32978,32051,6,
venore|food~depot:,node,32987,32053,6,
venore|food~depot:,node,32999,32053,6,
venore|food~depot:,node,33011,32053,6,
venore|food~depot:,node,33019,32058,6,
venore|food~depot:,stand,33020,32059,6,
venore|food~depot:,stand,33019,32060,7,
venore|food~depot:,node,33017,32053,7,

# --- venore|bank~depot: (4 waypoints) ---
venore|bank~depot:,node,33019,32058,6,
venore|bank~depot:,stand,33020,32059,6,
venore|bank~depot:,stand,33019,32060,7,
venore|bank~depot:,node,33017,32053,7,

# --- venore|potions~depot: (11 waypoints) ---
venore|potions~depot:,node,32976,32079,6,
venore|potions~depot:,node,32981,32073,6,
venore|potions~depot:,node,32982,32065,6,
venore|potions~depot:,node,32982,32057,6,
venore|potions~depot:,node,32987,32053,6,
venore|potions~depot:,node,32999,32053,6,
venore|potions~depot:,node,33011,32053,6,
venore|potions~depot:,node,33019,32058,6,
venore|potions~depot:,stand,33020,32059,6,
venore|potions~depot:,stand,33019,32060,7,
venore|potions~depot:,node,33017,32053,7,

# --- venore|runes~depot: (11 waypoints) ---
venore|runes~depot:,node,32976,32079,6,
venore|runes~depot:,node,32981,32073,6,
venore|runes~depot:,node,32982,32065,6,
venore|runes~depot:,node,32982,32057,6,
venore|runes~depot:,node,32987,32053,6,
venore|runes~depot:,node,32999,32053,6,
venore|runes~depot:,node,33011,32053,6,
venore|runes~depot:,node,33019,32058,6,
venore|runes~depot:,stand,33020,32059,6,
venore|runes~depot:,stand,33019,32060,7,
venore|runes~depot:,node,33017,32053,7,

# --- venore|temple~depot: (13 waypoints) ---
venore|temple~depot:,node,32954,32077,7,
venore|temple~depot:,stand,32953,32077,7,
venore|temple~depot:,node,32954,32070,6,
venore|temple~depot:,node,32954,32058,6,
venore|temple~depot:,node,32963,32053,6,
venore|temple~depot:,node,32975,32053,6,
venore|temple~depot:,node,32987,32053,6,
venore|temple~depot:,node,32999,32053,6,
venore|temple~depot:,node,33011,32053,6,
venore|temple~depot:,node,33019,32058,6,
venore|temple~depot:,stand,33020,32059,6,
venore|temple~depot:,stand,33019,32060,7,
venore|temple~depot:,node,33017,32053,7,

# --- venore|soft.boots~depot: (16 waypoints) ---
venore|soft.boots~depot:,node,32949,32101,6,
venore|soft.boots~depot:,node,32954,32091,6,
venore|soft.boots~depot:,node,32954,32082,6,
venore|soft.boots~depot:,node,32962,32080,6,
venore|soft.boots~depot:,node,32964,32073,6,
venore|soft.boots~depot:,node,32973,32073,6,
venore|soft.boots~depot:,node,32981,32073,6,
venore|soft.boots~depot:,node,32982,32065,6,
venore|soft.boots~depot:,node,32982,32057,6,
venore|soft.boots~depot:,node,32987,32053,6,
venore|soft.boots~depot:,node,32999,32053,6,
venore|soft.boots~depot:,node,33011,32053,6,
venore|soft.boots~depot:,node,33019,32058,6,
venore|soft.boots~depot:,stand,33020,32059,6,
venore|soft.boots~depot:,stand,33019,32060,7,
venore|soft.boots~depot:,node,33017,32053,7,

# --- venore|south.gate~depot: (25 waypoints) ---
venore|south.gate~depot:,node,32936,32160,7,
venore|south.gate~depot:,stand,32936,32159,7,
venore|south.gate~depot:,node,32936,32152,6,
venore|south.gate~depot:,node,32936,32142,6,
venore|south.gate~depot:,node,32936,32133,6,
venore|south.gate~depot:,node,32936,32124,6,
venore|south.gate~depot:,node,32936,32114,6,
venore|south.gate~depot:,node,32936,32104,6,
venore|south.gate~depot:,node,32939,32096,6,
venore|south.gate~depot:,node,32949,32095,6,
venore|south.gate~depot:,node,32954,32091,6,
venore|south.gate~depot:,node,32954,32082,6,
venore|south.gate~depot:,node,32962,32080,6,
venore|south.gate~depot:,node,32964,32073,6,
venore|south.gate~depot:,node,32973,32073,6,
venore|south.gate~depot:,node,32981,32073,6,
venore|south.gate~depot:,node,32982,32065,6,
venore|south.gate~depot:,node,32982,32057,6,
venore|south.gate~depot:,node,32987,32053,6,
venore|south.gate~depot:,node,32999,32053,6,
venore|south.gate~depot:,node,33011,32053,6,
venore|south.gate~depot:,node,33019,32058,6,
venore|south.gate~depot:,stand,33020,32059,6,
venore|south.gate~depot:,stand,33019,32060,7,
venore|south.gate~depot:,node,33017,32053,7,

# --- venore|west.gate~depot: (29 waypoints) ---
venore|west.gate~depot:,node,32861,32126,7,
venore|west.gate~depot:,stand,32862,32126,7,
venore|west.gate~depot:,node,32870,32125,6,
venore|west.gate~depot:,node,32880,32125,6,
venore|west.gate~depot:,node,32890,32125,6,
venore|west.gate~depot:,node,32899,32125,6,
venore|west.gate~depot:,node,32908,32125,6,
venore|west.gate~depot:,node,32916,32125,6,
venore|west.gate~depot:,node,32927,32126,6,
venore|west.gate~depot:,node,32935,32124,6,
venore|west.gate~depot:,node,32936,32114,6,
venore|west.gate~depot:,node,32936,32104,6,
venore|west.gate~depot:,node,32939,32096,6,
venore|west.gate~depot:,node,32949,32095,6,
venore|west.gate~depot:,node,32954,32091,6,
venore|west.gate~depot:,node,32954,32082,6,
venore|west.gate~depot:,node,32962,32080,6,
venore|west.gate~depot:,node,32964,32073,6,
venore|west.gate~depot:,node,32973,32073,6,
venore|west.gate~depot:,node,32981,32073,6,
venore|west.gate~depot:,node,32982,32065,6,
venore|west.gate~depot:,node,32982,32057,6,
venore|west.gate~depot:,node,32987,32053,6,
venore|west.gate~depot:,node,32999,32053,6,
venore|west.gate~depot:,node,33011,32053,6,
venore|west.gate~depot:,node,33019,32058,6,
venore|west.gate~depot:,stand,33020,32059,6,
venore|west.gate~depot:,stand,33019,32060,7,
venore|west.gate~depot:,node,33017,32053,7,

# --- venore|ammo~depot: (23 waypoints) ---
venore|ammo~depot:,node,32908,32122,6,
venore|ammo~depot:,node,32916,32125,6,
venore|ammo~depot:,node,32927,32126,6,
venore|ammo~depot:,node,32935,32124,6,
venore|ammo~depot:,node,32936,32114,6,
venore|ammo~depot:,node,32936,32104,6,
venore|ammo~depot:,node,32939,32096,6,
venore|ammo~depot:,node,32949,32095,6,
venore|ammo~depot:,node,32954,32091,6,
venore|ammo~depot:,node,32954,32082,6,
venore|ammo~depot:,node,32962,32080,6,
venore|ammo~depot:,node,32964,32073,6,
venore|ammo~depot:,node,32973,32073,6,
venore|ammo~depot:,node,32981,32073,6,
venore|ammo~depot:,node,32982,32065,6,
venore|ammo~depot:,node,32982,32057,6,
venore|ammo~depot:,node,32987,32053,6,
venore|ammo~depot:,node,32999,32053,6,
venore|ammo~depot:,node,33011,32053,6,
venore|ammo~depot:,node,33019,32058,6,
venore|ammo~depot:,stand,33020,32059,6,
venore|ammo~depot:,stand,33019,32060,7,
venore|ammo~depot:,node,33017,32053,7,

# --- venore|loot.yanni~depot: (23 waypoints) ---
venore|loot.yanni~depot:,node,32908,32122,6,
venore|loot.yanni~depot:,node,32916,32125,6,
venore|loot.yanni~depot:,node,32927,32126,6,
venore|loot.yanni~depot:,node,32935,32124,6,
venore|loot.yanni~depot:,node,32936,32114,6,
venore|loot.yanni~depot:,node,32936,32104,6,
venore|loot.yanni~depot:,node,32939,32096,6,
venore|loot.yanni~depot:,node,32949,32095,6,
venore|loot.yanni~depot:,node,32954,32091,6,
venore|loot.yanni~depot:,node,32954,32082,6,
venore|loot.yanni~depot:,node,32962,32080,6,
venore|loot.yanni~depot:,node,32964,32073,6,
venore|loot.yanni~depot:,node,32973,32073,6,
venore|loot.yanni~depot:,node,32981,32073,6,
venore|loot.yanni~depot:,node,32982,32065,6,
venore|loot.yanni~depot:,node,32982,32057,6,
venore|loot.yanni~depot:,node,32987,32053,6,
venore|loot.yanni~depot:,node,32999,32053,6,
venore|loot.yanni~depot:,node,33011,32053,6,
venore|loot.yanni~depot:,node,33019,32058,6,
venore|loot.yanni~depot:,stand,33020,32059,6,
venore|loot.yanni~depot:,stand,33019,32060,7,
venore|loot.yanni~depot:,node,33017,32053,7,

# --- venore|loot.romella~depot: (23 waypoints) ---
venore|loot.romella~depot:,node,32908,32122,6,
venore|loot.romella~depot:,node,32916,32125,6,
venore|loot.romella~depot:,node,32927,32126,6,
venore|loot.romella~depot:,node,32935,32124,6,
venore|loot.romella~depot:,node,32936,32114,6,
venore|loot.romella~depot:,node,32936,32104,6,
venore|loot.romella~depot:,node,32939,32096,6,
venore|loot.romella~depot:,node,32949,32095,6,
venore|loot.romella~depot:,node,32954,32091,6,
venore|loot.romella~depot:,node,32954,32082,6,
venore|loot.romella~depot:,node,32962,32080,6,
venore|loot.romella~depot:,node,32964,32073,6,
venore|loot.romella~depot:,node,32973,32073,6,
venore|loot.romella~depot:,node,32981,32073,6,
venore|loot.romella~depot:,node,32982,32065,6,
venore|loot.romella~depot:,node,32982,32057,6,
venore|loot.romella~depot:,node,32987,32053,6,
venore|loot.romella~depot:,node,32999,32053,6,
venore|loot.romella~depot:,node,33011,32053,6,
venore|loot.romella~depot:,node,33019,32058,6,
venore|loot.romella~depot:,stand,33020,32059,6,
venore|loot.romella~depot:,stand,33019,32060,7,
venore|loot.romella~depot:,node,33017,32053,7,

# --- venore|trainers~depot: (20 waypoints) ---
venore|trainers~depot:,node,32934,32078,11,
venore|trainers~depot:,ladder,32932,32077,11,
venore|trainers~depot:,ladder,32933,32077,10,
venore|trainers~depot:,stand,32932,32079,9,
venore|trainers~depot:,stand,32931,32077,8,
venore|trainers~depot:,node,32935,32075,7,
venore|trainers~depot:,stand,32935,32075,7,
venore|trainers~depot:,node,32938,32070,6,
venore|trainers~depot:,node,32950,32070,6,
venore|trainers~depot:,node,32954,32062,6,
venore|trainers~depot:,node,32959,32053,6,
venore|trainers~depot:,node,32970,32053,6,
venore|trainers~depot:,node,32981,32053,6,
venore|trainers~depot:,node,32992,32053,6,
venore|trainers~depot:,node,33003,32053,6,
venore|trainers~depot:,node,33012,32053,6,
venore|trainers~depot:,node,33019,32059,6,
venore|trainers~depot:,stand,33020,32059,6,
venore|trainers~depot:,stand,33019,32060,7,
venore|trainers~depot:,node,33017,32053,7,

# --- depot|venore|1: (1 waypoints) ---
depot|venore|1:,node,33017,32053,7,

# --- depot|venore|2: (1 waypoints) ---
depot|venore|2:,node,33018,32049,7,

# --- venore|ammo~ammo: (2 waypoints) ---
venore|ammo~ammo:,node,32906,32118,6,
venore|ammo~ammo:,stand,32906,32118,6,

# --- venore|east.gate~ammo: (1 waypoints) ---
venore|east.gate~ammo:,node,33004,32100,7,

# --- venore|trainers~ammo: (19 waypoints) ---
venore|trainers~ammo:,node,32934,32078,11,
venore|trainers~ammo:,ladder,32932,32077,11,
venore|trainers~ammo:,ladder,32933,32077,10,
venore|trainers~ammo:,stand,32932,32079,9,
venore|trainers~ammo:,stand,32931,32077,8,
venore|trainers~ammo:,node,32935,32075,7,
venore|trainers~ammo:,stand,32935,32075,7,
venore|trainers~ammo:,stand,32936,32074,6,
venore|trainers~ammo:,node,32936,32082,6,
venore|trainers~ammo:,node,32935,32089,6,
venore|trainers~ammo:,node,32932,32095,6,
venore|trainers~ammo:,node,32923,32096,6,
venore|trainers~ammo:,node,32920,32104,6,
venore|trainers~ammo:,node,32920,32111,6,
venore|trainers~ammo:,node,32920,32118,6,
venore|trainers~ammo:,node,32918,32125,6,
venore|trainers~ammo:,node,32910,32125,6,
venore|trainers~ammo:,node,32906,32118,6,
venore|trainers~ammo:,stand,32906,32118,6,

# --- venore|food~ammo: (20 waypoints) ---
venore|food~ammo:,node,32976,32044,6,
venore|food~ammo:,node,32974,32051,6,
venore|food~ammo:,node,32966,32053,6,
venore|food~ammo:,node,32958,32053,6,
venore|food~ammo:,node,32954,32057,6,
venore|food~ammo:,node,32954,32065,6,
venore|food~ammo:,node,32954,32072,6,
venore|food~ammo:,node,32954,32082,6,
venore|food~ammo:,node,32953,32091,6,
venore|food~ammo:,node,32949,32095,6,
venore|food~ammo:,node,32941,32095,6,
venore|food~ammo:,node,32932,32095,6,
venore|food~ammo:,node,32923,32096,6,
venore|food~ammo:,node,32920,32104,6,
venore|food~ammo:,node,32920,32111,6,
venore|food~ammo:,node,32920,32118,6,
venore|food~ammo:,node,32918,32125,6,
venore|food~ammo:,node,32910,32125,6,
venore|food~ammo:,node,32906,32118,6,
venore|food~ammo:,stand,32906,32118,6,

# --- venore|temple~ammo: (15 waypoints) ---
venore|temple~ammo:,node,32954,32077,7,
venore|temple~ammo:,stand,32953,32077,7,
venore|temple~ammo:,node,32954,32082,6,
venore|temple~ammo:,node,32953,32091,6,
venore|temple~ammo:,node,32949,32095,6,
venore|temple~ammo:,node,32941,32095,6,
venore|temple~ammo:,node,32932,32095,6,
venore|temple~ammo:,node,32923,32096,6,
venore|temple~ammo:,node,32920,32104,6,
venore|temple~ammo:,node,32920,32111,6,
venore|temple~ammo:,node,32920,32118,6,
venore|temple~ammo:,node,32918,32125,6,
venore|temple~ammo:,node,32910,32125,6,
venore|temple~ammo:,node,32906,32118,6,
venore|temple~ammo:,stand,32906,32118,6,

# --- venore|north.gate~ammo: (17 waypoints) ---
venore|north.gate~ammo:,node,32866,32032,7,
venore|north.gate~ammo:,stand,32867,32032,7,
venore|north.gate~ammo:,node,32875,32031,6,
venore|north.gate~ammo:,node,32885,32031,6,
venore|north.gate~ammo:,node,32896,32032,6,
venore|north.gate~ammo:,node,32897,32041,6,
venore|north.gate~ammo:,node,32897,32051,6,
venore|north.gate~ammo:,node,32897,32061,6,
venore|north.gate~ammo:,node,32897,32071,6,
venore|north.gate~ammo:,node,32897,32081,6,
venore|north.gate~ammo:,node,32897,32090,6,
venore|north.gate~ammo:,node,32897,32099,6,
venore|north.gate~ammo:,node,32897,32109,6,
venore|north.gate~ammo:,node,32898,32119,6,
venore|north.gate~ammo:,node,32904,32125,6,
venore|north.gate~ammo:,node,32906,32118,6,
venore|north.gate~ammo:,stand,32906,32118,6,

# --- venore|west.gate~ammo: (9 waypoints) ---
venore|west.gate~ammo:,node,32861,32126,7,
venore|west.gate~ammo:,stand,32862,32126,7,
venore|west.gate~ammo:,node,32871,32125,6,
venore|west.gate~ammo:,node,32879,32125,6,
venore|west.gate~ammo:,node,32888,32125,6,
venore|west.gate~ammo:,node,32897,32125,6,
venore|west.gate~ammo:,node,32904,32125,6,
venore|west.gate~ammo:,node,32906,32118,6,
venore|west.gate~ammo:,stand,32906,32118,6,

# --- venore|south.gate~ammo: (11 waypoints) ---
venore|south.gate~ammo:,node,32936,32160,7,
venore|south.gate~ammo:,stand,32936,32159,7,
venore|south.gate~ammo:,node,32936,32151,6,
venore|south.gate~ammo:,node,32936,32140,6,
venore|south.gate~ammo:,node,32935,32130,6,
venore|south.gate~ammo:,node,32930,32126,6,
venore|south.gate~ammo:,node,32924,32126,6,
venore|south.gate~ammo:,node,32918,32125,6,
venore|south.gate~ammo:,node,32910,32125,6,
venore|south.gate~ammo:,node,32906,32118,6,
venore|south.gate~ammo:,stand,32906,32118,6,

# --- venore|soft.boots~ammo: (11 waypoints) ---
venore|soft.boots~ammo:,node,32948,32100,6,
venore|soft.boots~ammo:,node,32941,32095,6,
venore|soft.boots~ammo:,node,32932,32095,6,
venore|soft.boots~ammo:,node,32923,32096,6,
venore|soft.boots~ammo:,node,32920,32104,6,
venore|soft.boots~ammo:,node,32920,32111,6,
venore|soft.boots~ammo:,node,32920,32118,6,
venore|soft.boots~ammo:,node,32918,32125,6,
venore|soft.boots~ammo:,node,32910,32125,6,
venore|soft.boots~ammo:,node,32906,32118,6,
venore|soft.boots~ammo:,stand,32906,32118,6,

# --- venore|potions~ammo: (17 waypoints) ---
venore|potions~ammo:,node,32975,32079,6,
venore|potions~ammo:,node,32973,32073,6,
venore|potions~ammo:,node,32963,32073,6,
venore|potions~ammo:,node,32962,32080,6,
venore|potions~ammo:,node,32954,32082,6,
venore|potions~ammo:,node,32953,32091,6,
venore|potions~ammo:,node,32949,32095,6,
venore|potions~ammo:,node,32941,32095,6,
venore|potions~ammo:,node,32932,32095,6,
venore|potions~ammo:,node,32923,32096,6,
venore|potions~ammo:,node,32920,32104,6,
venore|potions~ammo:,node,32920,32111,6,
venore|potions~ammo:,node,32920,32118,6,
venore|potions~ammo:,node,32918,32125,6,
venore|potions~ammo:,node,32910,32125,6,
venore|potions~ammo:,node,32906,32118,6,
venore|potions~ammo:,stand,32906,32118,6,

# --- venore|runes~ammo: (17 waypoints) ---
venore|runes~ammo:,node,32975,32079,6,
venore|runes~ammo:,node,32973,32073,6,
venore|runes~ammo:,node,32963,32073,6,
venore|runes~ammo:,node,32962,32080,6,
venore|runes~ammo:,node,32954,32082,6,
venore|runes~ammo:,node,32953,32091,6,
venore|runes~ammo:,node,32949,32095,6,
venore|runes~ammo:,node,32941,32095,6,
venore|runes~ammo:,node,32932,32095,6,
venore|runes~ammo:,node,32923,32096,6,
venore|runes~ammo:,node,32920,32104,6,
venore|runes~ammo:,node,32920,32111,6,
venore|runes~ammo:,node,32920,32118,6,
venore|runes~ammo:,node,32918,32125,6,
venore|runes~ammo:,node,32910,32125,6,
venore|runes~ammo:,node,32906,32118,6,
venore|runes~ammo:,stand,32906,32118,6,

# --- venore|depot~ammo: (27 waypoints) ---
venore|depot~ammo:,node,33019,32058,6,
venore|depot~ammo:,stand,33020,32059,6,
venore|depot~ammo:,node,33017,32057,7,
venore|depot~ammo:,stand,33020,32059,7,
venore|depot~ammo:,node,33016,32055,6,
venore|depot~ammo:,node,33007,32054,6,
venore|depot~ammo:,node,33006,32061,6,
venore|depot~ammo:,node,33006,32068,6,
venore|depot~ammo:,node,33001,32072,6,
venore|depot~ammo:,node,32992,32072,6,
venore|depot~ammo:,node,32982,32073,6,
venore|depot~ammo:,node,32973,32073,6,
venore|depot~ammo:,node,32963,32073,6,
venore|depot~ammo:,node,32962,32080,6,
venore|depot~ammo:,node,32954,32082,6,
venore|depot~ammo:,node,32953,32091,6,
venore|depot~ammo:,node,32949,32095,6,
venore|depot~ammo:,node,32941,32095,6,
venore|depot~ammo:,node,32932,32095,6,
venore|depot~ammo:,node,32923,32096,6,
venore|depot~ammo:,node,32920,32104,6,
venore|depot~ammo:,node,32920,32111,6,
venore|depot~ammo:,node,32920,32118,6,
venore|depot~ammo:,node,32918,32125,6,
venore|depot~ammo:,node,32910,32125,6,
venore|depot~ammo:,node,32906,32118,6,
venore|depot~ammo:,stand,32906,32118,6,

# --- venore|bank~ammo: (23 waypoints) ---
venore|bank~ammo:,node,33016,32055,6,
venore|bank~ammo:,node,33007,32054,6,
venore|bank~ammo:,node,33006,32061,6,
venore|bank~ammo:,node,33006,32068,6,
venore|bank~ammo:,node,33001,32072,6,
venore|bank~ammo:,node,32992,32072,6,
venore|bank~ammo:,node,32982,32073,6,
venore|bank~ammo:,node,32973,32073,6,
venore|bank~ammo:,node,32963,32073,6,
venore|bank~ammo:,node,32962,32080,6,
venore|bank~ammo:,node,32954,32082,6,
venore|bank~ammo:,node,32953,32091,6,
venore|bank~ammo:,node,32949,32095,6,
venore|bank~ammo:,node,32941,32095,6,
venore|bank~ammo:,node,32932,32095,6,
venore|bank~ammo:,node,32923,32096,6,
venore|bank~ammo:,node,32920,32104,6,
venore|bank~ammo:,node,32920,32111,6,
venore|bank~ammo:,node,32920,32118,6,
venore|bank~ammo:,node,32918,32125,6,
venore|bank~ammo:,node,32910,32125,6,
venore|bank~ammo:,node,32906,32118,6,
venore|bank~ammo:,stand,32906,32118,6,

# --- venore|loot.yanni~ammo: (2 waypoints) ---
venore|loot.yanni~ammo:,node,32906,32118,6,
venore|loot.yanni~ammo:,stand,32906,32118,6,

# --- venore|loot.romella~ammo: (2 waypoints) ---
venore|loot.romella~ammo:,node,32906,32118,6,
venore|loot.romella~ammo:,stand,32906,32118,6,

# --- venore|west.gate~west.gate: (2 waypoints) ---
venore|west.gate~west.gate:,node,32863,32126,6,
venore|west.gate~west.gate:,stand,32862,32126,6,

# --- venore|east.gate~west.gate: (1 waypoints) ---
venore|east.gate~west.gate:,node,33004,32100,7,

# --- venore|south.gate~west.gate: (12 waypoints) ---
venore|south.gate~west.gate:,node,32936,32160,7,
venore|south.gate~west.gate:,stand,32936,32159,7,
venore|south.gate~west.gate:,node,32936,32151,6,
venore|south.gate~west.gate:,node,32936,32140,6,
venore|south.gate~west.gate:,node,32935,32129,6,
venore|south.gate~west.gate:,node,32928,32126,6,
venore|south.gate~west.gate:,node,32915,32126,6,
venore|south.gate~west.gate:,node,32902,32126,6,
venore|south.gate~west.gate:,node,32889,32126,6,
venore|south.gate~west.gate:,node,32876,32126,6,
venore|south.gate~west.gate:,node,32863,32126,6,
venore|south.gate~west.gate:,stand,32862,32126,6,

# --- venore|ammo~west.gate: (6 waypoints) ---
venore|ammo~west.gate:,node,32908,32122,6,
venore|ammo~west.gate:,node,32902,32126,6,
venore|ammo~west.gate:,node,32889,32126,6,
venore|ammo~west.gate:,node,32876,32126,6,
venore|ammo~west.gate:,node,32863,32126,6,
venore|ammo~west.gate:,stand,32862,32126,6,

# --- venore|loot.yanni~west.gate: (6 waypoints) ---
venore|loot.yanni~west.gate:,node,32908,32122,6,
venore|loot.yanni~west.gate:,node,32902,32126,6,
venore|loot.yanni~west.gate:,node,32889,32126,6,
venore|loot.yanni~west.gate:,node,32876,32126,6,
venore|loot.yanni~west.gate:,node,32863,32126,6,
venore|loot.yanni~west.gate:,stand,32862,32126,6,

# --- venore|loot.romella~west.gate: (6 waypoints) ---
venore|loot.romella~west.gate:,node,32908,32122,6,
venore|loot.romella~west.gate:,node,32902,32126,6,
venore|loot.romella~west.gate:,node,32889,32126,6,
venore|loot.romella~west.gate:,node,32876,32126,6,
venore|loot.romella~west.gate:,node,32863,32126,6,
venore|loot.romella~west.gate:,stand,32862,32126,6,

# --- venore|soft.boots~west.gate: (12 waypoints) ---
venore|soft.boots~west.gate:,node,32949,32102,6,
venore|soft.boots~west.gate:,node,32943,32096,6,
venore|soft.boots~west.gate:,node,32936,32098,6,
venore|soft.boots~west.gate:,node,32935,32108,6,
venore|soft.boots~west.gate:,node,32935,32118,6,
venore|soft.boots~west.gate:,node,32928,32126,6,
venore|soft.boots~west.gate:,node,32915,32126,6,
venore|soft.boots~west.gate:,node,32902,32126,6,
venore|soft.boots~west.gate:,node,32889,32126,6,
venore|soft.boots~west.gate:,node,32876,32126,6,
venore|soft.boots~west.gate:,node,32863,32126,6,
venore|soft.boots~west.gate:,stand,32862,32126,6,

# --- venore|north.gate~west.gate: (18 waypoints) ---
venore|north.gate~west.gate:,node,32866,32032,7,
venore|north.gate~west.gate:,stand,32867,32032,7,
venore|north.gate~west.gate:,node,32877,32032,6,
venore|north.gate~west.gate:,node,32889,32032,6,
venore|north.gate~west.gate:,node,32897,32036,6,
venore|north.gate~west.gate:,node,32897,32046,6,
venore|north.gate~west.gate:,node,32897,32055,6,
venore|north.gate~west.gate:,node,32897,32064,6,
venore|north.gate~west.gate:,node,32897,32073,6,
venore|north.gate~west.gate:,node,32897,32082,6,
venore|north.gate~west.gate:,node,32897,32091,6,
venore|north.gate~west.gate:,node,32897,32100,6,
venore|north.gate~west.gate:,node,32897,32109,6,
venore|north.gate~west.gate:,node,32897,32118,6,
venore|north.gate~west.gate:,node,32889,32126,6,
venore|north.gate~west.gate:,node,32876,32126,6,
venore|north.gate~west.gate:,node,32863,32126,6,
venore|north.gate~west.gate:,stand,32862,32126,6,

# --- venore|temple~west.gate: (15 waypoints) ---
venore|temple~west.gate:,node,32954,32077,7,
venore|temple~west.gate:,stand,32953,32077,7,
venore|temple~west.gate:,node,32954,32085,6,
venore|temple~west.gate:,node,32953,32094,6,
venore|temple~west.gate:,node,32943,32096,6,
venore|temple~west.gate:,node,32936,32098,6,
venore|temple~west.gate:,node,32935,32108,6,
venore|temple~west.gate:,node,32935,32118,6,
venore|temple~west.gate:,node,32928,32126,6,
venore|temple~west.gate:,node,32915,32126,6,
venore|temple~west.gate:,node,32902,32126,6,
venore|temple~west.gate:,node,32889,32126,6,
venore|temple~west.gate:,node,32876,32126,6,
venore|temple~west.gate:,node,32863,32126,6,
venore|temple~west.gate:,stand,32862,32126,6,

# --- venore|potions~west.gate: (17 waypoints) ---
venore|potions~west.gate:,node,32976,32079,6,
venore|potions~west.gate:,node,32972,32073,6,
venore|potions~west.gate:,node,32963,32073,6,
venore|potions~west.gate:,node,32962,32080,6,
venore|potions~west.gate:,node,32954,32085,6,
venore|potions~west.gate:,node,32953,32094,6,
venore|potions~west.gate:,node,32943,32096,6,
venore|potions~west.gate:,node,32936,32098,6,
venore|potions~west.gate:,node,32935,32108,6,
venore|potions~west.gate:,node,32935,32118,6,
venore|potions~west.gate:,node,32928,32126,6,
venore|potions~west.gate:,node,32915,32126,6,
venore|potions~west.gate:,node,32902,32126,6,
venore|potions~west.gate:,node,32889,32126,6,
venore|potions~west.gate:,node,32876,32126,6,
venore|potions~west.gate:,node,32863,32126,6,
venore|potions~west.gate:,stand,32862,32126,6,

# --- venore|runes~west.gate: (17 waypoints) ---
venore|runes~west.gate:,node,32976,32079,6,
venore|runes~west.gate:,node,32972,32073,6,
venore|runes~west.gate:,node,32963,32073,6,
venore|runes~west.gate:,node,32962,32080,6,
venore|runes~west.gate:,node,32954,32085,6,
venore|runes~west.gate:,node,32953,32094,6,
venore|runes~west.gate:,node,32943,32096,6,
venore|runes~west.gate:,node,32936,32098,6,
venore|runes~west.gate:,node,32935,32108,6,
venore|runes~west.gate:,node,32935,32118,6,
venore|runes~west.gate:,node,32928,32126,6,
venore|runes~west.gate:,node,32915,32126,6,
venore|runes~west.gate:,node,32902,32126,6,
venore|runes~west.gate:,node,32889,32126,6,
venore|runes~west.gate:,node,32876,32126,6,
venore|runes~west.gate:,node,32863,32126,6,
venore|runes~west.gate:,stand,32862,32126,6,

# --- venore|depot~west.gate: (26 waypoints) ---
venore|depot~west.gate:,node,33019,32058,6,
venore|depot~west.gate:,stand,33020,32059,6,
venore|depot~west.gate:,node,33018,32057,7,
venore|depot~west.gate:,stand,33020,32059,7,
venore|depot~west.gate:,node,33015,32055,6,
venore|depot~west.gate:,node,33006,32053,6,
venore|depot~west.gate:,node,32996,32053,6,
venore|depot~west.gate:,node,32986,32053,6,
venore|depot~west.gate:,node,32982,32059,6,
venore|depot~west.gate:,node,32981,32069,6,
venore|depot~west.gate:,node,32972,32073,6,
venore|depot~west.gate:,node,32963,32073,6,
venore|depot~west.gate:,node,32962,32080,6,
venore|depot~west.gate:,node,32954,32085,6,
venore|depot~west.gate:,node,32953,32094,6,
venore|depot~west.gate:,node,32943,32096,6,
venore|depot~west.gate:,node,32936,32098,6,
venore|depot~west.gate:,node,32935,32108,6,
venore|depot~west.gate:,node,32935,32118,6,
venore|depot~west.gate:,node,32928,32126,6,
venore|depot~west.gate:,node,32915,32126,6,
venore|depot~west.gate:,node,32902,32126,6,
venore|depot~west.gate:,node,32889,32126,6,
venore|depot~west.gate:,node,32876,32126,6,
venore|depot~west.gate:,node,32863,32126,6,
venore|depot~west.gate:,stand,32862,32126,6,

# --- venore|bank~west.gate: (21 waypoints) ---
venore|bank~west.gate:,node,33006,32053,6,
venore|bank~west.gate:,node,32996,32053,6,
venore|bank~west.gate:,node,32986,32053,6,
venore|bank~west.gate:,node,32982,32059,6,
venore|bank~west.gate:,node,32981,32069,6,
venore|bank~west.gate:,node,32972,32073,6,
venore|bank~west.gate:,node,32963,32073,6,
venore|bank~west.gate:,node,32962,32080,6,
venore|bank~west.gate:,node,32954,32085,6,
venore|bank~west.gate:,node,32953,32094,6,
venore|bank~west.gate:,node,32943,32096,6,
venore|bank~west.gate:,node,32936,32098,6,
venore|bank~west.gate:,node,32935,32108,6,
venore|bank~west.gate:,node,32935,32118,6,
venore|bank~west.gate:,node,32928,32126,6,
venore|bank~west.gate:,node,32915,32126,6,
venore|bank~west.gate:,node,32902,32126,6,
venore|bank~west.gate:,node,32889,32126,6,
venore|bank~west.gate:,node,32876,32126,6,
venore|bank~west.gate:,node,32863,32126,6,
venore|bank~west.gate:,stand,32862,32126,6,

# --- venore|food~west.gate: (20 waypoints) ---
venore|food~west.gate:,node,32976,32047,6,
venore|food~west.gate:,node,32979,32053,6,
venore|food~west.gate:,node,32982,32059,6,
venore|food~west.gate:,node,32981,32069,6,
venore|food~west.gate:,node,32972,32073,6,
venore|food~west.gate:,node,32963,32073,6,
venore|food~west.gate:,node,32962,32080,6,
venore|food~west.gate:,node,32954,32085,6,
venore|food~west.gate:,node,32953,32094,6,
venore|food~west.gate:,node,32943,32096,6,
venore|food~west.gate:,node,32936,32098,6,
venore|food~west.gate:,node,32935,32108,6,
venore|food~west.gate:,node,32935,32118,6,
venore|food~west.gate:,node,32928,32126,6,
venore|food~west.gate:,node,32915,32126,6,
venore|food~west.gate:,node,32902,32126,6,
venore|food~west.gate:,node,32889,32126,6,
venore|food~west.gate:,node,32876,32126,6,
venore|food~west.gate:,node,32863,32126,6,
venore|food~west.gate:,stand,32862,32126,6,

# --- venore|boat~west.gate: (20 waypoints) ---
venore|boat~west.gate:,node,32955,32030,6,
venore|boat~west.gate:,node,32953,32043,6,
venore|boat~west.gate:,node,32953,32052,6,
venore|boat~west.gate:,node,32945,32053,6,
venore|boat~west.gate:,node,32936,32053,6,
venore|boat~west.gate:,node,32926,32053,6,
venore|boat~west.gate:,node,32918,32055,6,
venore|boat~west.gate:,node,32911,32056,6,
venore|boat~west.gate:,node,32902,32056,6,
venore|boat~west.gate:,node,32897,32064,6,
venore|boat~west.gate:,node,32897,32073,6,
venore|boat~west.gate:,node,32897,32082,6,
venore|boat~west.gate:,node,32897,32091,6,
venore|boat~west.gate:,node,32897,32100,6,
venore|boat~west.gate:,node,32897,32109,6,
venore|boat~west.gate:,node,32897,32118,6,
venore|boat~west.gate:,node,32889,32126,6,
venore|boat~west.gate:,node,32876,32126,6,
venore|boat~west.gate:,node,32863,32126,6,
venore|boat~west.gate:,stand,32862,32126,6,

# --- venore|trainers~west.gate: (19 waypoints) ---
venore|trainers~west.gate:,node,32934,32078,11,
venore|trainers~west.gate:,ladder,32932,32077,11,
venore|trainers~west.gate:,ladder,32933,32077,10,
venore|trainers~west.gate:,stand,32932,32079,9,
venore|trainers~west.gate:,stand,32931,32077,8,
venore|trainers~west.gate:,node,32935,32075,7,
venore|trainers~west.gate:,stand,32935,32075,7,
venore|trainers~west.gate:,node,32936,32082,6,
venore|trainers~west.gate:,node,32936,32090,6,
venore|trainers~west.gate:,node,32936,32098,6,
venore|trainers~west.gate:,node,32935,32108,6,
venore|trainers~west.gate:,node,32935,32118,6,
venore|trainers~west.gate:,node,32928,32126,6,
venore|trainers~west.gate:,node,32915,32126,6,
venore|trainers~west.gate:,node,32902,32126,6,
venore|trainers~west.gate:,node,32889,32126,6,
venore|trainers~west.gate:,node,32876,32126,6,
venore|trainers~west.gate:,node,32863,32126,6,
venore|trainers~west.gate:,stand,32862,32126,6,

# --- venore|south.gate~south.gate: (2 waypoints) ---
venore|south.gate~south.gate:,node,32936,32158,6,
venore|south.gate~south.gate:,stand,32936,32159,6,

# --- venore|east.gate~south.gate: (1 waypoints) ---
venore|east.gate~south.gate:,node,33004,32100,7,

# --- venore|west.gate~south.gate: (12 waypoints) ---
venore|west.gate~south.gate:,node,32861,32126,7,
venore|west.gate~south.gate:,stand,32862,32126,7,
venore|west.gate~south.gate:,node,32874,32125,6,
venore|west.gate~south.gate:,node,32885,32125,6,
venore|west.gate~south.gate:,node,32897,32125,6,
venore|west.gate~south.gate:,node,32909,32125,6,
venore|west.gate~south.gate:,node,32921,32126,6,
venore|west.gate~south.gate:,node,32932,32126,6,
venore|west.gate~south.gate:,node,32936,32136,6,
venore|west.gate~south.gate:,node,32936,32146,6,
venore|west.gate~south.gate:,node,32936,32158,6,
venore|west.gate~south.gate:,stand,32936,32159,6,

# --- venore|north.gate~south.gate: (22 waypoints) ---
venore|north.gate~south.gate:,node,32866,32032,7,
venore|north.gate~south.gate:,stand,32867,32032,7,
venore|north.gate~south.gate:,node,32879,32031,6,
venore|north.gate~south.gate:,node,32891,32032,6,
venore|north.gate~south.gate:,node,32898,32039,6,
venore|north.gate~south.gate:,node,32898,32047,6,
venore|north.gate~south.gate:,node,32898,32055,6,
venore|north.gate~south.gate:,node,32898,32063,6,
venore|north.gate~south.gate:,node,32898,32071,6,
venore|north.gate~south.gate:,node,32898,32079,6,
venore|north.gate~south.gate:,node,32898,32087,6,
venore|north.gate~south.gate:,node,32898,32095,6,
venore|north.gate~south.gate:,node,32898,32103,6,
venore|north.gate~south.gate:,node,32898,32111,6,
venore|north.gate~south.gate:,node,32898,32119,6,
venore|north.gate~south.gate:,node,32909,32125,6,
venore|north.gate~south.gate:,node,32921,32126,6,
venore|north.gate~south.gate:,node,32932,32126,6,
venore|north.gate~south.gate:,node,32936,32136,6,
venore|north.gate~south.gate:,node,32936,32146,6,
venore|north.gate~south.gate:,node,32936,32158,6,
venore|north.gate~south.gate:,stand,32936,32159,6,

# --- venore|boat~south.gate: (16 waypoints) ---
venore|boat~south.gate:,node,32955,32031,6,
venore|boat~south.gate:,node,32954,32043,6,
venore|boat~south.gate:,node,32954,32054,6,
venore|boat~south.gate:,node,32954,32063,6,
venore|boat~south.gate:,node,32954,32072,6,
venore|boat~south.gate:,node,32954,32084,6,
venore|boat~south.gate:,node,32953,32092,6,
venore|boat~south.gate:,node,32945,32096,6,
venore|boat~south.gate:,node,32936,32096,6,
venore|boat~south.gate:,node,32936,32106,6,
venore|boat~south.gate:,node,32936,32116,6,
venore|boat~south.gate:,node,32936,32126,6,
venore|boat~south.gate:,node,32936,32136,6,
venore|boat~south.gate:,node,32936,32146,6,
venore|boat~south.gate:,node,32936,32158,6,
venore|boat~south.gate:,stand,32936,32159,6,

# --- venore|loot.yanni~south.gate: (8 waypoints) ---
venore|loot.yanni~south.gate:,node,32909,32118,6,
venore|loot.yanni~south.gate:,node,32909,32125,6,
venore|loot.yanni~south.gate:,node,32921,32126,6,
venore|loot.yanni~south.gate:,node,32932,32126,6,
venore|loot.yanni~south.gate:,node,32936,32136,6,
venore|loot.yanni~south.gate:,node,32936,32146,6,
venore|loot.yanni~south.gate:,node,32936,32158,6,
venore|loot.yanni~south.gate:,stand,32936,32159,6,

# --- venore|loot.romella~south.gate: (8 waypoints) ---
venore|loot.romella~south.gate:,node,32909,32118,6,
venore|loot.romella~south.gate:,node,32909,32125,6,
venore|loot.romella~south.gate:,node,32921,32126,6,
venore|loot.romella~south.gate:,node,32932,32126,6,
venore|loot.romella~south.gate:,node,32936,32136,6,
venore|loot.romella~south.gate:,node,32936,32146,6,
venore|loot.romella~south.gate:,node,32936,32158,6,
venore|loot.romella~south.gate:,stand,32936,32159,6,

# --- venore|ammo~south.gate: (8 waypoints) ---
venore|ammo~south.gate:,node,32909,32118,6,
venore|ammo~south.gate:,node,32909,32125,6,
venore|ammo~south.gate:,node,32921,32126,6,
venore|ammo~south.gate:,node,32932,32126,6,
venore|ammo~south.gate:,node,32936,32136,6,
venore|ammo~south.gate:,node,32936,32146,6,
venore|ammo~south.gate:,node,32936,32158,6,
venore|ammo~south.gate:,stand,32936,32159,6,

# --- venore|soft.boots~south.gate: (10 waypoints) ---
venore|soft.boots~south.gate:,node,32948,32101,6,
venore|soft.boots~south.gate:,node,32945,32096,6,
venore|soft.boots~south.gate:,node,32936,32096,6,
venore|soft.boots~south.gate:,node,32936,32106,6,
venore|soft.boots~south.gate:,node,32936,32116,6,
venore|soft.boots~south.gate:,node,32936,32126,6,
venore|soft.boots~south.gate:,node,32936,32136,6,
venore|soft.boots~south.gate:,node,32936,32146,6,
venore|soft.boots~south.gate:,node,32936,32158,6,
venore|soft.boots~south.gate:,stand,32936,32159,6,

# --- venore|food~south.gate: (17 waypoints) ---
venore|food~south.gate:,node,32976,32045,6,
venore|food~south.gate:,node,32974,32052,6,
venore|food~south.gate:,node,32965,32053,6,
venore|food~south.gate:,node,32954,32054,6,
venore|food~south.gate:,node,32954,32063,6,
venore|food~south.gate:,node,32954,32072,6,
venore|food~south.gate:,node,32954,32084,6,
venore|food~south.gate:,node,32953,32092,6,
venore|food~south.gate:,node,32945,32096,6,
venore|food~south.gate:,node,32936,32096,6,
venore|food~south.gate:,node,32936,32106,6,
venore|food~south.gate:,node,32936,32116,6,
venore|food~south.gate:,node,32936,32126,6,
venore|food~south.gate:,node,32936,32136,6,
venore|food~south.gate:,node,32936,32146,6,
venore|food~south.gate:,node,32936,32158,6,
venore|food~south.gate:,stand,32936,32159,6,

# --- venore|runes~south.gate: (15 waypoints) ---
venore|runes~south.gate:,node,32975,32079,6,
venore|runes~south.gate:,node,32972,32073,6,
venore|runes~south.gate:,node,32964,32073,6,
venore|runes~south.gate:,node,32962,32080,6,
venore|runes~south.gate:,node,32954,32084,6,
venore|runes~south.gate:,node,32953,32092,6,
venore|runes~south.gate:,node,32945,32096,6,
venore|runes~south.gate:,node,32936,32096,6,
venore|runes~south.gate:,node,32936,32106,6,
venore|runes~south.gate:,node,32936,32116,6,
venore|runes~south.gate:,node,32936,32126,6,
venore|runes~south.gate:,node,32936,32136,6,
venore|runes~south.gate:,node,32936,32146,6,
venore|runes~south.gate:,node,32936,32158,6,
venore|runes~south.gate:,stand,32936,32159,6,

# --- venore|potions~south.gate: (15 waypoints) ---
venore|potions~south.gate:,node,32975,32079,6,
venore|potions~south.gate:,node,32972,32073,6,
venore|potions~south.gate:,node,32964,32073,6,
venore|potions~south.gate:,node,32962,32080,6,
venore|potions~south.gate:,node,32954,32084,6,
venore|potions~south.gate:,node,32953,32092,6,
venore|potions~south.gate:,node,32945,32096,6,
venore|potions~south.gate:,node,32936,32096,6,
venore|potions~south.gate:,node,32936,32106,6,
venore|potions~south.gate:,node,32936,32116,6,
venore|potions~south.gate:,node,32936,32126,6,
venore|potions~south.gate:,node,32936,32136,6,
venore|potions~south.gate:,node,32936,32146,6,
venore|potions~south.gate:,node,32936,32158,6,
venore|potions~south.gate:,stand,32936,32159,6,

# --- venore|depot~south.gate: (24 waypoints) ---
venore|depot~south.gate:,node,33019,32058,6,
venore|depot~south.gate:,stand,33020,32059,6,
venore|depot~south.gate:,node,33018,32057,7,
venore|depot~south.gate:,stand,33020,32059,7,
venore|depot~south.gate:,node,33015,32054,6,
venore|depot~south.gate:,node,33007,32054,6,
venore|depot~south.gate:,node,33006,32063,6,
venore|depot~south.gate:,node,33006,32070,6,
venore|depot~south.gate:,node,32995,32073,6,
venore|depot~south.gate:,node,32984,32073,6,
venore|depot~south.gate:,node,32972,32073,6,
venore|depot~south.gate:,node,32964,32073,6,
venore|depot~south.gate:,node,32962,32080,6,
venore|depot~south.gate:,node,32954,32084,6,
venore|depot~south.gate:,node,32953,32092,6,
venore|depot~south.gate:,node,32945,32096,6,
venore|depot~south.gate:,node,32936,32096,6,
venore|depot~south.gate:,node,32936,32106,6,
venore|depot~south.gate:,node,32936,32116,6,
venore|depot~south.gate:,node,32936,32126,6,
venore|depot~south.gate:,node,32936,32136,6,
venore|depot~south.gate:,node,32936,32146,6,
venore|depot~south.gate:,node,32936,32158,6,
venore|depot~south.gate:,stand,32936,32159,6,

# --- venore|bank~south.gate: (19 waypoints) ---
venore|bank~south.gate:,node,33007,32054,6,
venore|bank~south.gate:,node,33006,32063,6,
venore|bank~south.gate:,node,33006,32070,6,
venore|bank~south.gate:,node,32995,32073,6,
venore|bank~south.gate:,node,32984,32073,6,
venore|bank~south.gate:,node,32972,32073,6,
venore|bank~south.gate:,node,32964,32073,6,
venore|bank~south.gate:,node,32962,32080,6,
venore|bank~south.gate:,node,32954,32084,6,
venore|bank~south.gate:,node,32953,32092,6,
venore|bank~south.gate:,node,32945,32096,6,
venore|bank~south.gate:,node,32936,32096,6,
venore|bank~south.gate:,node,32936,32106,6,
venore|bank~south.gate:,node,32936,32116,6,
venore|bank~south.gate:,node,32936,32126,6,
venore|bank~south.gate:,node,32936,32136,6,
venore|bank~south.gate:,node,32936,32146,6,
venore|bank~south.gate:,node,32936,32158,6,
venore|bank~south.gate:,stand,32936,32159,6,

# --- venore|trainers~south.gate: (17 waypoints) ---
venore|trainers~south.gate:,node,32934,32078,11,
venore|trainers~south.gate:,ladder,32932,32077,11,
venore|trainers~south.gate:,ladder,32933,32077,10,
venore|trainers~south.gate:,stand,32932,32079,9,
venore|trainers~south.gate:,stand,32931,32077,8,
venore|trainers~south.gate:,node,32935,32075,7,
venore|trainers~south.gate:,stand,32935,32075,7,
venore|trainers~south.gate:,node,32936,32081,6,
venore|trainers~south.gate:,node,32936,32088,6,
venore|trainers~south.gate:,node,32936,32096,6,
venore|trainers~south.gate:,node,32936,32106,6,
venore|trainers~south.gate:,node,32936,32116,6,
venore|trainers~south.gate:,node,32936,32126,6,
venore|trainers~south.gate:,node,32936,32136,6,
venore|trainers~south.gate:,node,32936,32146,6,
venore|trainers~south.gate:,node,32936,32158,6,
venore|trainers~south.gate:,stand,32936,32159,6,

# --- venore|temple~south.gate: (13 waypoints) ---
venore|temple~south.gate:,node,32954,32077,7,
venore|temple~south.gate:,stand,32953,32077,7,
venore|temple~south.gate:,node,32954,32084,6,
venore|temple~south.gate:,node,32953,32092,6,
venore|temple~south.gate:,node,32945,32096,6,
venore|temple~south.gate:,node,32936,32096,6,
venore|temple~south.gate:,node,32936,32106,6,
venore|temple~south.gate:,node,32936,32116,6,
venore|temple~south.gate:,node,32936,32126,6,
venore|temple~south.gate:,node,32936,32136,6,
venore|temple~south.gate:,node,32936,32146,6,
venore|temple~south.gate:,node,32936,32158,6,
venore|temple~south.gate:,stand,32936,32159,6,

# --- venore|north.gate~north.gate: (2 waypoints) ---
venore|north.gate~north.gate:,node,32868,32032,6,
venore|north.gate~north.gate:,stand,32867,32032,6,

# --- venore|east.gate~north.gate: (1 waypoints) ---
venore|east.gate~north.gate:,node,33004,32100,7,

# --- venore|south.gate~north.gate: (19 waypoints) ---
venore|south.gate~north.gate:,node,32936,32160,7,
venore|south.gate~north.gate:,stand,32936,32159,7,
venore|south.gate~north.gate:,node,32936,32150,6,
venore|south.gate~north.gate:,node,32936,32139,6,
venore|south.gate~north.gate:,node,32935,32127,6,
venore|south.gate~north.gate:,node,32924,32126,6,
venore|south.gate~north.gate:,node,32913,32126,6,
venore|south.gate~north.gate:,node,32900,32125,6,
venore|south.gate~north.gate:,node,32897,32115,6,
venore|south.gate~north.gate:,node,32897,32102,6,
venore|south.gate~north.gate:,node,32897,32089,6,
venore|south.gate~north.gate:,node,32897,32076,6,
venore|south.gate~north.gate:,node,32897,32063,6,
venore|south.gate~north.gate:,node,32897,32050,6,
venore|south.gate~north.gate:,node,32897,32037,6,
venore|south.gate~north.gate:,node,32890,32032,6,
venore|south.gate~north.gate:,node,32879,32032,6,
venore|south.gate~north.gate:,node,32868,32032,6,
venore|south.gate~north.gate:,stand,32867,32032,6,

# --- venore|west.gate~north.gate: (16 waypoints) ---
venore|west.gate~north.gate:,node,32861,32126,7,
venore|west.gate~north.gate:,stand,32862,32126,7,
venore|west.gate~north.gate:,node,32871,32125,6,
venore|west.gate~north.gate:,node,32882,32125,6,
venore|west.gate~north.gate:,node,32894,32125,6,
venore|west.gate~north.gate:,node,32897,32115,6,
venore|west.gate~north.gate:,node,32897,32102,6,
venore|west.gate~north.gate:,node,32897,32089,6,
venore|west.gate~north.gate:,node,32897,32076,6,
venore|west.gate~north.gate:,node,32897,32063,6,
venore|west.gate~north.gate:,node,32897,32050,6,
venore|west.gate~north.gate:,node,32897,32037,6,
venore|west.gate~north.gate:,node,32890,32032,6,
venore|west.gate~north.gate:,node,32879,32032,6,
venore|west.gate~north.gate:,node,32868,32032,6,
venore|west.gate~north.gate:,stand,32867,32032,6,

# --- venore|loot.yanni~north.gate: (13 waypoints) ---
venore|loot.yanni~north.gate:,node,32908,32120,6,
venore|loot.yanni~north.gate:,node,32900,32125,6,
venore|loot.yanni~north.gate:,node,32897,32115,6,
venore|loot.yanni~north.gate:,node,32897,32102,6,
venore|loot.yanni~north.gate:,node,32897,32089,6,
venore|loot.yanni~north.gate:,node,32897,32076,6,
venore|loot.yanni~north.gate:,node,32897,32063,6,
venore|loot.yanni~north.gate:,node,32897,32050,6,
venore|loot.yanni~north.gate:,node,32897,32037,6,
venore|loot.yanni~north.gate:,node,32890,32032,6,
venore|loot.yanni~north.gate:,node,32879,32032,6,
venore|loot.yanni~north.gate:,node,32868,32032,6,
venore|loot.yanni~north.gate:,stand,32867,32032,6,

# --- venore|loot.romella~north.gate: (13 waypoints) ---
venore|loot.romella~north.gate:,node,32908,32120,6,
venore|loot.romella~north.gate:,node,32900,32125,6,
venore|loot.romella~north.gate:,node,32897,32115,6,
venore|loot.romella~north.gate:,node,32897,32102,6,
venore|loot.romella~north.gate:,node,32897,32089,6,
venore|loot.romella~north.gate:,node,32897,32076,6,
venore|loot.romella~north.gate:,node,32897,32063,6,
venore|loot.romella~north.gate:,node,32897,32050,6,
venore|loot.romella~north.gate:,node,32897,32037,6,
venore|loot.romella~north.gate:,node,32890,32032,6,
venore|loot.romella~north.gate:,node,32879,32032,6,
venore|loot.romella~north.gate:,node,32868,32032,6,
venore|loot.romella~north.gate:,stand,32867,32032,6,

# --- venore|ammo~north.gate: (13 waypoints) ---
venore|ammo~north.gate:,node,32908,32120,6,
venore|ammo~north.gate:,node,32900,32125,6,
venore|ammo~north.gate:,node,32897,32115,6,
venore|ammo~north.gate:,node,32897,32102,6,
venore|ammo~north.gate:,node,32897,32089,6,
venore|ammo~north.gate:,node,32897,32076,6,
venore|ammo~north.gate:,node,32897,32063,6,
venore|ammo~north.gate:,node,32897,32050,6,
venore|ammo~north.gate:,node,32897,32037,6,
venore|ammo~north.gate:,node,32890,32032,6,
venore|ammo~north.gate:,node,32879,32032,6,
venore|ammo~north.gate:,node,32868,32032,6,
venore|ammo~north.gate:,stand,32867,32032,6,

# --- venore|boat~north.gate: (14 waypoints) ---
venore|boat~north.gate:,node,32955,32031,6,
venore|boat~north.gate:,node,32953,32043,6,
venore|boat~north.gate:,node,32953,32052,6,
venore|boat~north.gate:,node,32943,32053,6,
venore|boat~north.gate:,node,32933,32053,6,
venore|boat~north.gate:,node,32923,32053,6,
venore|boat~north.gate:,node,32918,32047,6,
venore|boat~north.gate:,node,32918,32037,6,
venore|boat~north.gate:,node,32908,32037,6,
venore|boat~north.gate:,node,32897,32037,6,
venore|boat~north.gate:,node,32890,32032,6,
venore|boat~north.gate:,node,32879,32032,6,
venore|boat~north.gate:,node,32868,32032,6,
venore|boat~north.gate:,stand,32867,32032,6,

# --- venore|food~north.gate: (15 waypoints) ---
venore|food~north.gate:,node,32976,32045,6,
venore|food~north.gate:,node,32974,32052,6,
venore|food~north.gate:,node,32966,32053,6,
venore|food~north.gate:,node,32954,32053,6,
venore|food~north.gate:,node,32943,32053,6,
venore|food~north.gate:,node,32933,32053,6,
venore|food~north.gate:,node,32923,32053,6,
venore|food~north.gate:,node,32918,32047,6,
venore|food~north.gate:,node,32918,32037,6,
venore|food~north.gate:,node,32908,32037,6,
venore|food~north.gate:,node,32897,32037,6,
venore|food~north.gate:,node,32890,32032,6,
venore|food~north.gate:,node,32879,32032,6,
venore|food~north.gate:,node,32868,32032,6,
venore|food~north.gate:,stand,32867,32032,6,

# --- venore|depot~north.gate: (22 waypoints) ---
venore|depot~north.gate:,node,33019,32058,6,
venore|depot~north.gate:,stand,33020,32059,6,
venore|depot~north.gate:,node,33017,32057,7,
venore|depot~north.gate:,stand,33020,32059,7,
venore|depot~north.gate:,node,33015,32054,6,
venore|depot~north.gate:,node,33005,32053,6,
venore|depot~north.gate:,node,32995,32053,6,
venore|depot~north.gate:,node,32985,32053,6,
venore|depot~north.gate:,node,32975,32053,6,
venore|depot~north.gate:,node,32966,32053,6,
venore|depot~north.gate:,node,32954,32053,6,
venore|depot~north.gate:,node,32943,32053,6,
venore|depot~north.gate:,node,32933,32053,6,
venore|depot~north.gate:,node,32923,32053,6,
venore|depot~north.gate:,node,32918,32047,6,
venore|depot~north.gate:,node,32918,32037,6,
venore|depot~north.gate:,node,32908,32037,6,
venore|depot~north.gate:,node,32897,32037,6,
venore|depot~north.gate:,node,32890,32032,6,
venore|depot~north.gate:,node,32879,32032,6,
venore|depot~north.gate:,node,32868,32032,6,
venore|depot~north.gate:,stand,32867,32032,6,

# --- venore|bank~north.gate: (18 waypoints) ---
venore|bank~north.gate:,node,33013,32053,6,
venore|bank~north.gate:,node,33005,32053,6,
venore|bank~north.gate:,node,32995,32053,6,
venore|bank~north.gate:,node,32985,32053,6,
venore|bank~north.gate:,node,32975,32053,6,
venore|bank~north.gate:,node,32966,32053,6,
venore|bank~north.gate:,node,32954,32053,6,
venore|bank~north.gate:,node,32943,32053,6,
venore|bank~north.gate:,node,32933,32053,6,
venore|bank~north.gate:,node,32923,32053,6,
venore|bank~north.gate:,node,32918,32047,6,
venore|bank~north.gate:,node,32918,32037,6,
venore|bank~north.gate:,node,32908,32037,6,
venore|bank~north.gate:,node,32897,32037,6,
venore|bank~north.gate:,node,32890,32032,6,
venore|bank~north.gate:,node,32879,32032,6,
venore|bank~north.gate:,node,32868,32032,6,
venore|bank~north.gate:,stand,32867,32032,6,

# --- venore|potions~north.gate: (16 waypoints) ---
venore|potions~north.gate:,node,32975,32079,6,
venore|potions~north.gate:,node,32973,32073,6,
venore|potions~north.gate:,node,32962,32073,6,
venore|potions~north.gate:,node,32954,32071,6,
venore|potions~north.gate:,node,32953,32060,6,
venore|potions~north.gate:,node,32943,32053,6,
venore|potions~north.gate:,node,32933,32053,6,
venore|potions~north.gate:,node,32923,32053,6,
venore|potions~north.gate:,node,32918,32047,6,
venore|potions~north.gate:,node,32918,32037,6,
venore|potions~north.gate:,node,32908,32037,6,
venore|potions~north.gate:,node,32897,32037,6,
venore|potions~north.gate:,node,32890,32032,6,
venore|potions~north.gate:,node,32879,32032,6,
venore|potions~north.gate:,node,32868,32032,6,
venore|potions~north.gate:,stand,32867,32032,6,

# --- venore|runes~north.gate: (16 waypoints) ---
venore|runes~north.gate:,node,32975,32079,6,
venore|runes~north.gate:,node,32973,32073,6,
venore|runes~north.gate:,node,32962,32073,6,
venore|runes~north.gate:,node,32954,32071,6,
venore|runes~north.gate:,node,32953,32060,6,
venore|runes~north.gate:,node,32943,32053,6,
venore|runes~north.gate:,node,32933,32053,6,
venore|runes~north.gate:,node,32923,32053,6,
venore|runes~north.gate:,node,32918,32047,6,
venore|runes~north.gate:,node,32918,32037,6,
venore|runes~north.gate:,node,32908,32037,6,
venore|runes~north.gate:,node,32897,32037,6,
venore|runes~north.gate:,node,32890,32032,6,
venore|runes~north.gate:,node,32879,32032,6,
venore|runes~north.gate:,node,32868,32032,6,
venore|runes~north.gate:,stand,32867,32032,6,

# --- venore|temple~north.gate: (15 waypoints) ---
venore|temple~north.gate:,node,32954,32077,7,
venore|temple~north.gate:,stand,32953,32077,7,
venore|temple~north.gate:,node,32954,32071,6,
venore|temple~north.gate:,node,32953,32060,6,
venore|temple~north.gate:,node,32943,32053,6,
venore|temple~north.gate:,node,32933,32053,6,
venore|temple~north.gate:,node,32923,32053,6,
venore|temple~north.gate:,node,32918,32047,6,
venore|temple~north.gate:,node,32918,32037,6,
venore|temple~north.gate:,node,32908,32037,6,
venore|temple~north.gate:,node,32897,32037,6,
venore|temple~north.gate:,node,32890,32032,6,
venore|temple~north.gate:,node,32879,32032,6,
venore|temple~north.gate:,node,32868,32032,6,
venore|temple~north.gate:,stand,32867,32032,6,

# --- venore|soft.boots~north.gate: (15 waypoints) ---
venore|soft.boots~north.gate:,node,32948,32101,6,
venore|soft.boots~north.gate:,node,32941,32096,6,
venore|soft.boots~north.gate:,node,32929,32096,6,
venore|soft.boots~north.gate:,node,32921,32096,6,
venore|soft.boots~north.gate:,node,32909,32096,6,
venore|soft.boots~north.gate:,node,32899,32095,6,
venore|soft.boots~north.gate:,node,32897,32089,6,
venore|soft.boots~north.gate:,node,32897,32076,6,
venore|soft.boots~north.gate:,node,32897,32063,6,
venore|soft.boots~north.gate:,node,32897,32050,6,
venore|soft.boots~north.gate:,node,32897,32037,6,
venore|soft.boots~north.gate:,node,32890,32032,6,
venore|soft.boots~north.gate:,node,32879,32032,6,
venore|soft.boots~north.gate:,node,32868,32032,6,
venore|soft.boots~north.gate:,stand,32867,32032,6,

# --- venore|trainers~north.gate: (18 waypoints) ---
venore|trainers~north.gate:,node,32934,32078,11,
venore|trainers~north.gate:,ladder,32932,32077,11,
venore|trainers~north.gate:,ladder,32933,32077,10,
venore|trainers~north.gate:,stand,32932,32079,9,
venore|trainers~north.gate:,stand,32931,32077,8,
venore|trainers~north.gate:,node,32935,32075,7,
venore|trainers~north.gate:,stand,32935,32075,7,
venore|trainers~north.gate:,node,32932,32068,6,
venore|trainers~north.gate:,node,32931,32058,6,
venore|trainers~north.gate:,node,32923,32053,6,
venore|trainers~north.gate:,node,32918,32047,6,
venore|trainers~north.gate:,node,32918,32037,6,
venore|trainers~north.gate:,node,32908,32037,6,
venore|trainers~north.gate:,node,32897,32037,6,
venore|trainers~north.gate:,node,32890,32032,6,
venore|trainers~north.gate:,node,32879,32032,6,
venore|trainers~north.gate:,node,32868,32032,6,
venore|trainers~north.gate:,stand,32867,32032,6,

# --- venore|food~food: (2 waypoints) ---
venore|food~food:,node,32980,32036,6,
venore|food~food:,stand,32980,32036,6,

# --- venore|east.gate~food: (1 waypoints) ---
venore|east.gate~food:,node,33004,32100,7,

# --- venore|south.gate~food: (17 waypoints) ---
venore|south.gate~food:,node,32936,32160,7,
venore|south.gate~food:,stand,32936,32159,7,
venore|south.gate~food:,node,32936,32151,6,
venore|south.gate~food:,node,32936,32140,6,
venore|south.gate~food:,node,32936,32129,6,
venore|south.gate~food:,node,32936,32118,6,
venore|south.gate~food:,node,32936,32107,6,
venore|south.gate~food:,node,32936,32096,6,
venore|south.gate~food:,node,32949,32096,6,
venore|south.gate~food:,node,32954,32085,6,
venore|south.gate~food:,node,32954,32068,6,
venore|south.gate~food:,node,32954,32055,6,
venore|south.gate~food:,node,32963,32053,6,
venore|south.gate~food:,node,32974,32051,6,
venore|south.gate~food:,node,32976,32043,6,
venore|south.gate~food:,node,32980,32036,6,
venore|south.gate~food:,stand,32980,32036,6,

# --- venore|west.gate~food: (22 waypoints) ---
venore|west.gate~food:,node,32861,32126,7,
venore|west.gate~food:,stand,32862,32126,7,
venore|west.gate~food:,node,32870,32125,6,
venore|west.gate~food:,node,32880,32125,6,
venore|west.gate~food:,node,32890,32125,6,
venore|west.gate~food:,node,32898,32119,6,
venore|west.gate~food:,node,32898,32109,6,
venore|west.gate~food:,node,32898,32099,6,
venore|west.gate~food:,node,32898,32089,6,
venore|west.gate~food:,node,32898,32079,6,
venore|west.gate~food:,node,32898,32069,6,
venore|west.gate~food:,node,32898,32059,6,
venore|west.gate~food:,node,32908,32056,6,
venore|west.gate~food:,node,32917,32055,6,
venore|west.gate~food:,node,32926,32053,6,
venore|west.gate~food:,node,32937,32053,6,
venore|west.gate~food:,node,32948,32053,6,
venore|west.gate~food:,node,32963,32053,6,
venore|west.gate~food:,node,32974,32051,6,
venore|west.gate~food:,node,32976,32043,6,
venore|west.gate~food:,node,32980,32036,6,
venore|west.gate~food:,stand,32980,32036,6,

# --- venore|north.gate~food: (15 waypoints) ---
venore|north.gate~food:,node,32866,32032,7,
venore|north.gate~food:,stand,32867,32032,7,
venore|north.gate~food:,node,32879,32031,6,
venore|north.gate~food:,node,32893,32032,6,
venore|north.gate~food:,node,32904,32037,6,
venore|north.gate~food:,node,32917,32037,6,
venore|north.gate~food:,node,32919,32046,6,
venore|north.gate~food:,node,32926,32053,6,
venore|north.gate~food:,node,32937,32053,6,
venore|north.gate~food:,node,32948,32053,6,
venore|north.gate~food:,node,32963,32053,6,
venore|north.gate~food:,node,32974,32051,6,
venore|north.gate~food:,node,32976,32043,6,
venore|north.gate~food:,node,32980,32036,6,
venore|north.gate~food:,stand,32980,32036,6,

# --- venore|boat~food: (8 waypoints) ---
venore|boat~food:,node,32955,32031,6,
venore|boat~food:,node,32954,32043,6,
venore|boat~food:,node,32955,32052,6,
venore|boat~food:,node,32963,32053,6,
venore|boat~food:,node,32974,32051,6,
venore|boat~food:,node,32976,32043,6,
venore|boat~food:,node,32980,32036,6,
venore|boat~food:,stand,32980,32036,6,

# --- venore|depot~food: (12 waypoints) ---
venore|depot~food:,node,33019,32058,6,
venore|depot~food:,stand,33020,32059,6,
venore|depot~food:,node,33018,32057,7,
venore|depot~food:,stand,33020,32059,7,
venore|depot~food:,node,33014,32055,6,
venore|depot~food:,node,33005,32053,6,
venore|depot~food:,node,32995,32053,6,
venore|depot~food:,node,32983,32052,6,
venore|depot~food:,node,32977,32051,6,
venore|depot~food:,node,32976,32043,6,
venore|depot~food:,node,32980,32036,6,
venore|depot~food:,stand,32980,32036,6,

# --- venore|bank~food: (8 waypoints) ---
venore|bank~food:,node,33014,32053,6,
venore|bank~food:,node,33005,32053,6,
venore|bank~food:,node,32995,32053,6,
venore|bank~food:,node,32983,32052,6,
venore|bank~food:,node,32977,32051,6,
venore|bank~food:,node,32976,32043,6,
venore|bank~food:,node,32980,32036,6,
venore|bank~food:,stand,32980,32036,6,

# --- venore|potions~food: (8 waypoints) ---
venore|potions~food:,node,32976,32077,6,
venore|potions~food:,node,32981,32071,6,
venore|potions~food:,node,32982,32062,6,
venore|potions~food:,node,32981,32054,6,
venore|potions~food:,node,32977,32051,6,
venore|potions~food:,node,32976,32043,6,
venore|potions~food:,node,32980,32036,6,
venore|potions~food:,stand,32980,32036,6,

# --- venore|runes~food: (8 waypoints) ---
venore|runes~food:,node,32976,32077,6,
venore|runes~food:,node,32981,32071,6,
venore|runes~food:,node,32982,32062,6,
venore|runes~food:,node,32981,32054,6,
venore|runes~food:,node,32977,32051,6,
venore|runes~food:,node,32976,32043,6,
venore|runes~food:,node,32980,32036,6,
venore|runes~food:,stand,32980,32036,6,

# --- venore|loot.yanni~food: (19 waypoints) ---
venore|loot.yanni~food:,node,32908,32122,6,
venore|loot.yanni~food:,node,32902,32125,6,
venore|loot.yanni~food:,node,32898,32119,6,
venore|loot.yanni~food:,node,32898,32109,6,
venore|loot.yanni~food:,node,32898,32099,6,
venore|loot.yanni~food:,node,32898,32089,6,
venore|loot.yanni~food:,node,32898,32079,6,
venore|loot.yanni~food:,node,32898,32069,6,
venore|loot.yanni~food:,node,32898,32059,6,
venore|loot.yanni~food:,node,32908,32056,6,
venore|loot.yanni~food:,node,32917,32055,6,
venore|loot.yanni~food:,node,32926,32053,6,
venore|loot.yanni~food:,node,32937,32053,6,
venore|loot.yanni~food:,node,32948,32053,6,
venore|loot.yanni~food:,node,32963,32053,6,
venore|loot.yanni~food:,node,32974,32051,6,
venore|loot.yanni~food:,node,32976,32043,6,
venore|loot.yanni~food:,node,32980,32036,6,
venore|loot.yanni~food:,stand,32980,32036,6,

# --- venore|loot.romella~food: (19 waypoints) ---
venore|loot.romella~food:,node,32908,32122,6,
venore|loot.romella~food:,node,32902,32125,6,
venore|loot.romella~food:,node,32898,32119,6,
venore|loot.romella~food:,node,32898,32109,6,
venore|loot.romella~food:,node,32898,32099,6,
venore|loot.romella~food:,node,32898,32089,6,
venore|loot.romella~food:,node,32898,32079,6,
venore|loot.romella~food:,node,32898,32069,6,
venore|loot.romella~food:,node,32898,32059,6,
venore|loot.romella~food:,node,32908,32056,6,
venore|loot.romella~food:,node,32917,32055,6,
venore|loot.romella~food:,node,32926,32053,6,
venore|loot.romella~food:,node,32937,32053,6,
venore|loot.romella~food:,node,32948,32053,6,
venore|loot.romella~food:,node,32963,32053,6,
venore|loot.romella~food:,node,32974,32051,6,
venore|loot.romella~food:,node,32976,32043,6,
venore|loot.romella~food:,node,32980,32036,6,
venore|loot.romella~food:,stand,32980,32036,6,

# --- venore|ammo~food: (19 waypoints) ---
venore|ammo~food:,node,32908,32122,6,
venore|ammo~food:,node,32902,32125,6,
venore|ammo~food:,node,32898,32119,6,
venore|ammo~food:,node,32898,32109,6,
venore|ammo~food:,node,32898,32099,6,
venore|ammo~food:,node,32898,32089,6,
venore|ammo~food:,node,32898,32079,6,
venore|ammo~food:,node,32898,32069,6,
venore|ammo~food:,node,32898,32059,6,
venore|ammo~food:,node,32908,32056,6,
venore|ammo~food:,node,32917,32055,6,
venore|ammo~food:,node,32926,32053,6,
venore|ammo~food:,node,32937,32053,6,
venore|ammo~food:,node,32948,32053,6,
venore|ammo~food:,node,32963,32053,6,
venore|ammo~food:,node,32974,32051,6,
venore|ammo~food:,node,32976,32043,6,
venore|ammo~food:,node,32980,32036,6,
venore|ammo~food:,stand,32980,32036,6,

# --- venore|soft.boots~food: (10 waypoints) ---
venore|soft.boots~food:,node,32949,32103,6,
venore|soft.boots~food:,node,32949,32096,6,
venore|soft.boots~food:,node,32954,32085,6,
venore|soft.boots~food:,node,32954,32068,6,
venore|soft.boots~food:,node,32954,32055,6,
venore|soft.boots~food:,node,32963,32053,6,
venore|soft.boots~food:,node,32974,32051,6,
venore|soft.boots~food:,node,32976,32043,6,
venore|soft.boots~food:,node,32980,32036,6,
venore|soft.boots~food:,stand,32980,32036,6,

# --- venore|temple~food: (9 waypoints) ---
venore|temple~food:,node,32954,32077,7,
venore|temple~food:,stand,32953,32077,7,
venore|temple~food:,node,32954,32068,6,
venore|temple~food:,node,32954,32055,6,
venore|temple~food:,node,32963,32053,6,
venore|temple~food:,node,32974,32051,6,
venore|temple~food:,node,32976,32043,6,
venore|temple~food:,node,32980,32036,6,
venore|temple~food:,stand,32980,32036,6,

# --- venore|trainers~food: (15 waypoints) ---
venore|trainers~food:,node,32934,32078,11,
venore|trainers~food:,ladder,32932,32077,11,
venore|trainers~food:,ladder,32933,32077,10,
venore|trainers~food:,stand,32932,32079,9,
venore|trainers~food:,stand,32931,32077,8,
venore|trainers~food:,node,32935,32075,7,
venore|trainers~food:,stand,32935,32075,7,
venore|trainers~food:,node,32941,32070,6,
venore|trainers~food:,node,32954,32068,6,
venore|trainers~food:,node,32954,32055,6,
venore|trainers~food:,node,32963,32053,6,
venore|trainers~food:,node,32974,32051,6,
venore|trainers~food:,node,32976,32043,6,
venore|trainers~food:,node,32980,32036,6,
venore|trainers~food:,stand,32980,32036,6,

# --- venore|trainers~trainers: (2 waypoints) ---
venore|trainers~trainers:,node,32941,32078,11,
venore|trainers~trainers:,stand,32941,32078,11,

# --- venore|east.gate~trainers: (1 waypoints) ---
venore|east.gate~trainers:,node,33004,32100,7,

# --- venore|south.gate~trainers: (17 waypoints) ---
venore|south.gate~trainers:,node,32936,32160,7,
venore|south.gate~trainers:,stand,32936,32159,7,
venore|south.gate~trainers:,node,32936,32150,6,
venore|south.gate~trainers:,node,32936,32137,6,
venore|south.gate~trainers:,node,32936,32124,6,
venore|south.gate~trainers:,node,32936,32112,6,
venore|south.gate~trainers:,node,32936,32100,6,
venore|south.gate~trainers:,node,32936,32088,6,
venore|south.gate~trainers:,node,32936,32078,6,
venore|south.gate~trainers:,stand,32935,32075,6,
venore|south.gate~trainers:,node,32931,32076,7,
venore|south.gate~trainers:,stand,32931,32077,7,
venore|south.gate~trainers:,stand,32932,32079,8,
venore|south.gate~trainers:,stand,32933,32077,9,
venore|south.gate~trainers:,stand,32932,32077,10,
venore|south.gate~trainers:,node,32941,32078,11,
venore|south.gate~trainers:,stand,32941,32078,11,

# --- venore|west.gate~trainers: (20 waypoints) ---
venore|west.gate~trainers:,node,32861,32126,7,
venore|west.gate~trainers:,stand,32862,32126,7,
venore|west.gate~trainers:,node,32873,32126,6,
venore|west.gate~trainers:,node,32885,32126,6,
venore|west.gate~trainers:,node,32897,32126,6,
venore|west.gate~trainers:,node,32898,32115,6,
venore|west.gate~trainers:,node,32898,32101,6,
venore|west.gate~trainers:,node,32898,32087,6,
venore|west.gate~trainers:,node,32898,32073,6,
venore|west.gate~trainers:,node,32909,32072,6,
venore|west.gate~trainers:,node,32917,32071,6,
venore|west.gate~trainers:,stand,32919,32071,6,
venore|west.gate~trainers:,node,32923,32075,7,
venore|west.gate~trainers:,node,32930,32077,7,
venore|west.gate~trainers:,stand,32931,32077,7,
venore|west.gate~trainers:,stand,32932,32079,8,
venore|west.gate~trainers:,stand,32933,32077,9,
venore|west.gate~trainers:,stand,32932,32077,10,
venore|west.gate~trainers:,node,32941,32078,11,
venore|west.gate~trainers:,stand,32941,32078,11,

# --- venore|north.gate~trainers: (19 waypoints) ---
venore|north.gate~trainers:,node,32866,32032,7,
venore|north.gate~trainers:,stand,32867,32032,7,
venore|north.gate~trainers:,node,32877,32031,6,
venore|north.gate~trainers:,node,32889,32032,6,
venore|north.gate~trainers:,node,32898,32037,6,
venore|north.gate~trainers:,node,32911,32037,6,
venore|north.gate~trainers:,node,32918,32042,6,
venore|north.gate~trainers:,node,32918,32051,6,
venore|north.gate~trainers:,node,32918,32060,6,
venore|north.gate~trainers:,node,32918,32069,6,
venore|north.gate~trainers:,stand,32919,32071,6,
venore|north.gate~trainers:,node,32923,32075,7,
venore|north.gate~trainers:,node,32930,32077,7,
venore|north.gate~trainers:,stand,32931,32077,7,
venore|north.gate~trainers:,stand,32932,32079,8,
venore|north.gate~trainers:,stand,32933,32077,9,
venore|north.gate~trainers:,stand,32932,32077,10,
venore|north.gate~trainers:,node,32941,32078,11,
venore|north.gate~trainers:,stand,32941,32078,11,

# --- venore|boat~trainers: (15 waypoints) ---
venore|boat~trainers:,node,32955,32031,6,
venore|boat~trainers:,node,32953,32042,6,
venore|boat~trainers:,node,32953,32051,6,
venore|boat~trainers:,node,32953,32060,6,
venore|boat~trainers:,node,32953,32069,6,
venore|boat~trainers:,node,32945,32071,6,
venore|boat~trainers:,node,32936,32071,6,
venore|boat~trainers:,stand,32935,32075,6,
venore|boat~trainers:,node,32931,32076,7,
venore|boat~trainers:,stand,32931,32077,7,
venore|boat~trainers:,stand,32932,32079,8,
venore|boat~trainers:,stand,32933,32077,9,
venore|boat~trainers:,stand,32932,32077,10,
venore|boat~trainers:,node,32941,32078,11,
venore|boat~trainers:,stand,32941,32078,11,

# --- venore|temple~trainers: (13 waypoints) ---
venore|temple~trainers:,node,32954,32077,7,
venore|temple~trainers:,stand,32953,32077,7,
venore|temple~trainers:,node,32953,32071,6,
venore|temple~trainers:,node,32945,32071,6,
venore|temple~trainers:,node,32936,32071,6,
venore|temple~trainers:,stand,32935,32075,6,
venore|temple~trainers:,node,32931,32076,7,
venore|temple~trainers:,stand,32931,32077,7,
venore|temple~trainers:,stand,32932,32079,8,
venore|temple~trainers:,stand,32933,32077,9,
venore|temple~trainers:,stand,32932,32077,10,
venore|temple~trainers:,node,32941,32078,11,
venore|temple~trainers:,stand,32941,32078,11,

# --- venore|soft.boots~trainers: (13 waypoints) ---
venore|soft.boots~trainers:,node,32949,32102,6,
venore|soft.boots~trainers:,node,32947,32096,6,
venore|soft.boots~trainers:,node,32937,32095,6,
venore|soft.boots~trainers:,node,32936,32088,6,
venore|soft.boots~trainers:,node,32936,32078,6,
venore|soft.boots~trainers:,stand,32935,32075,6,
venore|soft.boots~trainers:,node,32931,32076,7,
venore|soft.boots~trainers:,stand,32931,32077,7,
venore|soft.boots~trainers:,stand,32932,32079,8,
venore|soft.boots~trainers:,stand,32933,32077,9,
venore|soft.boots~trainers:,stand,32932,32077,10,
venore|soft.boots~trainers:,node,32941,32078,11,
venore|soft.boots~trainers:,stand,32941,32078,11,

# --- venore|Ammo~trainers: (17 waypoints) ---
venore|Ammo~trainers:,node,32909,32122,6,
venore|Ammo~trainers:,node,32901,32125,6,
venore|Ammo~trainers:,node,32898,32115,6,
venore|Ammo~trainers:,node,32898,32101,6,
venore|Ammo~trainers:,node,32898,32087,6,
venore|Ammo~trainers:,node,32898,32073,6,
venore|Ammo~trainers:,node,32909,32072,6,
venore|Ammo~trainers:,node,32917,32071,6,
venore|Ammo~trainers:,stand,32919,32071,6,
venore|Ammo~trainers:,node,32923,32075,7,
venore|Ammo~trainers:,node,32930,32077,7,
venore|Ammo~trainers:,stand,32931,32077,7,
venore|Ammo~trainers:,stand,32932,32079,8,
venore|Ammo~trainers:,stand,32933,32077,9,
venore|Ammo~trainers:,stand,32932,32077,10,
venore|Ammo~trainers:,node,32941,32078,11,
venore|Ammo~trainers:,stand,32941,32078,11,

# --- venore|loot.yanni~trainers: (17 waypoints) ---
venore|loot.yanni~trainers:,node,32909,32122,6,
venore|loot.yanni~trainers:,node,32901,32125,6,
venore|loot.yanni~trainers:,node,32898,32115,6,
venore|loot.yanni~trainers:,node,32898,32101,6,
venore|loot.yanni~trainers:,node,32898,32087,6,
venore|loot.yanni~trainers:,node,32898,32073,6,
venore|loot.yanni~trainers:,node,32909,32072,6,
venore|loot.yanni~trainers:,node,32917,32071,6,
venore|loot.yanni~trainers:,stand,32919,32071,6,
venore|loot.yanni~trainers:,node,32923,32075,7,
venore|loot.yanni~trainers:,node,32930,32077,7,
venore|loot.yanni~trainers:,stand,32931,32077,7,
venore|loot.yanni~trainers:,stand,32932,32079,8,
venore|loot.yanni~trainers:,stand,32933,32077,9,
venore|loot.yanni~trainers:,stand,32932,32077,10,
venore|loot.yanni~trainers:,node,32941,32078,11,
venore|loot.yanni~trainers:,stand,32941,32078,11,

# --- venore|loot.romella~trainers: (17 waypoints) ---
venore|loot.romella~trainers:,node,32909,32122,6,
venore|loot.romella~trainers:,node,32901,32125,6,
venore|loot.romella~trainers:,node,32898,32115,6,
venore|loot.romella~trainers:,node,32898,32101,6,
venore|loot.romella~trainers:,node,32898,32087,6,
venore|loot.romella~trainers:,node,32898,32073,6,
venore|loot.romella~trainers:,node,32909,32072,6,
venore|loot.romella~trainers:,node,32917,32071,6,
venore|loot.romella~trainers:,stand,32919,32071,6,
venore|loot.romella~trainers:,node,32923,32075,7,
venore|loot.romella~trainers:,node,32930,32077,7,
venore|loot.romella~trainers:,stand,32931,32077,7,
venore|loot.romella~trainers:,stand,32932,32079,8,
venore|loot.romella~trainers:,stand,32933,32077,9,
venore|loot.romella~trainers:,stand,32932,32077,10,
venore|loot.romella~trainers:,node,32941,32078,11,
venore|loot.romella~trainers:,stand,32941,32078,11,

# --- venore|runes~trainers: (14 waypoints) ---
venore|runes~trainers:,node,32976,32078,6,
venore|runes~trainers:,node,32970,32073,6,
venore|runes~trainers:,node,32962,32073,6,
venore|runes~trainers:,node,32953,32071,6,
venore|runes~trainers:,node,32945,32071,6,
venore|runes~trainers:,node,32936,32071,6,
venore|runes~trainers:,stand,32935,32075,6,
venore|runes~trainers:,node,32931,32076,7,
venore|runes~trainers:,stand,32931,32077,7,
venore|runes~trainers:,stand,32932,32079,8,
venore|runes~trainers:,stand,32933,32077,9,
venore|runes~trainers:,stand,32932,32077,10,
venore|runes~trainers:,node,32941,32078,11,
venore|runes~trainers:,stand,32941,32078,11,

# --- venore|potions~trainers: (14 waypoints) ---
venore|potions~trainers:,node,32976,32078,6,
venore|potions~trainers:,node,32970,32073,6,
venore|potions~trainers:,node,32962,32073,6,
venore|potions~trainers:,node,32953,32071,6,
venore|potions~trainers:,node,32945,32071,6,
venore|potions~trainers:,node,32936,32071,6,
venore|potions~trainers:,stand,32935,32075,6,
venore|potions~trainers:,node,32931,32076,7,
venore|potions~trainers:,stand,32931,32077,7,
venore|potions~trainers:,stand,32932,32079,8,
venore|potions~trainers:,stand,32933,32077,9,
venore|potions~trainers:,stand,32932,32077,10,
venore|potions~trainers:,node,32941,32078,11,
venore|potions~trainers:,stand,32941,32078,11,

# --- venore|food~trainers: (16 waypoints) ---
venore|food~trainers:,node,32976,32044,6,
venore|food~trainers:,node,32974,32051,6,
venore|food~trainers:,node,32965,32053,6,
venore|food~trainers:,node,32956,32053,6,
venore|food~trainers:,node,32953,32060,6,
venore|food~trainers:,node,32953,32069,6,
venore|food~trainers:,node,32945,32071,6,
venore|food~trainers:,node,32936,32071,6,
venore|food~trainers:,stand,32935,32075,6,
venore|food~trainers:,node,32931,32076,7,
venore|food~trainers:,stand,32931,32077,7,
venore|food~trainers:,stand,32932,32079,8,
venore|food~trainers:,stand,32933,32077,9,
venore|food~trainers:,stand,32932,32077,10,
venore|food~trainers:,node,32941,32078,11,
venore|food~trainers:,stand,32941,32078,11,

# --- venore|depot~trainers: (23 waypoints) ---
venore|depot~trainers:,node,33019,32058,6,
venore|depot~trainers:,stand,33020,32059,6,
venore|depot~trainers:,node,33018,32057,7,
venore|depot~trainers:,stand,33020,32059,7,
venore|depot~trainers:,node,33015,32054,6,
venore|depot~trainers:,node,33005,32053,6,
venore|depot~trainers:,node,32994,32053,6,
venore|depot~trainers:,node,32983,32053,6,
venore|depot~trainers:,node,32974,32053,6,
venore|depot~trainers:,node,32965,32053,6,
venore|depot~trainers:,node,32956,32053,6,
venore|depot~trainers:,node,32953,32060,6,
venore|depot~trainers:,node,32953,32069,6,
venore|depot~trainers:,node,32945,32071,6,
venore|depot~trainers:,node,32936,32071,6,
venore|depot~trainers:,stand,32935,32075,6,
venore|depot~trainers:,node,32931,32076,7,
venore|depot~trainers:,stand,32931,32077,7,
venore|depot~trainers:,stand,32932,32079,8,
venore|depot~trainers:,stand,32933,32077,9,
venore|depot~trainers:,stand,32932,32077,10,
venore|depot~trainers:,node,32941,32078,11,
venore|depot~trainers:,stand,32941,32078,11,

# --- venore|bank~trainers: (19 waypoints) ---
venore|bank~trainers:,node,33015,32054,6,
venore|bank~trainers:,node,33005,32053,6,
venore|bank~trainers:,node,32994,32053,6,
venore|bank~trainers:,node,32983,32053,6,
venore|bank~trainers:,node,32974,32053,6,
venore|bank~trainers:,node,32965,32053,6,
venore|bank~trainers:,node,32956,32053,6,
venore|bank~trainers:,node,32953,32060,6,
venore|bank~trainers:,node,32953,32069,6,
venore|bank~trainers:,node,32945,32071,6,
venore|bank~trainers:,node,32936,32071,6,
venore|bank~trainers:,stand,32935,32075,6,
venore|bank~trainers:,node,32931,32076,7,
venore|bank~trainers:,stand,32931,32077,7,
venore|bank~trainers:,stand,32932,32079,8,
venore|bank~trainers:,stand,32933,32077,9,
venore|bank~trainers:,stand,32932,32077,10,
venore|bank~trainers:,node,32941,32078,11,
venore|bank~trainers:,stand,32941,32078,11,

# --- venore|south.gate~east.gate: (14 waypoints) ---
venore|south.gate~east.gate:,node,32936,32160,7,
venore|south.gate~east.gate:,stand,32936,32159,7,
venore|south.gate~east.gate:,node,32936,32151,6,
venore|south.gate~east.gate:,node,32936,32140,6,
venore|south.gate~east.gate:,node,32936,32128,6,
venore|south.gate~east.gate:,node,32946,32126,6,
venore|south.gate~east.gate:,node,32954,32122,6,
venore|south.gate~east.gate:,node,32962,32114,6,
venore|south.gate~east.gate:,stand,32963,32109,6,
venore|south.gate~east.gate:,ladder,32965,32110,7,
venore|south.gate~east.gate:,node,32972,32108,6,
venore|south.gate~east.gate:,node,32984,32108,6,
venore|south.gate~east.gate:,node,32996,32108,6,
venore|south.gate~east.gate:,node,32998,32096,6,

# --- venore|west.gate~east.gate: (19 waypoints) ---
venore|west.gate~east.gate:,node,32861,32126,7,
venore|west.gate~east.gate:,stand,32862,32126,7,
venore|west.gate~east.gate:,node,32868,32125,6,
venore|west.gate~east.gate:,node,32878,32125,6,
venore|west.gate~east.gate:,node,32888,32125,6,
venore|west.gate~east.gate:,node,32898,32125,6,
venore|west.gate~east.gate:,node,32908,32125,6,
venore|west.gate~east.gate:,node,32918,32125,6,
venore|west.gate~east.gate:,node,32928,32125,6,
venore|west.gate~east.gate:,node,32937,32125,6,
venore|west.gate~east.gate:,node,32946,32125,6,
venore|west.gate~east.gate:,node,32954,32122,6,
venore|west.gate~east.gate:,node,32962,32114,6,
venore|west.gate~east.gate:,stand,32963,32109,6,
venore|west.gate~east.gate:,ladder,32965,32110,7,
venore|west.gate~east.gate:,node,32972,32108,6,
venore|west.gate~east.gate:,node,32984,32108,6,
venore|west.gate~east.gate:,node,32996,32108,6,
venore|west.gate~east.gate:,node,32998,32096,6,

# --- venore|north.gate~east.gate: (22 waypoints) ---
venore|north.gate~east.gate:,node,32866,32032,7,
venore|north.gate~east.gate:,stand,32867,32032,7,
venore|north.gate~east.gate:,node,32873,32031,6,
venore|north.gate~east.gate:,node,32884,32032,6,
venore|north.gate~east.gate:,node,32894,32032,6,
venore|north.gate~east.gate:,node,32903,32037,6,
venore|north.gate~east.gate:,node,32913,32037,6,
venore|north.gate~east.gate:,node,32919,32044,6,
venore|north.gate~east.gate:,node,32919,32052,6,
venore|north.gate~east.gate:,node,32929,32052,6,
venore|north.gate~east.gate:,node,32939,32052,6,
venore|north.gate~east.gate:,node,32950,32052,6,
venore|north.gate~east.gate:,node,32963,32053,6,
venore|north.gate~east.gate:,node,32974,32053,6,
venore|north.gate~east.gate:,node,32982,32054,6,
venore|north.gate~east.gate:,node,32982,32062,6,
venore|north.gate~east.gate:,node,32982,32070,6,
venore|north.gate~east.gate:,node,32990,32073,6,
venore|north.gate~east.gate:,node,32998,32075,6,
venore|north.gate~east.gate:,node,32998,32081,6,
venore|north.gate~east.gate:,node,32998,32091,6,
venore|north.gate~east.gate:,node,32998,32096,6,

# --- venore|loot.yanni~east.gate: (14 waypoints) ---
venore|loot.yanni~east.gate:,node,32908,32119,6,
venore|loot.yanni~east.gate:,node,32908,32125,6,
venore|loot.yanni~east.gate:,node,32918,32125,6,
venore|loot.yanni~east.gate:,node,32928,32125,6,
venore|loot.yanni~east.gate:,node,32937,32125,6,
venore|loot.yanni~east.gate:,node,32946,32125,6,
venore|loot.yanni~east.gate:,node,32954,32122,6,
venore|loot.yanni~east.gate:,node,32962,32114,6,
venore|loot.yanni~east.gate:,stand,32963,32109,6,
venore|loot.yanni~east.gate:,ladder,32965,32110,7,
venore|loot.yanni~east.gate:,node,32972,32108,6,
venore|loot.yanni~east.gate:,node,32984,32108,6,
venore|loot.yanni~east.gate:,node,32996,32108,6,
venore|loot.yanni~east.gate:,node,32998,32096,6,

# --- venore|loot.romella~east.gate: (14 waypoints) ---
venore|loot.romella~east.gate:,node,32908,32119,6,
venore|loot.romella~east.gate:,node,32908,32125,6,
venore|loot.romella~east.gate:,node,32918,32125,6,
venore|loot.romella~east.gate:,node,32928,32125,6,
venore|loot.romella~east.gate:,node,32937,32125,6,
venore|loot.romella~east.gate:,node,32946,32125,6,
venore|loot.romella~east.gate:,node,32954,32122,6,
venore|loot.romella~east.gate:,node,32962,32114,6,
venore|loot.romella~east.gate:,stand,32963,32109,6,
venore|loot.romella~east.gate:,ladder,32965,32110,7,
venore|loot.romella~east.gate:,node,32972,32108,6,
venore|loot.romella~east.gate:,node,32984,32108,6,
venore|loot.romella~east.gate:,node,32996,32108,6,
venore|loot.romella~east.gate:,node,32998,32096,6,

# --- venore|ammo~east.gate: (14 waypoints) ---
venore|ammo~east.gate:,node,32908,32119,6,
venore|ammo~east.gate:,node,32908,32125,6,
venore|ammo~east.gate:,node,32918,32125,6,
venore|ammo~east.gate:,node,32928,32125,6,
venore|ammo~east.gate:,node,32937,32125,6,
venore|ammo~east.gate:,node,32946,32125,6,
venore|ammo~east.gate:,node,32954,32122,6,
venore|ammo~east.gate:,node,32962,32114,6,
venore|ammo~east.gate:,stand,32963,32109,6,
venore|ammo~east.gate:,ladder,32965,32110,7,
venore|ammo~east.gate:,node,32972,32108,6,
venore|ammo~east.gate:,node,32984,32108,6,
venore|ammo~east.gate:,node,32996,32108,6,
venore|ammo~east.gate:,node,32998,32096,6,

# --- venore|soft.boots~east.gate: (9 waypoints) ---
venore|soft.boots~east.gate:,node,32949,32101,6,
venore|soft.boots~east.gate:,node,32954,32096,6,
venore|soft.boots~east.gate:,node,32962,32096,6,
venore|soft.boots~east.gate:,node,32963,32105,6,
venore|soft.boots~east.gate:,ladder,32965,32110,7,
venore|soft.boots~east.gate:,node,32972,32108,6,
venore|soft.boots~east.gate:,node,32984,32108,6,
venore|soft.boots~east.gate:,node,32996,32108,6,
venore|soft.boots~east.gate:,node,32998,32096,6,

# --- venore|temple~east.gate: (11 waypoints) ---
venore|temple~east.gate:,node,32954,32077,7,
venore|temple~east.gate:,stand,32953,32077,7,
venore|temple~east.gate:,node,32954,32085,6,
venore|temple~east.gate:,node,32954,32096,6,
venore|temple~east.gate:,node,32962,32096,6,
venore|temple~east.gate:,node,32963,32105,6,
venore|temple~east.gate:,ladder,32965,32110,7,
venore|temple~east.gate:,node,32972,32108,6,
venore|temple~east.gate:,node,32984,32108,6,
venore|temple~east.gate:,node,32996,32108,6,
venore|temple~east.gate:,node,32998,32096,6,

# --- venore|potions~east.gate: (7 waypoints) ---
venore|potions~east.gate:,node,32976,32078,6,
venore|potions~east.gate:,node,32982,32073,6,
venore|potions~east.gate:,node,32990,32073,6,
venore|potions~east.gate:,node,32998,32075,6,
venore|potions~east.gate:,node,32998,32081,6,
venore|potions~east.gate:,node,32998,32091,6,
venore|potions~east.gate:,node,32998,32096,6,

# --- venore|runes~east.gate: (7 waypoints) ---
venore|runes~east.gate:,node,32976,32078,6,
venore|runes~east.gate:,node,32982,32073,6,
venore|runes~east.gate:,node,32990,32073,6,
venore|runes~east.gate:,node,32998,32075,6,
venore|runes~east.gate:,node,32998,32081,6,
venore|runes~east.gate:,node,32998,32091,6,
venore|runes~east.gate:,node,32998,32096,6,

# --- venore|depot~east.gate: (12 waypoints) ---
venore|depot~east.gate:,node,33019,32058,6,
venore|depot~east.gate:,stand,33020,32059,6,
venore|depot~east.gate:,node,33018,32057,7,
venore|depot~east.gate:,stand,33020,32059,7,
venore|depot~east.gate:,node,33016,32055,6,
venore|depot~east.gate:,node,33007,32054,6,
venore|depot~east.gate:,node,33006,32062,6,
venore|depot~east.gate:,node,33006,32070,6,
venore|depot~east.gate:,node,32998,32075,6,
venore|depot~east.gate:,node,32998,32081,6,
venore|depot~east.gate:,node,32998,32091,6,
venore|depot~east.gate:,node,32998,32096,6,

# --- venore|bank~east.gate: (8 waypoints) ---
venore|bank~east.gate:,node,33014,32054,6,
venore|bank~east.gate:,node,33007,32054,6,
venore|bank~east.gate:,node,33006,32062,6,
venore|bank~east.gate:,node,33006,32070,6,
venore|bank~east.gate:,node,32998,32075,6,
venore|bank~east.gate:,node,32998,32081,6,
venore|bank~east.gate:,node,32998,32091,6,
venore|bank~east.gate:,node,32998,32096,6,

# --- venore|food~east.gate: (10 waypoints) ---
venore|food~east.gate:,node,32977,32043,6,
venore|food~east.gate:,node,32977,32049,6,
venore|food~east.gate:,node,32982,32054,6,
venore|food~east.gate:,node,32982,32062,6,
venore|food~east.gate:,node,32982,32070,6,
venore|food~east.gate:,node,32990,32073,6,
venore|food~east.gate:,node,32998,32075,6,
venore|food~east.gate:,node,32998,32081,6,
venore|food~east.gate:,node,32998,32091,6,
venore|food~east.gate:,node,32998,32096,6,

# --- venore|boat~east.gate: (13 waypoints) ---
venore|boat~east.gate:,node,32955,32031,6,
venore|boat~east.gate:,node,32954,32040,6,
venore|boat~east.gate:,node,32954,32049,6,
venore|boat~east.gate:,node,32963,32053,6,
venore|boat~east.gate:,node,32974,32053,6,
venore|boat~east.gate:,node,32982,32054,6,
venore|boat~east.gate:,node,32982,32062,6,
venore|boat~east.gate:,node,32982,32070,6,
venore|boat~east.gate:,node,32990,32073,6,
venore|boat~east.gate:,node,32998,32075,6,
venore|boat~east.gate:,node,32998,32081,6,
venore|boat~east.gate:,node,32998,32091,6,
venore|boat~east.gate:,node,32998,32096,6,

# --- venore|trainers~east.gate: (18 waypoints) ---
venore|trainers~east.gate:,node,32934,32078,11,
venore|trainers~east.gate:,ladder,32932,32077,11,
venore|trainers~east.gate:,ladder,32933,32077,10,
venore|trainers~east.gate:,stand,32932,32079,9,
venore|trainers~east.gate:,stand,32931,32077,8,
venore|trainers~east.gate:,node,32935,32075,7,
venore|trainers~east.gate:,stand,32935,32075,7,
venore|trainers~east.gate:,node,32936,32081,6,
venore|trainers~east.gate:,node,32936,32091,6,
venore|trainers~east.gate:,node,32945,32095,6,
venore|trainers~east.gate:,node,32954,32096,6,
venore|trainers~east.gate:,node,32962,32096,6,
venore|trainers~east.gate:,node,32963,32105,6,
venore|trainers~east.gate:,ladder,32965,32110,7,
venore|trainers~east.gate:,node,32972,32108,6,
venore|trainers~east.gate:,node,32984,32108,6,
venore|trainers~east.gate:,node,32996,32108,6,
venore|trainers~east.gate:,node,32998,32096,6,

# --- venore|loot.yanni~loot.yanni: (2 waypoints) ---
venore|loot.yanni~loot.yanni:,node,32909,32113,6,
venore|loot.yanni~loot.yanni:,stand,32909,32113,6,

# --- venore|east.gate~loot.yanni: (1 waypoints) ---
venore|east.gate~loot.yanni:,node,33004,32100,7,

# --- venore|trainers~loot.yanni: (19 waypoints) ---
venore|trainers~loot.yanni:,node,32934,32078,11,
venore|trainers~loot.yanni:,ladder,32932,32077,11,
venore|trainers~loot.yanni:,ladder,32933,32077,10,
venore|trainers~loot.yanni:,stand,32932,32079,9,
venore|trainers~loot.yanni:,stand,32931,32077,8,
venore|trainers~loot.yanni:,node,32935,32075,7,
venore|trainers~loot.yanni:,stand,32935,32075,7,
venore|trainers~loot.yanni:,stand,32936,32074,6,
venore|trainers~loot.yanni:,node,32936,32082,6,
venore|trainers~loot.yanni:,node,32935,32089,6,
venore|trainers~loot.yanni:,node,32932,32095,6,
venore|trainers~loot.yanni:,node,32923,32096,6,
venore|trainers~loot.yanni:,node,32920,32104,6,
venore|trainers~loot.yanni:,node,32920,32111,6,
venore|trainers~loot.yanni:,node,32920,32118,6,
venore|trainers~loot.yanni:,node,32918,32125,6,
venore|trainers~loot.yanni:,node,32910,32125,6,
venore|trainers~loot.yanni:,node,32909,32113,6,
venore|trainers~loot.yanni:,stand,32909,32113,6,

# --- venore|food~loot.yanni: (20 waypoints) ---
venore|food~loot.yanni:,node,32976,32044,6,
venore|food~loot.yanni:,node,32974,32051,6,
venore|food~loot.yanni:,node,32966,32053,6,
venore|food~loot.yanni:,node,32958,32053,6,
venore|food~loot.yanni:,node,32954,32057,6,
venore|food~loot.yanni:,node,32954,32065,6,
venore|food~loot.yanni:,node,32954,32072,6,
venore|food~loot.yanni:,node,32954,32082,6,
venore|food~loot.yanni:,node,32953,32091,6,
venore|food~loot.yanni:,node,32949,32095,6,
venore|food~loot.yanni:,node,32941,32095,6,
venore|food~loot.yanni:,node,32932,32095,6,
venore|food~loot.yanni:,node,32923,32096,6,
venore|food~loot.yanni:,node,32920,32104,6,
venore|food~loot.yanni:,node,32920,32111,6,
venore|food~loot.yanni:,node,32920,32118,6,
venore|food~loot.yanni:,node,32918,32125,6,
venore|food~loot.yanni:,node,32910,32125,6,
venore|food~loot.yanni:,node,32909,32113,6,
venore|food~loot.yanni:,stand,32909,32113,6,

# --- venore|temple~loot.yanni: (15 waypoints) ---
venore|temple~loot.yanni:,node,32954,32077,7,
venore|temple~loot.yanni:,stand,32953,32077,7,
venore|temple~loot.yanni:,node,32954,32082,6,
venore|temple~loot.yanni:,node,32953,32091,6,
venore|temple~loot.yanni:,node,32949,32095,6,
venore|temple~loot.yanni:,node,32941,32095,6,
venore|temple~loot.yanni:,node,32932,32095,6,
venore|temple~loot.yanni:,node,32923,32096,6,
venore|temple~loot.yanni:,node,32920,32104,6,
venore|temple~loot.yanni:,node,32920,32111,6,
venore|temple~loot.yanni:,node,32920,32118,6,
venore|temple~loot.yanni:,node,32918,32125,6,
venore|temple~loot.yanni:,node,32910,32125,6,
venore|temple~loot.yanni:,node,32909,32113,6,
venore|temple~loot.yanni:,stand,32909,32113,6,

# --- venore|north.gate~loot.yanni: (17 waypoints) ---
venore|north.gate~loot.yanni:,node,32866,32032,7,
venore|north.gate~loot.yanni:,stand,32867,32032,7,
venore|north.gate~loot.yanni:,node,32875,32031,6,
venore|north.gate~loot.yanni:,node,32885,32031,6,
venore|north.gate~loot.yanni:,node,32896,32032,6,
venore|north.gate~loot.yanni:,node,32897,32041,6,
venore|north.gate~loot.yanni:,node,32897,32051,6,
venore|north.gate~loot.yanni:,node,32897,32061,6,
venore|north.gate~loot.yanni:,node,32897,32071,6,
venore|north.gate~loot.yanni:,node,32897,32081,6,
venore|north.gate~loot.yanni:,node,32897,32090,6,
venore|north.gate~loot.yanni:,node,32897,32099,6,
venore|north.gate~loot.yanni:,node,32897,32109,6,
venore|north.gate~loot.yanni:,node,32898,32119,6,
venore|north.gate~loot.yanni:,node,32904,32125,6,
venore|north.gate~loot.yanni:,node,32909,32113,6,
venore|north.gate~loot.yanni:,stand,32909,32113,6,

# --- venore|west.gate~loot.yanni: (9 waypoints) ---
venore|west.gate~loot.yanni:,node,32861,32126,7,
venore|west.gate~loot.yanni:,stand,32862,32126,7,
venore|west.gate~loot.yanni:,node,32871,32125,6,
venore|west.gate~loot.yanni:,node,32879,32125,6,
venore|west.gate~loot.yanni:,node,32888,32125,6,
venore|west.gate~loot.yanni:,node,32897,32125,6,
venore|west.gate~loot.yanni:,node,32904,32125,6,
venore|west.gate~loot.yanni:,node,32909,32113,6,
venore|west.gate~loot.yanni:,stand,32909,32113,6,

# --- venore|south.gate~loot.yanni: (11 waypoints) ---
venore|south.gate~loot.yanni:,node,32936,32160,7,
venore|south.gate~loot.yanni:,stand,32936,32159,7,
venore|south.gate~loot.yanni:,node,32936,32151,6,
venore|south.gate~loot.yanni:,node,32936,32140,6,
venore|south.gate~loot.yanni:,node,32935,32130,6,
venore|south.gate~loot.yanni:,node,32930,32126,6,
venore|south.gate~loot.yanni:,node,32924,32126,6,
venore|south.gate~loot.yanni:,node,32918,32125,6,
venore|south.gate~loot.yanni:,node,32910,32125,6,
venore|south.gate~loot.yanni:,node,32909,32113,6,
venore|south.gate~loot.yanni:,stand,32909,32113,6,

# --- venore|soft.boots~loot.yanni: (11 waypoints) ---
venore|soft.boots~loot.yanni:,node,32948,32100,6,
venore|soft.boots~loot.yanni:,node,32941,32095,6,
venore|soft.boots~loot.yanni:,node,32932,32095,6,
venore|soft.boots~loot.yanni:,node,32923,32096,6,
venore|soft.boots~loot.yanni:,node,32920,32104,6,
venore|soft.boots~loot.yanni:,node,32920,32111,6,
venore|soft.boots~loot.yanni:,node,32920,32118,6,
venore|soft.boots~loot.yanni:,node,32918,32125,6,
venore|soft.boots~loot.yanni:,node,32910,32125,6,
venore|soft.boots~loot.yanni:,node,32909,32113,6,
venore|soft.boots~loot.yanni:,stand,32909,32113,6,

# --- venore|potions~loot.yanni: (17 waypoints) ---
venore|potions~loot.yanni:,node,32975,32079,6,
venore|potions~loot.yanni:,node,32973,32073,6,
venore|potions~loot.yanni:,node,32963,32073,6,
venore|potions~loot.yanni:,node,32962,32080,6,
venore|potions~loot.yanni:,node,32954,32082,6,
venore|potions~loot.yanni:,node,32953,32091,6,
venore|potions~loot.yanni:,node,32949,32095,6,
venore|potions~loot.yanni:,node,32941,32095,6,
venore|potions~loot.yanni:,node,32932,32095,6,
venore|potions~loot.yanni:,node,32923,32096,6,
venore|potions~loot.yanni:,node,32920,32104,6,
venore|potions~loot.yanni:,node,32920,32111,6,
venore|potions~loot.yanni:,node,32920,32118,6,
venore|potions~loot.yanni:,node,32918,32125,6,
venore|potions~loot.yanni:,node,32910,32125,6,
venore|potions~loot.yanni:,node,32909,32113,6,
venore|potions~loot.yanni:,stand,32909,32113,6,

# --- venore|runes~loot.yanni: (17 waypoints) ---
venore|runes~loot.yanni:,node,32975,32079,6,
venore|runes~loot.yanni:,node,32973,32073,6,
venore|runes~loot.yanni:,node,32963,32073,6,
venore|runes~loot.yanni:,node,32962,32080,6,
venore|runes~loot.yanni:,node,32954,32082,6,
venore|runes~loot.yanni:,node,32953,32091,6,
venore|runes~loot.yanni:,node,32949,32095,6,
venore|runes~loot.yanni:,node,32941,32095,6,
venore|runes~loot.yanni:,node,32932,32095,6,
venore|runes~loot.yanni:,node,32923,32096,6,
venore|runes~loot.yanni:,node,32920,32104,6,
venore|runes~loot.yanni:,node,32920,32111,6,
venore|runes~loot.yanni:,node,32920,32118,6,
venore|runes~loot.yanni:,node,32918,32125,6,
venore|runes~loot.yanni:,node,32910,32125,6,
venore|runes~loot.yanni:,node,32909,32113,6,
venore|runes~loot.yanni:,stand,32909,32113,6,

# --- venore|depot~loot.yanni: (27 waypoints) ---
venore|depot~loot.yanni:,node,33019,32058,6,
venore|depot~loot.yanni:,stand,33020,32059,6,
venore|depot~loot.yanni:,node,33017,32057,7,
venore|depot~loot.yanni:,stand,33020,32059,7,
venore|depot~loot.yanni:,node,33016,32055,6,
venore|depot~loot.yanni:,node,33007,32054,6,
venore|depot~loot.yanni:,node,33006,32061,6,
venore|depot~loot.yanni:,node,33006,32068,6,
venore|depot~loot.yanni:,node,33001,32072,6,
venore|depot~loot.yanni:,node,32992,32072,6,
venore|depot~loot.yanni:,node,32982,32073,6,
venore|depot~loot.yanni:,node,32973,32073,6,
venore|depot~loot.yanni:,node,32963,32073,6,
venore|depot~loot.yanni:,node,32962,32080,6,
venore|depot~loot.yanni:,node,32954,32082,6,
venore|depot~loot.yanni:,node,32953,32091,6,
venore|depot~loot.yanni:,node,32949,32095,6,
venore|depot~loot.yanni:,node,32941,32095,6,
venore|depot~loot.yanni:,node,32932,32095,6,
venore|depot~loot.yanni:,node,32923,32096,6,
venore|depot~loot.yanni:,node,32920,32104,6,
venore|depot~loot.yanni:,node,32920,32111,6,
venore|depot~loot.yanni:,node,32920,32118,6,
venore|depot~loot.yanni:,node,32918,32125,6,
venore|depot~loot.yanni:,node,32910,32125,6,
venore|depot~loot.yanni:,node,32909,32113,6,
venore|depot~loot.yanni:,stand,32909,32113,6,

# --- venore|bank~loot.yanni: (23 waypoints) ---
venore|bank~loot.yanni:,node,33016,32055,6,
venore|bank~loot.yanni:,node,33007,32054,6,
venore|bank~loot.yanni:,node,33006,32061,6,
venore|bank~loot.yanni:,node,33006,32068,6,
venore|bank~loot.yanni:,node,33001,32072,6,
venore|bank~loot.yanni:,node,32992,32072,6,
venore|bank~loot.yanni:,node,32982,32073,6,
venore|bank~loot.yanni:,node,32973,32073,6,
venore|bank~loot.yanni:,node,32963,32073,6,
venore|bank~loot.yanni:,node,32962,32080,6,
venore|bank~loot.yanni:,node,32954,32082,6,
venore|bank~loot.yanni:,node,32953,32091,6,
venore|bank~loot.yanni:,node,32949,32095,6,
venore|bank~loot.yanni:,node,32941,32095,6,
venore|bank~loot.yanni:,node,32932,32095,6,
venore|bank~loot.yanni:,node,32923,32096,6,
venore|bank~loot.yanni:,node,32920,32104,6,
venore|bank~loot.yanni:,node,32920,32111,6,
venore|bank~loot.yanni:,node,32920,32118,6,
venore|bank~loot.yanni:,node,32918,32125,6,
venore|bank~loot.yanni:,node,32910,32125,6,
venore|bank~loot.yanni:,node,32909,32113,6,
venore|bank~loot.yanni:,stand,32909,32113,6,

# --- venore|ammo~loot.yanni: (2 waypoints) ---
venore|ammo~loot.yanni:,node,32909,32113,6,
venore|ammo~loot.yanni:,stand,32909,32113,6,

# --- venore|loot.romella~loot.yanni: (2 waypoints) ---
venore|loot.romella~loot.yanni:,node,32909,32113,6,
venore|loot.romella~loot.yanni:,stand,32909,32113,6,

# --- venore|loot.romella~loot.romella: (2 waypoints) ---
venore|loot.romella~loot.romella:,node,32913,32115,6,
venore|loot.romella~loot.romella:,stand,32913,32115,6,

# --- venore|east.gate~loot.romella: (1 waypoints) ---
venore|east.gate~loot.romella:,node,33004,32100,7,

# --- venore|trainers~loot.romella: (19 waypoints) ---
venore|trainers~loot.romella:,node,32934,32078,11,
venore|trainers~loot.romella:,ladder,32932,32077,11,
venore|trainers~loot.romella:,ladder,32933,32077,10,
venore|trainers~loot.romella:,stand,32932,32079,9,
venore|trainers~loot.romella:,stand,32931,32077,8,
venore|trainers~loot.romella:,node,32935,32075,7,
venore|trainers~loot.romella:,stand,32935,32075,7,
venore|trainers~loot.romella:,stand,32936,32074,6,
venore|trainers~loot.romella:,node,32936,32082,6,
venore|trainers~loot.romella:,node,32935,32089,6,
venore|trainers~loot.romella:,node,32932,32095,6,
venore|trainers~loot.romella:,node,32923,32096,6,
venore|trainers~loot.romella:,node,32920,32104,6,
venore|trainers~loot.romella:,node,32920,32111,6,
venore|trainers~loot.romella:,node,32920,32118,6,
venore|trainers~loot.romella:,node,32918,32125,6,
venore|trainers~loot.romella:,node,32910,32125,6,
venore|trainers~loot.romella:,node,32913,32115,6,
venore|trainers~loot.romella:,stand,32913,32115,6,

# --- venore|food~loot.romella: (20 waypoints) ---
venore|food~loot.romella:,node,32976,32044,6,
venore|food~loot.romella:,node,32974,32051,6,
venore|food~loot.romella:,node,32966,32053,6,
venore|food~loot.romella:,node,32958,32053,6,
venore|food~loot.romella:,node,32954,32057,6,
venore|food~loot.romella:,node,32954,32065,6,
venore|food~loot.romella:,node,32954,32072,6,
venore|food~loot.romella:,node,32954,32082,6,
venore|food~loot.romella:,node,32953,32091,6,
venore|food~loot.romella:,node,32949,32095,6,
venore|food~loot.romella:,node,32941,32095,6,
venore|food~loot.romella:,node,32932,32095,6,
venore|food~loot.romella:,node,32923,32096,6,
venore|food~loot.romella:,node,32920,32104,6,
venore|food~loot.romella:,node,32920,32111,6,
venore|food~loot.romella:,node,32920,32118,6,
venore|food~loot.romella:,node,32918,32125,6,
venore|food~loot.romella:,node,32910,32125,6,
venore|food~loot.romella:,node,32913,32115,6,
venore|food~loot.romella:,stand,32913,32115,6,

# --- venore|temple~loot.romella: (15 waypoints) ---
venore|temple~loot.romella:,node,32954,32077,7,
venore|temple~loot.romella:,stand,32953,32077,7,
venore|temple~loot.romella:,node,32954,32082,6,
venore|temple~loot.romella:,node,32953,32091,6,
venore|temple~loot.romella:,node,32949,32095,6,
venore|temple~loot.romella:,node,32941,32095,6,
venore|temple~loot.romella:,node,32932,32095,6,
venore|temple~loot.romella:,node,32923,32096,6,
venore|temple~loot.romella:,node,32920,32104,6,
venore|temple~loot.romella:,node,32920,32111,6,
venore|temple~loot.romella:,node,32920,32118,6,
venore|temple~loot.romella:,node,32918,32125,6,
venore|temple~loot.romella:,node,32910,32125,6,
venore|temple~loot.romella:,node,32913,32115,6,
venore|temple~loot.romella:,stand,32913,32115,6,

# --- venore|north.gate~loot.romella: (17 waypoints) ---
venore|north.gate~loot.romella:,node,32866,32032,7,
venore|north.gate~loot.romella:,stand,32867,32032,7,
venore|north.gate~loot.romella:,node,32875,32031,6,
venore|north.gate~loot.romella:,node,32885,32031,6,
venore|north.gate~loot.romella:,node,32896,32032,6,
venore|north.gate~loot.romella:,node,32897,32041,6,
venore|north.gate~loot.romella:,node,32897,32051,6,
venore|north.gate~loot.romella:,node,32897,32061,6,
venore|north.gate~loot.romella:,node,32897,32071,6,
venore|north.gate~loot.romella:,node,32897,32081,6,
venore|north.gate~loot.romella:,node,32897,32090,6,
venore|north.gate~loot.romella:,node,32897,32099,6,
venore|north.gate~loot.romella:,node,32897,32109,6,
venore|north.gate~loot.romella:,node,32898,32119,6,
venore|north.gate~loot.romella:,node,32904,32125,6,
venore|north.gate~loot.romella:,node,32913,32115,6,
venore|north.gate~loot.romella:,stand,32913,32115,6,

# --- venore|west.gate~loot.romella: (9 waypoints) ---
venore|west.gate~loot.romella:,node,32861,32126,7,
venore|west.gate~loot.romella:,stand,32862,32126,7,
venore|west.gate~loot.romella:,node,32871,32125,6,
venore|west.gate~loot.romella:,node,32879,32125,6,
venore|west.gate~loot.romella:,node,32888,32125,6,
venore|west.gate~loot.romella:,node,32897,32125,6,
venore|west.gate~loot.romella:,node,32904,32125,6,
venore|west.gate~loot.romella:,node,32913,32115,6,
venore|west.gate~loot.romella:,stand,32913,32115,6,

# --- venore|south.gate~loot.romella: (11 waypoints) ---
venore|south.gate~loot.romella:,node,32936,32160,7,
venore|south.gate~loot.romella:,stand,32936,32159,7,
venore|south.gate~loot.romella:,node,32936,32151,6,
venore|south.gate~loot.romella:,node,32936,32140,6,
venore|south.gate~loot.romella:,node,32935,32130,6,
venore|south.gate~loot.romella:,node,32930,32126,6,
venore|south.gate~loot.romella:,node,32924,32126,6,
venore|south.gate~loot.romella:,node,32918,32125,6,
venore|south.gate~loot.romella:,node,32910,32125,6,
venore|south.gate~loot.romella:,node,32913,32115,6,
venore|south.gate~loot.romella:,stand,32913,32115,6,

# --- venore|soft.boots~loot.romella: (11 waypoints) ---
venore|soft.boots~loot.romella:,node,32948,32100,6,
venore|soft.boots~loot.romella:,node,32941,32095,6,
venore|soft.boots~loot.romella:,node,32932,32095,6,
venore|soft.boots~loot.romella:,node,32923,32096,6,
venore|soft.boots~loot.romella:,node,32920,32104,6,
venore|soft.boots~loot.romella:,node,32920,32111,6,
venore|soft.boots~loot.romella:,node,32920,32118,6,
venore|soft.boots~loot.romella:,node,32918,32125,6,
venore|soft.boots~loot.romella:,node,32910,32125,6,
venore|soft.boots~loot.romella:,node,32913,32115,6,
venore|soft.boots~loot.romella:,stand,32913,32115,6,

# --- venore|potions~loot.romella: (17 waypoints) ---
venore|potions~loot.romella:,node,32975,32079,6,
venore|potions~loot.romella:,node,32973,32073,6,
venore|potions~loot.romella:,node,32963,32073,6,
venore|potions~loot.romella:,node,32962,32080,6,
venore|potions~loot.romella:,node,32954,32082,6,
venore|potions~loot.romella:,node,32953,32091,6,
venore|potions~loot.romella:,node,32949,32095,6,
venore|potions~loot.romella:,node,32941,32095,6,
venore|potions~loot.romella:,node,32932,32095,6,
venore|potions~loot.romella:,node,32923,32096,6,
venore|potions~loot.romella:,node,32920,32104,6,
venore|potions~loot.romella:,node,32920,32111,6,
venore|potions~loot.romella:,node,32920,32118,6,
venore|potions~loot.romella:,node,32918,32125,6,
venore|potions~loot.romella:,node,32910,32125,6,
venore|potions~loot.romella:,node,32913,32115,6,
venore|potions~loot.romella:,stand,32913,32115,6,

# --- venore|runes~loot.romella: (17 waypoints) ---
venore|runes~loot.romella:,node,32975,32079,6,
venore|runes~loot.romella:,node,32973,32073,6,
venore|runes~loot.romella:,node,32963,32073,6,
venore|runes~loot.romella:,node,32962,32080,6,
venore|runes~loot.romella:,node,32954,32082,6,
venore|runes~loot.romella:,node,32953,32091,6,
venore|runes~loot.romella:,node,32949,32095,6,
venore|runes~loot.romella:,node,32941,32095,6,
venore|runes~loot.romella:,node,32932,32095,6,
venore|runes~loot.romella:,node,32923,32096,6,
venore|runes~loot.romella:,node,32920,32104,6,
venore|runes~loot.romella:,node,32920,32111,6,
venore|runes~loot.romella:,node,32920,32118,6,
venore|runes~loot.romella:,node,32918,32125,6,
venore|runes~loot.romella:,node,32910,32125,6,
venore|runes~loot.romella:,node,32913,32115,6,
venore|runes~loot.romella:,stand,32913,32115,6,

# --- venore|depot~loot.romella: (27 waypoints) ---
venore|depot~loot.romella:,node,33019,32058,6,
venore|depot~loot.romella:,stand,33020,32059,6,
venore|depot~loot.romella:,node,33017,32057,7,
venore|depot~loot.romella:,stand,33020,32059,7,
venore|depot~loot.romella:,node,33016,32055,6,
venore|depot~loot.romella:,node,33007,32054,6,
venore|depot~loot.romella:,node,33006,32061,6,
venore|depot~loot.romella:,node,33006,32068,6,
venore|depot~loot.romella:,node,33001,32072,6,
venore|depot~loot.romella:,node,32992,32072,6,
venore|depot~loot.romella:,node,32982,32073,6,
venore|depot~loot.romella:,node,32973,32073,6,
venore|depot~loot.romella:,node,32963,32073,6,
venore|depot~loot.romella:,node,32962,32080,6,
venore|depot~loot.romella:,node,32954,32082,6,
venore|depot~loot.romella:,node,32953,32091,6,
venore|depot~loot.romella:,node,32949,32095,6,
venore|depot~loot.romella:,node,32941,32095,6,
venore|depot~loot.romella:,node,32932,32095,6,
venore|depot~loot.romella:,node,32923,32096,6,
venore|depot~loot.romella:,node,32920,32104,6,
venore|depot~loot.romella:,node,32920,32111,6,
venore|depot~loot.romella:,node,32920,32118,6,
venore|depot~loot.romella:,node,32918,32125,6,
venore|depot~loot.romella:,node,32910,32125,6,
venore|depot~loot.romella:,node,32913,32115,6,
venore|depot~loot.romella:,stand,32913,32115,6,

# --- venore|bank~loot.romella: (23 waypoints) ---
venore|bank~loot.romella:,node,33016,32055,6,
venore|bank~loot.romella:,node,33007,32054,6,
venore|bank~loot.romella:,node,33006,32061,6,
venore|bank~loot.romella:,node,33006,32068,6,
venore|bank~loot.romella:,node,33001,32072,6,
venore|bank~loot.romella:,node,32992,32072,6,
venore|bank~loot.romella:,node,32982,32073,6,
venore|bank~loot.romella:,node,32973,32073,6,
venore|bank~loot.romella:,node,32963,32073,6,
venore|bank~loot.romella:,node,32962,32080,6,
venore|bank~loot.romella:,node,32954,32082,6,
venore|bank~loot.romella:,node,32953,32091,6,
venore|bank~loot.romella:,node,32949,32095,6,
venore|bank~loot.romella:,node,32941,32095,6,
venore|bank~loot.romella:,node,32932,32095,6,
venore|bank~loot.romella:,node,32923,32096,6,
venore|bank~loot.romella:,node,32920,32104,6,
venore|bank~loot.romella:,node,32920,32111,6,
venore|bank~loot.romella:,node,32920,32118,6,
venore|bank~loot.romella:,node,32918,32125,6,
venore|bank~loot.romella:,node,32910,32125,6,
venore|bank~loot.romella:,node,32913,32115,6,
venore|bank~loot.romella:,stand,32913,32115,6,

# --- venore|ammo~loot.romella: (2 waypoints) ---
venore|ammo~loot.romella:,node,32913,32115,6,
venore|ammo~loot.romella:,stand,32913,32115,6,

# --- venore|loot.yanni~loot.romella: (2 waypoints) ---
venore|loot.yanni~loot.romella:,node,32913,32115,6,
venore|loot.yanni~loot.romella:,stand,32913,32115,6,

# --- venore|depot.2~boat: (16 waypoints) ---
venore|depot.2~boat:,node,32921,32075,7,
venore|depot.2~boat:,node,32921,32075,7,
venore|depot.2~boat:,stand,32919,32071,7,
venore|depot.2~boat:,node,32925,32070,6,
venore|depot.2~boat:,node,32931,32071,6,
venore|depot.2~boat:,node,32931,32065,6,
venore|depot.2~boat:,node,32931,32059,6,
venore|depot.2~boat:,node,32932,32053,6,
venore|depot.2~boat:,node,32938,32053,6,
venore|depot.2~boat:,node,32944,32053,6,
venore|depot.2~boat:,node,32950,32053,6,
venore|depot.2~boat:,node,32953,32047,6,
venore|depot.2~boat:,node,32953,32041,6,
venore|depot.2~boat:,node,32953,32035,6,
venore|depot.2~boat:,node,32956,32029,6,
venore|depot.2~boat:,node,32956,32024,6,

# --- venore|boat~depot.2: (15 waypoints) ---
venore|boat~depot.2:,node,32956,32024,6,
venore|boat~depot.2:,node,32955,32030,6,
venore|boat~depot.2:,node,32955,32036,6,
venore|boat~depot.2:,node,32953,32042,6,
venore|boat~depot.2:,node,32953,32048,6,
venore|boat~depot.2:,node,32947,32053,6,
venore|boat~depot.2:,node,32941,32053,6,
venore|boat~depot.2:,node,32935,32053,6,
venore|boat~depot.2:,node,32932,32059,6,
venore|boat~depot.2:,node,32931,32065,6,
venore|boat~depot.2:,node,32931,32071,6,
venore|boat~depot.2:,node,32925,32071,6,
venore|boat~depot.2:,node,32919,32069,6,
venore|boat~depot.2:,stand,32919,32071,6,
venore|boat~depot.2:,node,32923,32075,7,
